{
"type": "FeatureCollection",
"name": "vic_lga_2025_simplified",
"crs": { "type": "name", "properties": { "name": "urn:ogc:def:crs:OGC:1.3:CRS84" } },
"features": [
{ "type": "Feature", "properties": { "lga_code": "20110", "lga_name": "Alpine", "area_sqkm": 4788.157 }, "geometry": { "type": "Polygon", "coordinates": [ [ [ 146.67065, -36.568469 ], [ 146.6628402, -36.5725962 ], [ 146.6478426, -36.590298 ], [ 146.649385599999988, -36.6009612 ], [ 146.6447806, -36.6142107 ], [ 146.6220011, -36.6313084 ], [ 146.622957099999979, -36.639338599999988 ], [ 146.6185543, -36.6424346 ], [ 146.615526499999987, -36.6530618 ], [ 146.6226063, -36.6718842 ], [ 146.63107, -36.6787433 ], [ 146.630873, -36.6827604 ], [ 146.624526299999985, -36.6850075 ], [ 146.6183895, -36.6984217 ], [ 146.6085007, -36.7038559 ], [ 146.605376799999988, -36.710788099999981 ], [ 146.6002019, -36.7108212 ], [ 146.5664689, -36.7411099 ], [ 146.6315008, -36.8052762 ], [ 146.6425697, -36.8127982 ], [ 146.6378207, -36.8467295 ], [ 146.625718, -36.8565636 ], [ 146.6350008, -36.8682864 ], [ 146.6439136, -36.8697603 ], [ 146.6419259, -36.8818814 ], [ 146.645529, -36.8913484 ], [ 146.640111499999989, -36.910315499999989 ], [ 146.650398599999988, -36.9260434 ], [ 146.6436, -36.935147499999985 ], [ 146.653671, -36.9477854 ], [ 146.6545916, -36.9701345 ], [ 146.6723318, -36.9827614 ], [ 146.6739842, -37.113271399999988 ], [ 146.652466299999986, -37.1163662 ], [ 146.6515327, -37.120034 ], [ 146.6648607, -37.123993 ], [ 146.66891769999998, -37.130146 ], [ 146.681389699999983, -37.136965 ], [ 146.6812567, -37.142851 ], [ 146.6845547, -37.145083 ], [ 146.7175727, -37.15876 ], [ 146.73351169999998, -37.155453 ], [ 146.7441537, -37.15632 ], [ 146.74546669999998, -37.149649 ], [ 146.751474699999989, -37.147425 ], [ 146.755415699999986, -37.149983 ], [ 146.7634477, -37.146008 ], [ 146.7709807, -37.150636 ], [ 146.7878757, -37.177622 ], [ 146.8236387, -37.191919 ], [ 146.8263277, -37.203749 ], [ 147.3369906, -37.2755253 ], [ 147.3847886, -37.211579 ], [ 147.3823516, -37.208063 ], [ 147.3845226, -37.203904 ], [ 147.3687926, -37.198272 ], [ 147.3586656, -37.180573 ], [ 147.3464746, -37.17056 ], [ 147.344419599999981, -37.160628 ], [ 147.3314916, -37.153018 ], [ 147.332183599999979, -37.149662 ], [ 147.325066599999985, -37.141452 ], [ 147.3284376, -37.132912 ], [ 147.3235786, -37.125243 ], [ 147.325484599999982, -37.121719 ], [ 147.3164026, -37.113851 ], [ 147.3592186, -37.114329 ], [ 147.365050599999989, -37.101531 ], [ 147.3700656, -37.103224 ], [ 147.380520599999983, -37.0987 ], [ 147.3827813, -37.0825874 ], [ 147.3803447, -37.0586969 ], [ 147.3904636, -37.052442 ], [ 147.385888599999987, -37.047625 ], [ 147.392261599999983, -37.045557 ], [ 147.3878856, -37.041507 ], [ 147.3909506, -37.039027 ], [ 147.3874596, -37.03014 ], [ 147.3712296, -37.029968 ], [ 147.3633216, -37.034356 ], [ 147.3552316, -37.032743 ], [ 147.349989599999986, -37.036403 ], [ 147.3490386, -37.032564 ], [ 147.3135776, -37.019929 ], [ 147.3072037, -37.013261 ], [ 147.2937976, -37.006978 ], [ 147.2849086, -37.005314 ], [ 147.273272599999984, -37.009029 ], [ 147.26330059999998, -37.006692 ], [ 147.281145, -36.926420899999982 ], [ 147.288295799999986, -36.9232507 ], [ 147.292778699999985, -36.9170085 ], [ 147.2892564, -36.9051495 ], [ 147.300479, -36.8933952 ], [ 147.300069899999983, -36.8899202 ], [ 147.3070079, -36.8908031 ], [ 147.307052699999986, -36.88285 ], [ 147.3166326, -36.8848019 ], [ 147.3208275, -36.8825558 ], [ 147.3173553, -36.8740478 ], [ 147.32431, -36.8675056 ], [ 147.3376442, -36.8659457 ], [ 147.3417136, -36.861805 ], [ 147.342151, -36.850908099999984 ], [ 147.3358438, -36.844440799999987 ], [ 147.3383685, -36.8379483 ], [ 147.333289899999983, -36.829929199999988 ], [ 147.3210982, -36.82882930000001 ], [ 147.314627299999984, -36.8315364 ], [ 147.307547299999982, -36.8274755 ], [ 147.3026874, -36.8319136 ], [ 147.2829375, -36.8269489 ], [ 147.292057299999982, -36.8225617 ], [ 147.293459, -36.8110305 ], [ 147.2750428, -36.7932607 ], [ 147.2679516, -36.7797497 ], [ 147.2798532, -36.7676194 ], [ 147.2857761, -36.7684333 ], [ 147.290254, -36.7657282 ], [ 147.2923418, -36.7565381 ], [ 147.2879757, -36.7529642 ], [ 147.2904605, -36.737769 ], [ 147.296599600000036, -36.733908899999989 ], [ 147.3123717, -36.731675 ], [ 147.314803899999987, -36.7239106 ], [ 147.31089369999998, -36.7122066 ], [ 147.3147712, -36.7024857 ], [ 147.308392699999985, -36.689789499999989 ], [ 147.2905113, -36.6819967 ], [ 147.2801665, -36.683899899999986 ], [ 147.2683246, -36.676607 ], [ 147.2608378, -36.6770061 ], [ 147.2549548, -36.6708581 ], [ 147.248096799999985, -36.6749662 ], [ 147.2157219, -36.6709856 ], [ 147.20695569999998, -36.6647136 ], [ 147.1999095, -36.650051500000011 ], [ 147.184974899999986, -36.6409677 ], [ 147.1732782, -36.6387649 ], [ 147.1734731, -36.633909799999984 ], [ 147.167485100000022, -36.6299558 ], [ 147.167416, -36.6252158 ], [ 147.174919599999981, -36.6161926 ], [ 147.175294399999984, -36.607049499999981 ], [ 147.1681581, -36.5868114 ], [ 147.1702689, -36.5828973 ], [ 147.165062899999981, -36.5786243 ], [ 147.161226699999986, -36.5668222 ], [ 147.148504799999984, -36.5641393 ], [ 147.1424298, -36.5555422 ], [ 147.1259437, -36.551384299999981 ], [ 147.129155199999985, -36.5330912 ], [ 147.121152099999989, -36.524827 ], [ 147.1236692, -36.520444899999987 ], [ 147.1181201, -36.519827 ], [ 147.1142921, -36.5118779 ], [ 147.111888199999981, -36.5036638 ], [ 147.1181053, -36.499828699999988 ], [ 147.1102024, -36.495426699999989 ], [ 147.106888699999985, -36.4876966 ], [ 147.1130728, -36.4825505 ], [ 147.108402899999987, -36.4799195 ], [ 147.109773900000022, -36.4726585 ], [ 147.115554799999984, -36.4714354 ], [ 147.1184538, -36.4653324 ], [ 147.1256238, -36.467673399999988 ], [ 147.1207838, -36.4590584 ], [ 147.125427799999983, -36.4478843 ], [ 147.120809899999983, -36.4249772 ], [ 147.0905952, -36.4209183 ], [ 147.0836232, -36.4229004 ], [ 147.081515199999984, -36.4178224 ], [ 147.046155199999987, -36.4273282 ], [ 147.0475387, -36.417171100000012 ], [ 147.0431882, -36.4149795 ], [ 147.0374139, -36.416481200000014 ], [ 147.0396877, -36.4083206 ], [ 147.035857099999987, -36.4044722 ], [ 147.040086699999989, -36.4016477 ], [ 147.038983299999984, -36.397694 ], [ 147.045722499999982, -36.3948486 ], [ 147.0175716, -36.3926816 ], [ 146.9347687, -36.408297 ], [ 146.933008699999988, -36.4175581 ], [ 146.922372, -36.4162461 ], [ 146.920827, -36.4245431 ], [ 146.9146381, -36.423651 ], [ 146.9146039, -36.430114 ], [ 146.902134499999988, -36.430632 ], [ 146.8972631, -36.4351999 ], [ 146.8919905, -36.4350321 ], [ 146.8814758, -36.4543 ], [ 146.8648782, -36.4521646 ], [ 146.869000299999982, -36.4446914 ], [ 146.8526546, -36.4425795 ], [ 146.8509257, -36.4513405 ], [ 146.8035344, -36.446625700000013 ], [ 146.803316099999989, -36.4513744 ], [ 146.72578679999998, -36.4592099 ], [ 146.719717299999985, -36.476638 ], [ 146.7125354, -36.4813111 ], [ 146.695236599999987, -36.4798854 ], [ 146.688850699999989, -36.4838115 ], [ 146.6813278, -36.4834556 ], [ 146.671394, -36.4915338 ], [ 146.6519142, -36.4894552 ], [ 146.6483523, -36.490904300000011 ], [ 146.6466704, -36.4999704 ], [ 146.643434499999984, -36.499565 ], [ 146.6426405, -36.5041226 ], [ 146.6487995, -36.5048365 ], [ 146.647521600000033, -36.5115765 ], [ 146.634343199999989, -36.522523 ], [ 146.6439106, -36.528355399999981 ], [ 146.648347199999989, -36.5247593 ], [ 146.654536399999984, -36.527160099999989 ], [ 146.6560026, -36.5202496 ], [ 146.661584100000027, -36.5237445 ], [ 146.670206799999988, -36.5356529 ], [ 146.665826899999985, -36.540035 ], [ 146.66117, -36.5390171 ], [ 146.6582161, -36.5528712 ], [ 146.670895799999983, -36.55844 ], [ 146.67065, -36.568469 ] ], [ [ 147.2925091, -36.8713757 ], [ 147.283794699999987, -36.878698799999981 ], [ 147.2717015, -36.8773469 ], [ 147.2623748, -36.8832048 ], [ 147.244972499999989, -36.8833818 ], [ 147.234967499999982, -36.8715496 ], [ 147.236689499999983, -36.868379099999984 ], [ 147.24023889999998, -36.8714717 ], [ 147.239450399999981, -36.868114399999989 ], [ 147.247759699999989, -36.8661214 ], [ 147.2418645, -36.8640595 ], [ 147.2409839, -36.8591223 ], [ 147.2483861, -36.8489444 ], [ 147.2452159, -36.8435445 ], [ 147.257238199999989, -36.841890199999987 ], [ 147.258381499999984, -36.8364078 ], [ 147.267679099999981, -36.840968 ], [ 147.273844900000029, -36.846362299999988 ], [ 147.277654499999983, -36.8589994 ], [ 147.287391099999979, -36.861511299999989 ], [ 147.2905873, -36.8656832 ], [ 147.2925091, -36.8713757 ] ], [ [ 147.0643105, -36.9962529 ], [ 147.080825399999981, -37.0017687 ], [ 147.097098, -37.0020604 ], [ 147.121005599999989, -36.9721963 ], [ 147.1326159, -36.964328 ], [ 147.1343142, -36.958508 ], [ 147.150089399999985, -36.9580546 ], [ 147.161842299999989, -36.9720415 ], [ 147.1670897, -36.9908584 ], [ 147.176186, -36.9871797 ], [ 147.17738989999998, -36.981822 ], [ 147.187344599999989, -36.9835194 ], [ 147.1914573, -36.987893100000015 ], [ 147.1893696, -36.9908833 ], [ 147.1844026, -36.991018900000014 ], [ 147.1832454, -36.9952435 ], [ 147.1880041, -36.996537 ], [ 147.1980634, -37.0216451 ], [ 147.189907, -37.0134026 ], [ 147.1799351, -37.009587199999984 ], [ 147.16616209999998, -37.0101967 ], [ 147.162345099999982, -37.0056612 ], [ 147.1526058, -37.0120239 ], [ 147.1465719, -37.008864899999985 ], [ 147.1397494, -37.003948699999981 ], [ 147.144139700000011, -36.9969351 ], [ 147.1444247, -36.985785 ], [ 147.136881599999981, -36.9850366 ], [ 147.1327566, -36.9898284 ], [ 147.133194299999985, -36.9966842 ], [ 147.126557599999984, -36.9945612 ], [ 147.122676499999983, -36.9997586 ], [ 147.1046226, -37.002675300000014 ], [ 147.073577699999987, -37.017351300000023 ], [ 147.0739977, -37.013340899999989 ], [ 147.0619752, -37.004008 ], [ 147.0612932, -36.9977603 ], [ 147.0643105, -36.9962529 ] ] ] } },
{ "type": "Feature", "properties": { "lga_code": "20260", "lga_name": "Ararat", "area_sqkm": 4211.1172 }, "geometry": { "type": "Polygon", "coordinates": [ [ [ 142.7170889, -37.1572864 ], [ 142.5427798, -37.1574047 ], [ 142.598225499999984, -37.224398099999988 ], [ 142.601251499999989, -37.2341031 ], [ 142.595452699999981, -37.2358883 ], [ 142.5930478, -37.2405493 ], [ 142.5969158, -37.2554003 ], [ 142.5929909, -37.257700399999983 ], [ 142.5970409, -37.2621864 ], [ 142.5825203, -37.2689146 ], [ 142.580802399999982, -37.2726547 ], [ 142.5879615, -37.284636699999986 ], [ 142.5941374, -37.286681599999987 ], [ 142.5922395, -37.2906256 ], [ 142.595436399999983, -37.2888656 ], [ 142.59893839999998, -37.2928935 ], [ 142.5163579, -37.2932135 ], [ 142.5142143, -37.3057176 ], [ 142.5050559, -37.318432799999982 ], [ 142.500489099999982, -37.319986900000011 ], [ 142.493767, -37.3698504 ], [ 142.4871504, -37.3811616 ], [ 142.4834055, -37.3821686 ], [ 142.478011, -37.4009238 ], [ 142.459299499999986, -37.4208573 ], [ 142.4523108, -37.433387499999988 ], [ 142.446616899999981, -37.4338286 ], [ 142.4342102, -37.444318899999985 ], [ 142.436136300000015, -37.4488099 ], [ 142.426809599999984, -37.4583391 ], [ 142.4269687, -37.467694 ], [ 142.418674899999985, -37.470676300000015 ], [ 142.41854, -37.4759323 ], [ 142.4072004, -37.4889625 ], [ 142.3929297, -37.4933009 ], [ 142.3797152, -37.5094493 ], [ 142.364186099999984, -37.5449285 ], [ 142.3690963, -37.563789399999983 ], [ 142.3551575, -37.5871068 ], [ 142.3534866, -37.5979708 ], [ 142.458480399999985, -37.6109007 ], [ 142.4585256, -37.6148675 ], [ 142.4676724, -37.6148067 ], [ 142.4666254, -37.611896699999988 ], [ 142.4835114, -37.6126157 ], [ 142.5871204, -37.626959699999986 ], [ 142.5872444, -37.6357897 ], [ 142.6187764, -37.6468347 ], [ 142.6190724, -37.6740357 ], [ 142.615665299999989, -37.6893587 ], [ 142.6017654, -37.6995597 ], [ 142.5947773, -37.7187837 ], [ 142.5961594, -37.7407587 ], [ 142.590167399999984, -37.7651047 ], [ 142.5933004, -37.7758717 ], [ 142.608304299999986, -37.7852967 ], [ 142.6126193, -37.7916337 ], [ 142.6147202, -37.8103044 ], [ 142.6522345, -37.8133004 ], [ 142.66106929999998, -37.8172867 ], [ 142.6626943, -37.8152342 ], [ 142.673116, -37.8165398 ], [ 142.6648317, -37.8299862 ], [ 142.701742199999984, -37.834696 ], [ 142.7498281, -37.819406300000011 ], [ 142.757740899999988, -37.8127281 ], [ 142.839692100000036, -37.8221256 ], [ 142.8422295, -37.8078513 ], [ 142.8607987, -37.8099193 ], [ 142.8614115, -37.8064389 ], [ 142.8794728, -37.8084316 ], [ 142.875346799999988, -37.83165 ], [ 142.8794068, -37.83657 ], [ 142.9026211, -37.8166317 ], [ 142.9233743, -37.807158699999981 ], [ 142.9268463, -37.801279699999981 ], [ 142.9384383, -37.8016067 ], [ 142.951313299999981, -37.7895167 ], [ 142.962401299999982, -37.7871737 ], [ 142.9848313, -37.7728337 ], [ 143.0072453, -37.765537699999989 ], [ 143.016658299999989, -37.766686699999987 ], [ 143.013070299999981, -37.786895699999988 ], [ 143.0352643, -37.7927617 ], [ 143.031383399999982, -37.8145123 ], [ 143.044802299999986, -37.8160662 ], [ 143.0483073, -37.8233351 ], [ 143.06208239999998, -37.8249004 ], [ 143.0639946, -37.814233699999988 ], [ 143.076231299999989, -37.8156447 ], [ 143.0938758, -37.8293037 ], [ 143.1058266, -37.8335346 ], [ 143.0952096, -37.8185376 ], [ 143.1007265, -37.814979500000014 ], [ 143.0990634, -37.8093125 ], [ 143.1018163, -37.8051925 ], [ 143.1083351, -37.8009204 ], [ 143.1102669, -37.7931393 ], [ 143.1059329, -37.7892903 ], [ 143.1083117, -37.7785072 ], [ 143.1164765, -37.7739961 ], [ 143.1258095, -37.7797271 ], [ 143.131638, -37.779091899999983 ], [ 143.1362701, -37.7760837 ], [ 143.1342761, -37.773643399999983 ], [ 143.13705120000003, -37.7707732 ], [ 143.1456521, -37.7685145 ], [ 143.1492188, -37.761702699999987 ], [ 143.1607027, -37.7617616 ], [ 143.1655357, -37.7652526 ], [ 143.165013499999986, -37.7548735 ], [ 143.1686144, -37.753930499999989 ], [ 143.1671804, -37.7495414 ], [ 143.1706604, -37.7504484 ], [ 143.1679273, -37.744127399999989 ], [ 143.174297199999984, -37.743250299999985 ], [ 143.180708899999985, -37.731504199999989 ], [ 143.0608963, -37.7182024 ], [ 143.074340799999987, -37.7031221 ], [ 143.0789091, -37.672315899999987 ], [ 143.0898066, -37.6513846 ], [ 143.1084823, -37.638015699999983 ], [ 143.1164487, -37.6204761 ], [ 143.1345221, -37.6002269 ], [ 143.1390907, -37.5870428 ], [ 143.1565162, -37.5686845 ], [ 143.1697189, -37.5608333 ], [ 143.183724399999988, -37.5331781 ], [ 143.1930137, -37.526440099999981 ], [ 143.179336299999989, -37.524538199999988 ], [ 143.1973002, -37.4263066 ], [ 143.2068802, -37.4286072 ], [ 143.2132709, -37.4211558 ], [ 143.2189042, -37.4202979 ], [ 143.222874, -37.413137899999988 ], [ 143.244110299999988, -37.4024454 ], [ 143.251014, -37.3928096 ], [ 143.251195199999984, -37.3884418 ], [ 143.236547299999984, -37.3842834 ], [ 143.2486193, -37.3620857 ], [ 143.231464, -37.3565089 ], [ 143.201731599999988, -37.3565578 ], [ 143.201557799999989, -37.3243665 ], [ 143.1943478, -37.320981599999989 ], [ 143.203995599999985, -37.3147164 ], [ 143.213893399999989, -37.312866299999982 ], [ 143.2138814, -37.3101773 ], [ 143.2215842, -37.3101223 ], [ 143.2216814, -37.3154163 ], [ 143.2256233, -37.3153712 ], [ 143.231935, -37.3038991 ], [ 143.2266318, -37.2910502 ], [ 143.234808499999986, -37.285621 ], [ 143.2579872, -37.279796 ], [ 143.2796022, -37.286721 ], [ 143.2846882, -37.286717 ], [ 143.290798199999983, -37.282119 ], [ 143.2836949, -37.2601271 ], [ 143.285838399999989, -37.2347229 ], [ 143.2823133, -37.2264678 ], [ 143.2717034, -37.2166501 ], [ 143.2671997, -37.2024097 ], [ 143.2708419, -37.1965508 ], [ 143.263766, -37.1817102 ], [ 143.2529145, -37.1771619 ], [ 143.2490819, -37.1720854 ], [ 143.2426174, -37.1738712 ], [ 143.234260799999987, -37.1687107 ], [ 143.233545099999986, -37.1608825 ], [ 143.2215985, -37.1525499 ], [ 143.202434899999986, -37.161118 ], [ 143.2031629, -37.1648812 ], [ 143.19860509999998, -37.1665951 ], [ 143.1976961, -37.1711571 ], [ 143.1932181, -37.170135099999989 ], [ 143.191700199999985, -37.1724461 ], [ 143.195872300000019, -37.1777451 ], [ 143.1908793, -37.178487699999984 ], [ 143.1914232, -37.1814366 ], [ 143.1817297, -37.188609299999989 ], [ 143.1688743, -37.1840299 ], [ 143.1652096, -37.1756984 ], [ 143.156884599999984, -37.176916799999987 ], [ 143.150338299999987, -37.1707056 ], [ 143.1382619, -37.1711335 ], [ 143.1371821, -37.1743745 ], [ 143.1276054, -37.1733591 ], [ 143.1134631, -37.157542 ], [ 143.090438399999982, -37.1552187 ], [ 143.0837214, -37.148645699999989 ], [ 143.0796485, -37.150555699999984 ], [ 143.0669446, -37.1473547 ], [ 143.0591, -37.1871879 ], [ 143.049358, -37.186018499999989 ], [ 143.0489163, -37.1897367 ], [ 142.99352829999998, -37.183058699999989 ], [ 142.9945351, -37.1773347 ], [ 142.9726134, -37.174778799999977 ], [ 142.970430199999981, -37.1673118 ], [ 142.9612884, -37.1670249 ], [ 142.9604845, -37.17138 ], [ 142.957702499999982, -37.17109 ], [ 142.953980299999984, -37.2077651 ], [ 142.923418699999985, -37.205441199999981 ], [ 142.9193577, -37.2028172 ], [ 142.883432, -37.1996658 ], [ 142.8763281, -37.1974079 ], [ 142.8767191, -37.1953448 ], [ 142.8378909, -37.1916275 ], [ 142.8316553, -37.175463 ], [ 142.8233684, -37.1744231 ], [ 142.8239075, -37.1716597 ], [ 142.7836618, -37.1688738 ], [ 142.7817686, -37.1576622 ], [ 142.768455, -37.1544027 ], [ 142.7665447, -37.1420901 ], [ 142.758649199999979, -37.144806 ], [ 142.7564313, -37.1508631 ], [ 142.7505263, -37.1472271 ], [ 142.7404515, -37.148326099999984 ], [ 142.735013899999984, -37.1427671 ], [ 142.717052599999988, -37.1428782 ], [ 142.7170889, -37.1572864 ] ] ] } },
{ "type": "Feature", "properties": { "lga_code": "20570", "lga_name": "Ballarat", "area_sqkm": 739.0321 }, "geometry": { "type": "Polygon", "coordinates": [ [ [ 143.8588048, -37.4020204 ], [ 143.86876479999998, -37.348312899999989 ], [ 143.8415665, -37.345249 ], [ 143.8407942, -37.3426342 ], [ 143.826881499999985, -37.3400982 ], [ 143.7932544, -37.3437036 ], [ 143.7940323, -37.3390776 ], [ 143.7905146, -37.3419143 ], [ 143.7881184, -37.3392186 ], [ 143.647999699999986, -37.3216739 ], [ 143.6322194, -37.399754399999978 ], [ 143.6283192, -37.4007925 ], [ 143.6269973, -37.4066946 ], [ 143.62988439999998, -37.4111663 ], [ 143.619850499999984, -37.447851599999986 ], [ 143.622843499999988, -37.4515925 ], [ 143.6200158, -37.464948499999977 ], [ 143.609244099999984, -37.4671292 ], [ 143.6215029, -37.4677076 ], [ 143.6202768, -37.4737822 ], [ 143.6132737, -37.5008201 ], [ 143.5950048, -37.5272541 ], [ 143.6060573, -37.5349116 ], [ 143.6220399, -37.5251385 ], [ 143.6324359, -37.5326444 ], [ 143.6494597, -37.5330333 ], [ 143.6488197, -37.536208200000011 ], [ 143.668565, -37.5384294 ], [ 143.6621944, -37.572394 ], [ 143.685935299999983, -37.5601171 ], [ 143.7072445, -37.5578648 ], [ 143.7100111, -37.566924699999987 ], [ 143.7569622, -37.5944555 ], [ 143.7806488, -37.5997788 ], [ 143.8095266, -37.6125213 ], [ 143.8319664, -37.6187171 ], [ 143.834548, -37.6221852 ], [ 143.830334599999986, -37.6366214 ], [ 143.8382938, -37.652503099999983 ], [ 143.8349847, -37.6521957 ], [ 143.83336, -37.6553731 ], [ 143.8344314, -37.6650154 ], [ 143.840268700000024, -37.6720366 ], [ 143.8450215, -37.6697912 ], [ 143.849334299999981, -37.6724921 ], [ 143.8493714, -37.6777139 ], [ 143.8534426, -37.6784274 ], [ 143.8503725, -37.6799681 ], [ 143.853530399999983, -37.681948399999989 ], [ 143.8508387, -37.6858013 ], [ 143.8576603, -37.6861695 ], [ 143.8540748, -37.692067900000012 ], [ 143.8627979, -37.6892116 ], [ 143.8665106, -37.692463 ], [ 143.8699684, -37.6912251 ], [ 143.8726259, -37.7087012 ], [ 143.8770467, -37.7070159 ], [ 143.8821587, -37.7141243 ], [ 143.8925509, -37.7122413 ], [ 143.8981109, -37.7159732 ], [ 143.9196345, -37.7099509 ], [ 143.9382392, -37.7091687 ], [ 143.939567, -37.696601600000015 ], [ 143.944148899999988, -37.6940866 ], [ 143.9487346, -37.6732974 ], [ 143.9230909, -37.6689746 ], [ 143.913873, -37.6602557 ], [ 143.9270162, -37.6582838 ], [ 143.9358665, -37.6505594 ], [ 143.9182394, -37.648047300000016 ], [ 143.914534799999984, -37.645102699999981 ], [ 143.9133505, -37.626750699999988 ], [ 143.9096714, -37.621636699999982 ], [ 143.8990325, -37.6165388 ], [ 143.8958424, -37.607540799999981 ], [ 143.898065, -37.5964697 ], [ 143.902579, -37.5969797 ], [ 143.9048008, -37.5823824 ], [ 143.9160929, -37.583650900000016 ], [ 143.914576399999987, -37.5794648 ], [ 143.9186598, -37.579721299999989 ], [ 143.9214962, -37.5760573 ], [ 143.9294333, -37.5774575 ], [ 143.936669099999989, -37.5750618 ], [ 143.936534199999983, -37.5699809 ], [ 143.9416836, -37.5725944 ], [ 143.941304700000018, -37.5621653 ], [ 143.9507016, -37.559848399999986 ], [ 143.950445299999984, -37.550072299999975 ], [ 143.9319394, -37.5348773 ], [ 143.937682099999989, -37.4754152 ], [ 143.8494265, -37.466781100000013 ], [ 143.8529086, -37.4627984 ], [ 143.8577172, -37.4329602 ], [ 143.843232699999987, -37.4311073 ], [ 143.849197100000026, -37.40077 ], [ 143.8588048, -37.4020204 ] ] ] } },
{ "type": "Feature", "properties": { "lga_code": "20660", "lga_name": "Banyule", "area_sqkm": 62.5402 }, "geometry": { "type": "Polygon", "coordinates": [ [ [ 145.0882181, -37.6910628 ], [ 145.0676962, -37.6868461 ], [ 145.051330799999988, -37.7083711 ], [ 145.074954599999984, -37.708776 ], [ 145.0745316, -37.716121199999989 ], [ 145.0678474, -37.7165889 ], [ 145.0646807, -37.7202104 ], [ 145.067823299999986, -37.724517 ], [ 145.061533, -37.7241982 ], [ 145.060781, -37.7294895 ], [ 145.0386072, -37.7273107 ], [ 145.040276299999988, -37.7322969 ], [ 145.0319964, -37.7377471 ], [ 145.0361016, -37.7468451 ], [ 145.0314797, -37.7508231 ], [ 145.032252799999981, -37.7567752 ], [ 145.02783359999998, -37.7638077 ], [ 145.032275699999985, -37.7706414 ], [ 145.0368243, -37.7706033 ], [ 145.034486099999981, -37.778904800000014 ], [ 145.038588299999986, -37.7793192 ], [ 145.0368772, -37.7820143 ], [ 145.0402025, -37.7842087 ], [ 145.047587099999987, -37.7798404 ], [ 145.054751, -37.7850634 ], [ 145.054459899999983, -37.781203399999988 ], [ 145.060565699999984, -37.7799453 ], [ 145.0674385, -37.7835114 ], [ 145.069261399999988, -37.772389 ], [ 145.0766954, -37.773393 ], [ 145.071649399999984, -37.7669188 ], [ 145.076467400000013, -37.7673548 ], [ 145.079229199999986, -37.7624326 ], [ 145.0768371, -37.7585476 ], [ 145.073116199999987, -37.7585117 ], [ 145.080573099999981, -37.7578575 ], [ 145.077287, -37.7556575 ], [ 145.079632, -37.7538575 ], [ 145.08186, -37.7562345 ], [ 145.0826089, -37.7513634 ], [ 145.091583899999989, -37.75430930000001 ], [ 145.0980429, -37.7489541 ], [ 145.104169899999988, -37.7536951 ], [ 145.1129009, -37.7552371 ], [ 145.1226088, -37.7491859 ], [ 145.1260647, -37.751064899999982 ], [ 145.1231578, -37.7475519 ], [ 145.1202728, -37.748092 ], [ 145.1226087, -37.7405699 ], [ 145.133146899999986, -37.7427993 ], [ 145.1356769, -37.7409004 ], [ 145.1377942, -37.7179514 ], [ 145.128028, -37.702289499999985 ], [ 145.140362399999987, -37.7012497 ], [ 145.1437094, -37.682611 ], [ 145.0921286, -37.695234 ], [ 145.0882181, -37.6910628 ] ] ] } },
{ "type": "Feature", "properties": { "lga_code": "20740", "lga_name": "Bass Coast", "area_sqkm": 865.8094 }, "geometry": { "type": "MultiPolygon", "coordinates": [ [ [ [ 145.1095306, -38.5183986 ], [ 145.111069600000036, -38.5195716 ], [ 145.1121326, -38.518559599999989 ], [ 145.1095306, -38.5183986 ] ] ], [ [ [ 145.1136525, -38.5185886 ], [ 145.1149145, -38.5184036 ], [ 145.114918599999982, -38.518255599999989 ], [ 145.1136525, -38.5185886 ] ] ], [ [ [ 145.343895799999984, -38.5614968 ], [ 145.344261599999982, -38.5614939 ], [ 145.3439376, -38.561405899999983 ], [ 145.343895799999984, -38.5614968 ] ] ], [ [ [ 145.3473569, -38.5633629 ], [ 145.347533699999985, -38.5631479 ], [ 145.3473749, -38.5630479 ], [ 145.3473569, -38.5633629 ] ] ], [ [ [ 145.35086579999998, -38.56584380000001 ], [ 145.3511088, -38.5657179 ], [ 145.350828799999988, -38.5657589 ], [ 145.35086579999998, -38.56584380000001 ] ] ], [ [ [ 145.289306899999985, -38.4551579 ], [ 145.295217799999989, -38.4555309 ], [ 145.296485, -38.4550628 ], [ 145.2935549, -38.4539779 ], [ 145.289306899999985, -38.4551579 ] ] ], [ [ [ 145.3329041, -38.5047866 ], [ 145.3157325, -38.5098438 ], [ 145.2991396, -38.507499 ], [ 145.2965436, -38.504781 ], [ 145.299685399999987, -38.4966799 ], [ 145.304463299999981, -38.4973119 ], [ 145.3070232, -38.4941988 ], [ 145.305579099999989, -38.4854248 ], [ 145.2995252, -38.4888609 ], [ 145.293151199999983, -38.48853 ], [ 145.290817, -38.480234 ], [ 145.3020808, -38.466884899999989 ], [ 145.3101115, -38.4656729 ], [ 145.3098269, -38.4597339 ], [ 145.2901525, -38.456718 ], [ 145.28721969999998, -38.4598158 ], [ 145.280828899999989, -38.4612928 ], [ 145.2864826, -38.459042 ], [ 145.2848376, -38.455859 ], [ 145.2788076, -38.4604011 ], [ 145.273269699999986, -38.460342199999985 ], [ 145.27913479999998, -38.4543599 ], [ 145.294334, -38.4519449 ], [ 145.3025017, -38.4537569 ], [ 145.290221699999989, -38.4501189 ], [ 145.2702658, -38.4508919 ], [ 145.2399773, -38.445787 ], [ 145.2290797, -38.449843799999989 ], [ 145.2004575, -38.4508831 ], [ 145.1745062, -38.4648635 ], [ 145.1654364, -38.4653446 ], [ 145.1523727, -38.4828988 ], [ 145.147134, -38.5031848 ], [ 145.1334709, -38.5084129 ], [ 145.1273898, -38.505527799999989 ], [ 145.1161617, -38.518337899999985 ], [ 145.1453937, -38.5164248 ], [ 145.153798699999982, -38.509465 ], [ 145.163632799999988, -38.5104488 ], [ 145.1657859, -38.5137599 ], [ 145.1706657, -38.5095619 ], [ 145.1744749, -38.5143198 ], [ 145.1839879, -38.5129428 ], [ 145.187060799999983, -38.5157749 ], [ 145.1945888, -38.5156678 ], [ 145.194866, -38.5185729 ], [ 145.203578, -38.5172959 ], [ 145.2092149, -38.5251159 ], [ 145.216723699999989, -38.5243659 ], [ 145.221209, -38.5299399 ], [ 145.2400499, -38.5068148 ], [ 145.246027699999985, -38.5077029 ], [ 145.247183, -38.504903899999988 ], [ 145.254581, -38.5037579 ], [ 145.267003800000026, -38.5078848 ], [ 145.271138799999989, -38.5048528 ], [ 145.274379899999985, -38.5087019 ], [ 145.296591899999981, -38.5135959 ], [ 145.3163609, -38.5241719 ], [ 145.3440147, -38.549366799999987 ], [ 145.3465617, -38.5557349 ], [ 145.3419648, -38.5584869 ], [ 145.344081599999981, -38.5598169 ], [ 145.3448549, -38.5623369 ], [ 145.3504839, -38.56323290000001 ], [ 145.351567800000026, -38.5672359 ], [ 145.3607118, -38.5662688 ], [ 145.3584687, -38.5599529 ], [ 145.3635047, -38.5513059 ], [ 145.3559256, -38.5499889 ], [ 145.3409426, -38.5349746 ], [ 145.3469882, -38.5210515 ], [ 145.3618678, -38.516910799999984 ], [ 145.362887699999987, -38.512566899999989 ], [ 145.360229799999985, -38.5119628 ], [ 145.3629118, -38.512070799999989 ], [ 145.34999, -38.5069498 ], [ 145.34699, -38.5103314 ], [ 145.338802099999981, -38.5094055 ], [ 145.3329041, -38.5047866 ] ] ], [ [ [ 145.3378258, -38.4934625 ], [ 145.332964, -38.4994796 ], [ 145.346057, -38.5087024 ], [ 145.345684899999981, -38.504102400000015 ], [ 145.3378258, -38.4934625 ] ] ], [ [ [ 145.764274699999987, -38.5992039 ], [ 145.775713699999983, -38.5679219 ], [ 145.7571537, -38.566211899999985 ], [ 145.761932699999988, -38.5384559 ], [ 145.7286287, -38.5351459 ], [ 145.7302717, -38.5254379 ], [ 145.721058699999986, -38.5244229 ], [ 145.7183987, -38.5382099 ], [ 145.6986967, -38.5362459 ], [ 145.7008237, -38.515912899999982 ], [ 145.6945757, -38.5057389 ], [ 145.6957957, -38.5021549 ], [ 145.6879677, -38.4941799 ], [ 145.6800007, -38.4914789 ], [ 145.6740857, -38.4819469 ], [ 145.6762987, -38.463468899999981 ], [ 145.6883707, -38.464446899999984 ], [ 145.688707699999981, -38.4575039 ], [ 145.6857671, -38.4571507 ], [ 145.697860099999986, -38.3934224 ], [ 145.692588, -38.3860034 ], [ 145.694805100000025, -38.3761007 ], [ 145.6654737, -38.367176899999983 ], [ 145.65002880000003, -38.3550429 ], [ 145.64464479999998, -38.3423679 ], [ 145.6344508, -38.3436349 ], [ 145.623879, -38.3362638 ], [ 145.5936232, -38.3300856 ], [ 145.5847992, -38.3207478 ], [ 145.582129399999985, -38.3126655 ], [ 145.5552515, -38.2943749 ], [ 145.545787099999984, -38.291323500000011 ], [ 145.5418113, -38.3093716 ], [ 145.5206748, -38.306659 ], [ 145.5155028, -38.3178389 ], [ 145.516141799999986, -38.338564900000016 ], [ 145.524121900000011, -38.3344389 ], [ 145.539926, -38.336627899999989 ], [ 145.5519917, -38.349463899999989 ], [ 145.5489389, -38.3716749 ], [ 145.5348276, -38.397914799999988 ], [ 145.5183868, -38.4141069 ], [ 145.5046736, -38.4166559 ], [ 145.489325799999989, -38.4149259 ], [ 145.4812809, -38.4071128 ], [ 145.459484, -38.4086968 ], [ 145.453562, -38.4126468 ], [ 145.4407258, -38.407928899999987 ], [ 145.4283137, -38.4104729 ], [ 145.4163869, -38.4069819 ], [ 145.427201, -38.4179928 ], [ 145.4338189, -38.4348549 ], [ 145.4281628, -38.4444619 ], [ 145.428277799999989, -38.4608169 ], [ 145.417724, -38.471359899999989 ], [ 145.4274278, -38.474623899999976 ], [ 145.432533799999987, -38.4803549 ], [ 145.4310299, -38.4860759 ], [ 145.4344859, -38.4936099 ], [ 145.4290308, -38.4964349 ], [ 145.4268338, -38.5071199 ], [ 145.4191758, -38.5131768 ], [ 145.389252299999981, -38.519559799999982 ], [ 145.363412399999987, -38.5209642 ], [ 145.3703194, -38.5272761 ], [ 145.3720176, -38.5362839 ], [ 145.393133799999987, -38.5356418 ], [ 145.410101699999984, -38.5384109 ], [ 145.4236938, -38.536465899999989 ], [ 145.424990899999983, -38.539353899999988 ], [ 145.429564699999986, -38.5381708 ], [ 145.4454738, -38.5439249 ], [ 145.450225099999983, -38.5484948 ], [ 145.4734578, -38.5511579 ], [ 145.4836918, -38.555987899999984 ], [ 145.5375197, -38.6110769 ], [ 145.5606306, -38.651393899999988 ], [ 145.5785316, -38.6583009 ], [ 145.5887466, -38.668299900000015 ], [ 145.60670159999998, -38.6787688 ], [ 145.6177619, -38.6739409 ], [ 145.6385716, -38.6724229 ], [ 145.6508768, -38.6780779 ], [ 145.656879799999984, -38.676909899999977 ], [ 145.658814799999988, -38.671960899999981 ], [ 145.6720268, -38.6715819 ], [ 145.6707146, -38.6685919 ], [ 145.6803788, -38.662713899999986 ], [ 145.688943600000016, -38.6511959 ], [ 145.713865699999985, -38.645525899999988 ], [ 145.7460707, -38.6433039 ], [ 145.8166118, -38.6475015 ], [ 145.817816, -38.6415713 ], [ 145.814644, -38.6387472 ], [ 145.8183535, -38.636441 ], [ 145.814968199999981, -38.6360436 ], [ 145.8146797, -38.6272239 ], [ 145.808078699999982, -38.6264689 ], [ 145.816475699999984, -38.5835149 ], [ 145.768191699999988, -38.6039869 ], [ 145.764274699999987, -38.5992039 ] ] ] ] } },
{ "type": "Feature", "properties": { "lga_code": "20830", "lga_name": "Baw Baw", "area_sqkm": 4027.6287 }, "geometry": { "type": "Polygon", "coordinates": [ [ [ 145.7484834, -38.142812899999988 ], [ 145.7297309, -38.1539667 ], [ 145.702899799999983, -38.1948039 ], [ 145.700808099999989, -38.2059127 ], [ 145.717417899999987, -38.2067133 ], [ 145.7128368, -38.2517879 ], [ 145.7363627, -38.2489628 ], [ 145.7329498, -38.26858290000002 ], [ 145.7365448, -38.2688594 ], [ 145.735402900000025, -38.274556499999981 ], [ 145.761296, -38.2774625 ], [ 145.759613, -38.2648972 ], [ 145.7719401, -38.266309499999984 ], [ 145.77293659999998, -38.261192299999983 ], [ 145.800553399999984, -38.264358499999986 ], [ 145.8015484, -38.269333899999985 ], [ 145.8123584, -38.2713172 ], [ 145.816742799999986, -38.2856938 ], [ 145.830882699999989, -38.3034939 ], [ 145.8276966, -38.3204724 ], [ 145.8624063, -38.3245234 ], [ 145.862844, -38.3219131 ], [ 145.8763291, -38.3234829 ], [ 145.877511299999981, -38.3162122 ], [ 145.8849558, -38.31679 ], [ 145.884449599999982, -38.3288226 ], [ 145.889847799999984, -38.3293485 ], [ 145.888591700000035, -38.3367954 ], [ 145.906551399999984, -38.3390205 ], [ 145.901071, -38.3315846 ], [ 145.902042599999987, -38.3265285 ], [ 145.940668499999987, -38.3307991 ], [ 145.9418781, -38.3234083 ], [ 145.9654227, -38.3235742 ], [ 145.96747449999998, -38.31206 ], [ 145.977933399999984, -38.313127 ], [ 145.976781499999987, -38.3196581 ], [ 145.9877673, -38.320895 ], [ 145.9865814, -38.327694099999988 ], [ 146.007073099999985, -38.3297611 ], [ 146.0115021, -38.332754099999988 ], [ 146.02424670000002, -38.3295419 ], [ 146.0342977, -38.331763 ], [ 146.054212299999989, -38.3235996 ], [ 146.0496133, -38.320607699999989 ], [ 146.064028, -38.3105914 ], [ 146.073083699999984, -38.3187059 ], [ 146.0744377, -38.3142829 ], [ 146.0907348, -38.3284273 ], [ 146.0967597, -38.325789199999988 ], [ 146.1225245, -38.3600388 ], [ 146.14801810000003, -38.3478061 ], [ 146.1604711, -38.34927 ], [ 146.162190700000025, -38.3405654 ], [ 146.189218700000026, -38.3438747 ], [ 146.1926853, -38.3269394 ], [ 146.201776199999983, -38.328103299999981 ], [ 146.203897899999987, -38.317092099999989 ], [ 146.216836799999982, -38.3213661 ], [ 146.2301941, -38.3217211 ], [ 146.239543199999986, -38.3066439 ], [ 146.252302899999989, -38.298624699999984 ], [ 146.256086600000032, -38.279204899999989 ], [ 146.262292299999984, -38.2726003 ], [ 146.258239299999985, -38.2647872 ], [ 146.2746994, -38.2532144 ], [ 146.287159600000024, -38.2395401 ], [ 146.286299499999984, -38.230738099999989 ], [ 146.2913364, -38.2271721 ], [ 146.2729506, -38.224864099999984 ], [ 146.2677218, -38.2324681 ], [ 146.247685, -38.2278661 ], [ 146.2466647, -38.2326213 ], [ 146.2323093, -38.2305361 ], [ 146.2341466, -38.221784899999989 ], [ 146.216048699999988, -38.2191676 ], [ 146.2176327, -38.212474899999989 ], [ 146.2275204, -38.202470599999984 ], [ 146.2236026, -38.200472799999986 ], [ 146.225968099999989, -38.1878342 ], [ 146.2233267, -38.1778659 ], [ 146.2482704, -38.1724781 ], [ 146.256547499999982, -38.163906499999989 ], [ 146.252447099999983, -38.1517661 ], [ 146.256083099999984, -38.1433619 ], [ 146.2714217, -38.137307 ], [ 146.2753983, -38.1329968 ], [ 146.2734208, -38.125342 ], [ 146.290402699999987, -38.1104979 ], [ 146.328604399999989, -38.1198025 ], [ 146.361353300000019, -38.1070762 ], [ 146.373773, -38.113014799999988 ], [ 146.373509, -38.1196378 ], [ 146.381781, -38.1334507 ], [ 146.395001799999989, -38.138821499999985 ], [ 146.426282, -38.129834199999983 ], [ 146.4309179, -38.1256302 ], [ 146.42948389999998, -38.1185272 ], [ 146.4256119, -38.1196452 ], [ 146.4290949, -38.1240192 ], [ 146.424885, -38.1245252 ], [ 146.422986, -38.1216522 ], [ 146.4244147, -38.0965281 ], [ 146.4789829, -38.1037868 ], [ 146.475723499999987, -38.075295 ], [ 146.5279166, -38.08424 ], [ 146.5347923, -38.0569449 ], [ 146.5695139, -38.058086299999985 ], [ 146.572418699999986, -38.0432564 ], [ 146.567294799999985, -38.040030699999988 ], [ 146.569733499999984, -38.0353268 ], [ 146.566985800000026, -38.0306796 ], [ 146.575266299999981, -38.03005 ], [ 146.5872646, -37.978088 ], [ 146.5815787, -37.976083 ], [ 146.5712127, -37.983779 ], [ 146.5638066, -37.983958 ], [ 146.5625667, -37.978659 ], [ 146.5544557, -37.9714749 ], [ 146.5513676, -37.971332 ], [ 146.5524476, -37.97662 ], [ 146.5449327, -37.9753019 ], [ 146.546990599999987, -37.967505 ], [ 146.5385576, -37.964938 ], [ 146.535608599999989, -37.9695149 ], [ 146.532186599999989, -37.9639 ], [ 146.524058599999989, -37.963658 ], [ 146.519409599999989, -37.9755449 ], [ 146.5133917, -37.979518899999981 ], [ 146.5146866, -37.9835819 ], [ 146.4972497, -37.9888979 ], [ 146.491041699999982, -37.9837689 ], [ 146.482473699999986, -37.9883549 ], [ 146.4818037, -37.9918239 ], [ 146.4733186, -37.994679 ], [ 146.504753199999982, -37.6951301 ], [ 146.5023407, -37.690813 ], [ 146.513273699999985, -37.6847559 ], [ 146.512090699999987, -37.681438 ], [ 146.5159697, -37.67877 ], [ 146.4901037, -37.643492 ], [ 146.473480699999982, -37.640191900000012 ], [ 146.4608317, -37.628501899999982 ], [ 146.4541557, -37.6163379 ], [ 146.4436627, -37.6121089 ], [ 146.4343237, -37.619566899999981 ], [ 146.430082699999986, -37.6194819 ], [ 146.4040937, -37.6039929 ], [ 146.4000077, -37.6069969 ], [ 146.394054700000027, -37.603986899999988 ], [ 146.3898907, -37.6089099 ], [ 146.383444699999984, -37.6096529 ], [ 146.382646699999981, -37.6219639 ], [ 146.376565699999986, -37.628152899999989 ], [ 146.367911699999979, -37.629413899999982 ], [ 146.365028699999982, -37.6263039 ], [ 146.34665769999998, -37.6235739 ], [ 146.321944699999989, -37.5999299 ], [ 146.3123177, -37.5992659 ], [ 146.2987977, -37.5910619 ], [ 146.276242699999983, -37.6048659 ], [ 146.250093699999979, -37.6103899 ], [ 146.2408867, -37.6066349 ], [ 146.2323357, -37.6086129 ], [ 146.2049807, -37.5994349 ], [ 146.19447169999998, -37.5883109 ], [ 146.188246699999979, -37.585864900000011 ], [ 146.186407799999984, -37.5800529 ], [ 146.1732558, -37.5886889 ], [ 146.1698338, -37.5940629 ], [ 146.1721848, -37.5993419 ], [ 146.16209379999998, -37.5958019 ], [ 146.1588247, -37.600758899999988 ], [ 146.1648308, -37.622982899999982 ], [ 146.1592987, -37.6223969 ], [ 146.1585488, -37.6302799 ], [ 146.1510017, -37.6253209 ], [ 146.1441658, -37.6274159 ], [ 146.1393367, -37.6325359 ], [ 146.141300799999982, -37.6370009 ], [ 146.130952799999989, -37.6438959 ], [ 146.1297548, -37.6480599 ], [ 146.1339578, -37.6644119 ], [ 146.1323248, -37.6768879 ], [ 146.1403737, -37.6820379 ], [ 146.142673699999989, -37.6914159 ], [ 146.1355538, -37.702064899999989 ], [ 146.1395008, -37.7061759 ], [ 146.1383078, -37.7098929 ], [ 146.143745699999982, -37.7097299 ], [ 146.153088699999984, -37.7180649 ], [ 146.163229699999988, -37.7473359 ], [ 146.156881699999985, -37.7650479 ], [ 146.1422757, -37.7718689 ], [ 146.133766700000024, -37.7880129 ], [ 146.1213297, -37.7881789 ], [ 146.1171062, -37.7777044 ], [ 146.1086113, -37.7742265 ], [ 146.103036800000012, -37.7630789 ], [ 146.089100799999983, -37.753777899999989 ], [ 146.0843467, -37.7610829 ], [ 146.07469279999998, -37.7630749 ], [ 146.0677737, -37.7689669 ], [ 146.0386388, -37.7744419 ], [ 146.021454799999987, -37.7748279 ], [ 146.012551799999983, -37.7687619 ], [ 146.0034818, -37.768514900000014 ], [ 145.9995208, -37.765433899999984 ], [ 145.990284799999984, -37.7687749 ], [ 145.9701818, -37.7648239 ], [ 145.963582799999983, -37.765946899999989 ], [ 145.9436198, -37.7582189 ], [ 145.9364098, -37.7651779 ], [ 145.9367768, -37.7715659 ], [ 145.923708799999986, -37.7715939 ], [ 145.917472799999985, -37.7775099 ], [ 145.9180648, -37.7859929 ], [ 145.929011799999984, -37.7983609 ], [ 145.922628799999984, -37.8084169 ], [ 145.931632799999988, -37.8199619 ], [ 145.926758799999988, -37.8226259 ], [ 145.9263858, -37.8296329 ], [ 145.9147088, -37.8260559 ], [ 145.905472799999984, -37.8163699 ], [ 145.8927498, -37.8254359 ], [ 145.8784704, -37.8183739 ], [ 145.85709079999998, -37.8008179 ], [ 145.8447118, -37.7976129 ], [ 145.8391638, -37.798609899999981 ], [ 145.8384288, -37.8043239 ], [ 145.8292478, -37.8120969 ], [ 145.809617799999984, -37.8075359 ], [ 145.8041638, -37.8140009 ], [ 145.7949558, -37.8150959 ], [ 145.793765799999989, -37.8262809 ], [ 145.8038578, -37.8260449 ], [ 145.811214799999988, -37.836120900000012 ], [ 145.8045548, -37.8515869 ], [ 145.8114118, -37.855596899999981 ], [ 145.8157148, -37.854200899999988 ], [ 145.817620799999986, -37.857737899999989 ], [ 145.810707799999989, -37.8644509 ], [ 145.803255799999988, -37.8606739 ], [ 145.80421579999998, -37.8735169 ], [ 145.7981988, -37.8732789 ], [ 145.7928808, -37.877689900000014 ], [ 145.7783698, -37.8768889 ], [ 145.7695038, -37.8808899 ], [ 145.762878799999982, -37.894978900000012 ], [ 145.7643028, -37.901339899999989 ], [ 145.747499799999986, -37.9192249 ], [ 145.7469628, -37.9239769 ], [ 145.7412578, -37.9271039 ], [ 145.7469798, -37.9382639 ], [ 145.7411778, -37.9483519 ], [ 145.734871799999979, -37.9501719 ], [ 145.7366308, -37.955674899999984 ], [ 145.7310728, -37.9588209 ], [ 145.7395837, -37.971781399999983 ], [ 145.74973, -37.9770257 ], [ 145.761740299999985, -37.989011800000014 ], [ 145.7649456, -38.008282099999981 ], [ 145.764863599999984, -38.0189118 ], [ 145.755334799999986, -38.0316156 ], [ 145.757236899999981, -38.0541249 ], [ 145.752091299999989, -38.070465 ], [ 145.7544483, -38.0791853 ], [ 145.745269799999988, -38.0861472 ], [ 145.7472228, -38.0915712 ], [ 145.739216699999986, -38.100517 ], [ 145.7627923, -38.1089326 ], [ 145.7484834, -38.142812899999988 ] ], [ [ 146.2325678, -37.8474807 ], [ 146.236249599999979, -37.854991499999983 ], [ 146.24424639999998, -37.8389516 ], [ 146.2511681, -37.835549099999987 ], [ 146.278313699999984, -37.8330962 ], [ 146.2792657, -37.8417626 ], [ 146.2415562, -37.850542099999984 ], [ 146.2369587, -37.8561787 ], [ 146.2326885, -37.852335699999983 ], [ 146.2325678, -37.8474807 ] ] ] } },
{ "type": "Feature", "properties": { "lga_code": "20910", "lga_name": "Bayside (Vic.)", "area_sqkm": 37.2111 }, "geometry": { "type": "Polygon", "coordinates": [ [ [ 145.029678499999989, -37.991944699999983 ], [ 145.0383034, -37.9964026 ], [ 145.051697, -37.9868067 ], [ 145.055273199999988, -37.967659 ], [ 145.0377437, -37.9423702 ], [ 145.036532699999981, -37.935580499999986 ], [ 145.0224639, -37.9205988 ], [ 145.025993699999987, -37.9021521 ], [ 145.006327199999987, -37.8998071 ], [ 144.9970151, -37.883801 ], [ 144.9922702, -37.8832604 ], [ 144.9906777, -37.891723499999983 ], [ 144.9848608, -37.8913838 ], [ 144.985532, -37.9262246 ], [ 144.999011699999983, -37.9399746 ], [ 144.9921564, -37.940007 ], [ 144.9930501, -37.9439693 ], [ 145.0102322, -37.961196699999988 ], [ 145.009388299999983, -37.9695848 ], [ 145.029678499999989, -37.991944699999983 ] ] ] } },
{ "type": "Feature", "properties": { "lga_code": "21010", "lga_name": "Benalla", "area_sqkm": 2352.6398 }, "geometry": { "type": "Polygon", "coordinates": [ [ [ 146.0309437, -36.2989955 ], [ 145.798454, -36.2989566 ], [ 145.79851, -36.3308174 ], [ 145.775439899999981, -36.443740599999984 ], [ 145.7776006, -36.4484432 ], [ 145.790169, -36.447295 ], [ 145.796497, -36.452771 ], [ 145.7937355, -36.4554795 ], [ 145.7991877, -36.458895 ], [ 145.8015079, -36.456453499999988 ], [ 145.816041399999989, -36.4572764 ], [ 145.823321, -36.4540268 ], [ 145.8232655, -36.5445817 ], [ 145.8194423, -36.5634075 ], [ 145.8553685, -36.5682838 ], [ 145.8437434, -36.6234753 ], [ 145.8508023, -36.624419 ], [ 145.845156, -36.651276 ], [ 145.839198100000033, -36.65046370000001 ], [ 145.8367054, -36.6541783 ], [ 145.8389968, -36.6678529 ], [ 145.8243192, -36.68141 ], [ 145.827449799999982, -36.69004 ], [ 145.8231237, -36.6971105 ], [ 145.824983799999984, -36.707779800000012 ], [ 145.8189189, -36.712718 ], [ 145.8123316, -36.7354813 ], [ 145.81456, -36.7457089 ], [ 145.823169399999983, -36.7539405 ], [ 145.824823899999984, -36.7721154 ], [ 145.8221772, -36.7750238 ], [ 145.829959, -36.7764243 ], [ 145.829974099999987, -36.7863334 ], [ 145.836453799999987, -36.786327899999989 ], [ 145.84404760000001, -36.7962501 ], [ 145.846316299999984, -36.79475129999998 ], [ 145.8494638, -36.7977308 ], [ 145.853413, -36.7950093 ], [ 145.861474499999986, -36.8025737 ], [ 145.8724181, -36.799905099999989 ], [ 145.8649762, -36.806315 ], [ 145.86485159999998, -36.812411 ], [ 145.8739683, -36.81239320000001 ], [ 145.8739913, -36.8199508 ], [ 145.863619699999987, -36.8200531 ], [ 145.861603, -36.8268065 ], [ 145.866731499999986, -36.8306344 ], [ 145.860738199999986, -36.8785631 ], [ 145.8622157, -36.8820763 ], [ 145.868241, -36.87986990000001 ], [ 145.874062200000026, -36.8829917 ], [ 145.8788942, -36.8800229 ], [ 145.89239809999998, -36.8882526 ], [ 145.8977055, -36.8971326 ], [ 145.9032359, -36.8997312 ], [ 145.9065666, -36.9088987 ], [ 145.9181305, -36.9144663 ], [ 145.9169947, -36.925537 ], [ 145.9248409, -36.9257519 ], [ 145.929065899999983, -36.9046029 ], [ 145.9381792, -36.9023359 ], [ 145.953778, -36.9047658 ], [ 145.9604578, -36.8966247 ], [ 145.9601647, -36.8828045 ], [ 145.9651595, -36.8753144 ], [ 145.97838729999998, -36.8733212 ], [ 145.993088, -36.862364 ], [ 145.994123, -36.864505 ], [ 145.9997969, -36.8633439 ], [ 146.01028359999998, -36.8531637 ], [ 146.019491499999987, -36.8585067 ], [ 146.0216696, -36.8679998 ], [ 146.0283255, -36.8723818 ], [ 146.0415208, -36.9002829 ], [ 146.052866699999981, -36.9065108 ], [ 146.05962169999998, -36.9077888 ], [ 146.068284799999986, -36.8620743 ], [ 146.1092392, -36.866573 ], [ 146.1162299, -36.8762239 ], [ 146.12428079999998, -36.8796449 ], [ 146.124932799999982, -36.8845399 ], [ 146.1357049, -36.8793369 ], [ 146.1379719, -36.881335899999982 ], [ 146.136689800000028, -36.8722663 ], [ 146.1506066, -36.8741268 ], [ 146.15667449999998, -36.8784547 ], [ 146.154598599999986, -36.8843508 ], [ 146.1507757, -36.8838909 ], [ 146.1528667, -36.8879089 ], [ 146.1623136, -36.8885988 ], [ 146.1638065, -36.8861217 ], [ 146.171622499999984, -36.8920927 ], [ 146.1848834, -36.8925626 ], [ 146.1862314, -36.898597699999982 ], [ 146.205492199999981, -36.9035636 ], [ 146.22697, -36.9160737 ], [ 146.2422377, -36.9161706 ], [ 146.2535533, -36.9127065 ], [ 146.280452199999985, -36.9250433 ], [ 146.2726878, -36.9103003 ], [ 146.268630900000034, -36.9120963 ], [ 146.2553398, -36.9059329 ], [ 146.259025899999983, -36.8872563 ], [ 146.243346, -36.8720133 ], [ 146.243502799999987, -36.8603633 ], [ 146.2512384, -36.8399881 ], [ 146.248382, -36.8010689 ], [ 146.2397358, -36.777194799999982 ], [ 146.2444735, -36.765812699999984 ], [ 146.2433704, -36.7583197 ], [ 146.250934299999983, -36.7550187 ], [ 146.2501001, -36.7482857 ], [ 146.254947, -36.7428006 ], [ 146.2499861, -36.737423600000014 ], [ 146.249590899999987, -36.726427600000015 ], [ 146.244761, -36.7197925 ], [ 146.231155199999989, -36.7165556 ], [ 146.235564899999986, -36.6976076 ], [ 146.21426169999998, -36.6479466 ], [ 146.2180864, -36.6299746 ], [ 146.2226244, -36.6265386 ], [ 146.2193844, -36.625933599999989 ], [ 146.2254661, -36.599557399999988 ], [ 146.211073699999986, -36.597661 ], [ 146.2128769, -36.5894759 ], [ 146.194948399999987, -36.587558699999988 ], [ 146.1950249, -36.5635829 ], [ 146.199932, -36.5620502 ], [ 146.1999017, -36.542019599999989 ], [ 146.1951628, -36.5420276 ], [ 146.1952545, -36.5229596 ], [ 146.202220399999987, -36.5199235 ], [ 146.2021723, -36.5090555 ], [ 146.208846199999982, -36.5090214 ], [ 146.2097311, -36.5026824 ], [ 146.1846951, -36.4861265 ], [ 146.175951, -36.4727875 ], [ 146.1982207, -36.4659292 ], [ 146.1951297, -36.461611199999979 ], [ 146.224654099999981, -36.4489388 ], [ 146.204191800000018, -36.4107175 ], [ 146.210344599999985, -36.4092524 ], [ 146.219466899999986, -36.357150899999986 ], [ 146.205214399999988, -36.3645231 ], [ 146.2046181, -36.345976899999989 ], [ 146.1969631, -36.3341319 ], [ 146.193772199999984, -36.337406 ], [ 146.181092399999983, -36.3376052 ], [ 146.1810558, -36.2974834 ], [ 146.1703101, -36.2954601 ], [ 146.163930199999982, -36.2988992 ], [ 146.1471259, -36.2991909 ], [ 146.1315525, -36.283163500000015 ], [ 146.131430599999987, -36.2551086 ], [ 146.036909, -36.2550502 ], [ 146.0312037, -36.2654299 ], [ 146.0309437, -36.2989955 ] ] ] } },
{ "type": "Feature", "properties": { "lga_code": "21110", "lga_name": "Boroondara", "area_sqkm": 60.1776 }, "geometry": { "type": "Polygon", "coordinates": [ [ [ 145.0983209, -37.7807534 ], [ 145.0776234, -37.776891 ], [ 145.0671185, -37.7809223 ], [ 145.0668815, -37.7836874 ], [ 145.060857699999985, -37.7799523 ], [ 145.054571900000013, -37.7811384 ], [ 145.054839, -37.7850764 ], [ 145.047722099999987, -37.779852399999989 ], [ 145.0437652, -37.7802724 ], [ 145.0401004, -37.7850325 ], [ 145.045244199999985, -37.7844155 ], [ 145.040432399999986, -37.7897545 ], [ 145.01333649999998, -37.7855805 ], [ 145.019604499999986, -37.7922887 ], [ 145.013851599999981, -37.7933477 ], [ 145.0208666, -37.7983978 ], [ 145.019658599999985, -37.8036149 ], [ 145.0129107, -37.7992238 ], [ 145.00681179999998, -37.8008059 ], [ 145.0092737, -37.7963168 ], [ 144.9992768, -37.7972099 ], [ 145.007697799999988, -37.803451900000013 ], [ 145.00015590000001, -37.804276 ], [ 145.0003379, -37.806964 ], [ 145.0157447, -37.810614899999983 ], [ 145.016252, -37.8246819 ], [ 145.021829, -37.8254129 ], [ 145.028351, -37.8310418 ], [ 145.0247659, -37.8346648 ], [ 145.0284189, -37.8377708 ], [ 145.038933899999989, -37.838937799999989 ], [ 145.04227, -37.8472866 ], [ 145.0597369, -37.8547034 ], [ 145.0617679, -37.865543400000014 ], [ 145.073273799999981, -37.8758513 ], [ 145.092167599999982, -37.8718697 ], [ 145.1034616, -37.7975428 ], [ 145.1066885, -37.793981699999989 ], [ 145.0983209, -37.7807534 ] ] ] } },
{ "type": "Feature", "properties": { "lga_code": "21180", "lga_name": "Brimbank", "area_sqkm": 123.3991 }, "geometry": { "type": "Polygon", "coordinates": [ [ [ 144.8381738, -37.708998799999989 ], [ 144.8350519, -37.7032458 ], [ 144.8318839, -37.7068638 ], [ 144.827318, -37.7062668 ], [ 144.824925799999988, -37.7015988 ], [ 144.8281719, -37.7007489 ], [ 144.8246609, -37.698241800000012 ], [ 144.8185279, -37.7000749 ], [ 144.809739899999983, -37.6980828 ], [ 144.820602899999983, -37.6923458 ], [ 144.820487, -37.6843229 ], [ 144.8120839, -37.6816169 ], [ 144.806325, -37.683113800000015 ], [ 144.8047561, -37.66950379999998 ], [ 144.801141, -37.675528799999988 ], [ 144.79782, -37.6716548 ], [ 144.791939, -37.6753658 ], [ 144.7769875, -37.6767889 ], [ 144.774255399999987, -37.6706989 ], [ 144.7684411, -37.668371799999981 ], [ 144.7720524, -37.6639889 ], [ 144.764722, -37.6657518 ], [ 144.758549599999981, -37.662904 ], [ 144.7444188, -37.6630639 ], [ 144.7583574, -37.680924 ], [ 144.751990399999983, -37.705635799999989 ], [ 144.7681571, -37.7097179 ], [ 144.7628924, -37.739818799999988 ], [ 144.7572444, -37.7482015 ], [ 144.7509757, -37.8104498 ], [ 144.8265915, -37.816858599999989 ], [ 144.8274204, -37.8228184 ], [ 144.8558789, -37.8148691 ], [ 144.8392299, -37.7969171 ], [ 144.8425179, -37.7972971 ], [ 144.8448048, -37.7935431 ], [ 144.848220699999985, -37.7730997 ], [ 144.8507487, -37.7734167 ], [ 144.8542047, -37.7649584 ], [ 144.8483606, -37.7598854 ], [ 144.8461414, -37.7473393 ], [ 144.870387300000033, -37.7213101 ], [ 144.8884658, -37.7107717 ], [ 144.8857784, -37.7071212 ], [ 144.860751599999986, -37.7058049 ], [ 144.8594314, -37.7124063 ], [ 144.8381738, -37.708998799999989 ] ] ] } },
{ "type": "Feature", "properties": { "lga_code": "21270", "lga_name": "Buloke", "area_sqkm": 7998.247 }, "geometry": { "type": "Polygon", "coordinates": [ [ [ 142.5358539, -35.3029006 ], [ 142.5353275, -35.3866154 ], [ 142.5437516, -35.3870002 ], [ 142.5432965, -35.4757685 ], [ 142.722473799999989, -35.4752713 ], [ 142.7217636, -35.735979399999977 ], [ 142.6011335, -35.736405099999985 ], [ 142.6010833, -35.9321805 ], [ 142.5975732, -35.932017 ], [ 142.6010502, -35.9348655 ], [ 142.6008549, -35.997904 ], [ 142.604420799999986, -35.9978197 ], [ 142.6042491, -36.120447 ], [ 142.6315328, -36.1204477 ], [ 142.6315758, -36.1252728 ], [ 142.680867, -36.0963161 ], [ 142.6808981, -36.0999021 ], [ 142.731779599999982, -36.1033517 ], [ 142.7278543, -36.1477791 ], [ 142.7431727, -36.1477822 ], [ 142.742214, -36.1532312 ], [ 142.747548599999988, -36.1538527 ], [ 142.7457997, -36.1637251 ], [ 142.7365193, -36.1653918 ], [ 142.735355799999979, -36.1834961 ], [ 142.7321048, -36.183117299999978 ], [ 142.7321896, -36.2097085 ], [ 142.7251676, -36.2096796 ], [ 142.7280475, -36.2394268 ], [ 142.7221113, -36.2394253 ], [ 142.7221018, -36.2622859 ], [ 142.7431042, -36.2645771 ], [ 142.7401322, -36.2827518 ], [ 142.727247399999982, -36.281376699999981 ], [ 142.7255963, -36.291519199999989 ], [ 142.721865399999984, -36.2911213 ], [ 142.7192435, -36.3071984 ], [ 142.731640299999981, -36.298569199999989 ], [ 142.7315578, -36.3757171 ], [ 142.7349614, -36.3760183 ], [ 142.742957, -36.3930562 ], [ 142.7318822, -36.3973261 ], [ 142.731824500000016, -36.4052237 ], [ 142.7987106, -36.408078499999988 ], [ 142.798619299999984, -36.4375415 ], [ 142.816752600000029, -36.437479599999982 ], [ 142.8167408, -36.459558199999989 ], [ 142.82298179999998, -36.4624875 ], [ 143.019843, -36.4827243 ], [ 143.021222900000026, -36.4739879 ], [ 143.0514518, -36.4773195 ], [ 143.053004800000025, -36.4681178 ], [ 143.05744, -36.468202 ], [ 143.0557473, -36.4639988 ], [ 143.0593696, -36.4618932 ], [ 143.0448965, -36.4431637 ], [ 143.0636615, -36.4452346 ], [ 143.072619799999984, -36.4429165 ], [ 143.133125, -36.449402 ], [ 143.1390858, -36.413009 ], [ 143.1473939, -36.4097353 ], [ 143.2383753, -36.409464 ], [ 143.2383673, -36.4053821 ], [ 143.2856209, -36.406674599999988 ], [ 143.293134499999979, -36.4109788 ], [ 143.2902109, -36.4123168 ], [ 143.291906899999987, -36.417852599999982 ], [ 143.288319799999982, -36.419602499999989 ], [ 143.2927838, -36.422038299999976 ], [ 143.2917658, -36.4351489 ], [ 143.300347, -36.436139499999989 ], [ 143.2983257, -36.4398767 ], [ 143.302494100000018, -36.4407087 ], [ 143.3047038, -36.4542315 ], [ 143.309051899999986, -36.4553031 ], [ 143.3104386, -36.470517600000015 ], [ 143.3152, -36.4769305 ], [ 143.3326243, -36.4888157 ], [ 143.3882379, -36.4934025 ], [ 143.386738899999983, -36.4980115 ], [ 143.4067896, -36.4999254 ], [ 143.412170800000013, -36.467649300000012 ], [ 143.430508, -36.469446 ], [ 143.4317169, -36.462261 ], [ 143.4411298, -36.4601889 ], [ 143.4430286, -36.4502978 ], [ 143.4403485, -36.4455158 ], [ 143.445083499999981, -36.4460287 ], [ 143.446619299999981, -36.4370377 ], [ 143.441611699999982, -36.4365761 ], [ 143.4439047, -36.422306099999986 ], [ 143.4411092, -36.4223716 ], [ 143.446405699999985, -36.3916763 ], [ 143.4390708, -36.3907984 ], [ 143.438865300000032, -36.3684045 ], [ 143.468256199999985, -36.371759 ], [ 143.4677203, -36.3749331 ], [ 143.4785081, -36.376122 ], [ 143.486108699999988, -36.3394577 ], [ 143.4760224, -36.3348712 ], [ 143.4821356, -36.2950356 ], [ 143.513962, -36.2950734 ], [ 143.508036, -36.2649733 ], [ 143.5236396, -36.2645923 ], [ 143.5235853, -36.2498127 ], [ 143.5373845, -36.2464141 ], [ 143.5606693, -36.225152799999989 ], [ 143.568738199999984, -36.2222347 ], [ 143.5470925, -36.2198378 ], [ 143.5496708, -36.2053168 ], [ 143.5317229, -36.2033256 ], [ 143.536658599999981, -36.174026499999982 ], [ 143.5135477, -36.1732643 ], [ 143.5135229, -36.152078500000016 ], [ 143.5037031, -36.1368638 ], [ 143.511517, -36.1332916 ], [ 143.5115983, -36.1013335 ], [ 143.482205099999987, -36.1016891 ], [ 143.481692399999986, -35.9831421 ], [ 143.4324205, -35.983452 ], [ 143.432394499999987, -35.988575 ], [ 143.4276616, -35.991093 ], [ 143.4248797, -35.9990151 ], [ 143.412950199999983, -36.0115232 ], [ 143.4073253, -36.011875199999984 ], [ 143.409366299999988, -36.0137273 ], [ 143.4058714, -36.0183313 ], [ 143.4006235, -36.0138213 ], [ 143.378702799999985, -36.0143053 ], [ 143.3773043, -35.9920748 ], [ 143.3654484, -35.9920257 ], [ 143.365321800000032, -35.933669200000011 ], [ 143.3724609, -35.93368 ], [ 143.3847664, -35.8431317 ], [ 143.3583904, -35.839922699999988 ], [ 143.3596121, -35.8295695 ], [ 143.3534991, -35.8152115 ], [ 143.357372, -35.8112265 ], [ 143.352682, -35.8066675 ], [ 143.350368, -35.7926074 ], [ 143.357625899999988, -35.780578299999988 ], [ 143.360889899999989, -35.7811583 ], [ 143.3664857, -35.7738283 ], [ 143.3652467, -35.7694642 ], [ 143.3724015, -35.7539121 ], [ 143.363528799999983, -35.7414381 ], [ 143.3491598, -35.733328100000016 ], [ 143.34969479999998, -35.7214011 ], [ 143.3363908, -35.709085099999989 ], [ 143.3367544, -35.6916147 ], [ 143.3437401, -35.6851481 ], [ 143.341456599999987, -35.681236 ], [ 143.329641399999986, -35.6780787 ], [ 143.317974400000026, -35.669603699999989 ], [ 143.324107500000025, -35.6566267 ], [ 143.2881765, -35.6469848 ], [ 143.2880283, -35.6547538 ], [ 143.20026679999998, -35.6545598 ], [ 143.1982174, -35.6318441 ], [ 143.1923435, -35.6244941 ], [ 143.1871836, -35.607389900000015 ], [ 143.1909015, -35.6029299 ], [ 143.1921773, -35.586029700000012 ], [ 143.1984713, -35.5809056 ], [ 143.201628199999988, -35.5642735 ], [ 143.1981361, -35.5515374 ], [ 143.1752764, -35.5430285 ], [ 143.1371038, -35.5452578 ], [ 143.1338319, -35.5394897 ], [ 143.1357798, -35.5317256 ], [ 143.1247869, -35.5241177 ], [ 143.123614799999984, -35.5147756 ], [ 143.1307086, -35.5014734 ], [ 143.1313365, -35.490929400000013 ], [ 142.9972923, -35.490962299999978 ], [ 142.9971936, -35.3739688 ], [ 143.010395499999987, -35.3737887 ], [ 143.006487199999981, -35.3120965 ], [ 143.010118800000015, -35.307656 ], [ 143.009796099999988, -35.3026908 ], [ 143.0058014, -35.3004893 ], [ 143.0032993, -35.2493634 ], [ 142.856386499999985, -35.2392337 ], [ 142.856382599999989, -35.2311267 ], [ 142.8300328, -35.234936 ], [ 142.8211982, -35.2346416 ], [ 142.8179892, -35.2308302 ], [ 142.8147016, -35.2366277 ], [ 142.7937786, -35.247528700000011 ], [ 142.748080499999986, -35.199246599999988 ], [ 142.6871746, -35.194246 ], [ 142.61147, -35.1943487 ], [ 142.6081886, -35.2050081 ], [ 142.6112886, -35.208162399999985 ], [ 142.6091506, -35.2204797 ], [ 142.6124486, -35.230240699999989 ], [ 142.6118366, -35.2386087 ], [ 142.6081821, -35.2415819 ], [ 142.610774599999985, -35.2445977 ], [ 142.6109773, -35.2833702 ], [ 142.614306199999987, -35.2866162 ], [ 142.61596320000001, -35.2974673 ], [ 142.6132902, -35.301167299999989 ], [ 142.6159312, -35.3038795 ], [ 142.5358539, -35.3029006 ] ] ] } },
{ "type": "Feature", "properties": { "lga_code": "21370", "lga_name": "Campaspe", "area_sqkm": 4519.073 }, "geometry": { "type": "Polygon", "coordinates": [ [ [ 144.286530199999987, -36.1534303 ], [ 144.289096299999983, -36.166686 ], [ 144.281078, -36.1739305 ], [ 144.2823668, -36.1816087 ], [ 144.276749699999982, -36.1881487 ], [ 144.2788201, -36.1945296 ], [ 144.272237099999984, -36.2020744 ], [ 144.2706729, -36.2198304 ], [ 144.2667911, -36.2247833 ], [ 144.2729888, -36.2293897 ], [ 144.270855399999988, -36.2318329 ], [ 144.273517699999985, -36.235428 ], [ 144.269792699999982, -36.237651 ], [ 144.2750754, -36.2473513 ], [ 144.273770399999989, -36.2550055 ], [ 144.2816432, -36.2626074 ], [ 144.281735, -36.3277101 ], [ 144.331839799999983, -36.327705 ], [ 144.3301021, -36.385240799999984 ], [ 144.3583275, -36.38517 ], [ 144.359003199999989, -36.394411 ], [ 144.368376899999987, -36.39566 ], [ 144.3694051, -36.4078362 ], [ 144.399760300000025, -36.4075099 ], [ 144.415708199999983, -36.3963111 ], [ 144.430217, -36.411291 ], [ 144.4301054, -36.4066727 ], [ 144.66818379999998, -36.4065794 ], [ 144.66528, -36.4108247 ], [ 144.6690586, -36.4126913 ], [ 144.6742674, -36.4254871 ], [ 144.6695968, -36.424128499999981 ], [ 144.6657801, -36.4271221 ], [ 144.6587251, -36.4404701 ], [ 144.6719368, -36.4430913 ], [ 144.6737407, -36.4472528 ], [ 144.6683314, -36.4508131 ], [ 144.671552599999984, -36.4571046 ], [ 144.665566899999988, -36.4610426 ], [ 144.6614899, -36.459045 ], [ 144.659241, -36.4637485 ], [ 144.6532693, -36.4656027 ], [ 144.65475, -36.472629 ], [ 144.649051900000018, -36.4743282 ], [ 144.646463200000028, -36.4715747 ], [ 144.63948929999998, -36.4741017 ], [ 144.633865, -36.4806207 ], [ 144.629394099999985, -36.477813 ], [ 144.620622699999984, -36.4813226 ], [ 144.626213899999982, -36.492141499999981 ], [ 144.6211606, -36.4946841 ], [ 144.618394699999982, -36.4929524 ], [ 144.6113279, -36.499131 ], [ 144.614427899999981, -36.4996386 ], [ 144.6152047, -36.5044968 ], [ 144.6213975, -36.5017678 ], [ 144.6235441, -36.5045055 ], [ 144.6134724, -36.510897899999989 ], [ 144.610260899999986, -36.516752499999974 ], [ 144.6129195, -36.5207136 ], [ 144.6209421, -36.5205316 ], [ 144.626031, -36.5273719 ], [ 144.6201212, -36.5258853 ], [ 144.6084396, -36.528956599999987 ], [ 144.617121699999984, -36.5378308 ], [ 144.6146201, -36.543126 ], [ 144.606290799999982, -36.5467912 ], [ 144.6105413, -36.5559173 ], [ 144.601837499999988, -36.554474099999986 ], [ 144.5872252, -36.5578862 ], [ 144.5871431, -36.5624969 ], [ 144.595979299999982, -36.5688945 ], [ 144.59841, -36.5745087 ], [ 144.5891919, -36.583944 ], [ 144.5834358, -36.584702300000011 ], [ 144.5897253, -36.5948218 ], [ 144.5862636, -36.5982227 ], [ 144.581287299999985, -36.596817699999988 ], [ 144.577413, -36.599214300000014 ], [ 144.578823799999981, -36.6028989 ], [ 144.5667775, -36.614297700000023 ], [ 144.5618412, -36.6134264 ], [ 144.5603926, -36.616907 ], [ 144.563887099999988, -36.620703899999988 ], [ 144.560066399999982, -36.6271129 ], [ 144.5488978, -36.6325229 ], [ 144.543715599999985, -36.6418556 ], [ 144.5457499, -36.6467656 ], [ 144.5390744, -36.6495173 ], [ 144.5374606, -36.6554564 ], [ 144.5254449, -36.659788399999989 ], [ 144.5347703, -36.688021699999986 ], [ 144.532414099999983, -36.6918704 ], [ 144.526162699999986, -36.6892614 ], [ 144.522472, -36.6931542 ], [ 144.5266318, -36.7019843 ], [ 144.5195966, -36.7115619 ], [ 144.5180388, -36.7254378 ], [ 144.6671117, -36.7253894 ], [ 144.6661652, -36.7625987 ], [ 144.722956300000021, -36.7609752 ], [ 144.740901899999983, -36.7557727 ], [ 144.7503221, -36.7575435 ], [ 144.755023699999981, -36.7515853 ], [ 144.766933199999983, -36.747244199999983 ], [ 144.771377299999983, -36.751339099999988 ], [ 144.9319442, -36.7479079 ], [ 144.93215619999998, -36.699663 ], [ 144.9867293, -36.6997107 ], [ 145.01707159999998, -36.6687917 ], [ 145.020498799999984, -36.6819506 ], [ 145.0426125, -36.6820263 ], [ 145.0425538, -36.6721829 ], [ 145.0374641, -36.6722085 ], [ 145.043473299999988, -36.6506596 ], [ 145.0873583, -36.675451 ], [ 145.1317186, -36.6753502 ], [ 145.1317513, -36.5873251 ], [ 145.1500116, -36.5872004 ], [ 145.1499097, -36.5600409 ], [ 145.154827, -36.5596332 ], [ 145.15403569999998, -36.5379707 ], [ 145.1575638, -36.530484 ], [ 145.1514066, -36.5271095 ], [ 145.1497665, -36.4989983 ], [ 145.0319771, -36.49897 ], [ 145.031955, -36.3429682 ], [ 145.15029819999998, -36.3430885 ], [ 145.150315799999987, -36.2843355 ], [ 145.131993099999988, -36.2843408 ], [ 145.131872099999981, -36.1803358 ], [ 145.1279112, -36.1831079 ], [ 145.1243982, -36.1767399 ], [ 145.1213972, -36.1797579 ], [ 145.1143973, -36.1763949 ], [ 145.1115723, -36.1668309 ], [ 145.106086399999981, -36.1691289 ], [ 145.1000224, -36.1637619 ], [ 145.094947499999989, -36.1648649 ], [ 145.0890565, -36.1617419 ], [ 145.0905055, -36.1576479 ], [ 145.081641499999989, -36.1654139 ], [ 145.077046599999989, -36.1617098 ], [ 145.0770925, -36.164637899999988 ], [ 145.0700306, -36.1657919 ], [ 145.067288599999983, -36.169257899999977 ], [ 145.0630577, -36.16748 ], [ 145.0622367, -36.171191 ], [ 145.0606728, -36.1640671 ], [ 145.046254, -36.1614354 ], [ 145.046968099999987, -36.1571655 ], [ 145.0425961, -36.157518500000016 ], [ 145.041652199999987, -36.1549076 ], [ 145.0393542, -36.1587406 ], [ 145.039662199999981, -36.1542456 ], [ 145.035433200000028, -36.1556547 ], [ 145.0369593, -36.1517427 ], [ 145.0301672, -36.1555137 ], [ 145.028670299999987, -36.1480318 ], [ 145.027344299999982, -36.1542827 ], [ 145.0212273, -36.1541758 ], [ 145.0234672, -36.1591737 ], [ 145.016913300000027, -36.1548498 ], [ 145.017979199999985, -36.1610387 ], [ 145.0153162, -36.1613458 ], [ 145.010905399999984, -36.1551839 ], [ 145.0144024, -36.1522539 ], [ 145.0110305, -36.1473529 ], [ 145.0086885, -36.1515039 ], [ 145.0066645, -36.150045899999988 ], [ 145.00756149999998, -36.146067899999984 ], [ 145.0125865, -36.1459679 ], [ 145.0094335, -36.1410489 ], [ 145.011749399999985, -36.1389809 ], [ 145.0038165, -36.136464 ], [ 145.001222499999983, -36.139432 ], [ 145.0018475, -36.13452 ], [ 144.9989225, -36.133979 ], [ 145.0037854, -36.128572 ], [ 144.9931986, -36.1239731 ], [ 144.9947755, -36.1195241 ], [ 144.992147599999981, -36.1176971 ], [ 144.995324499999981, -36.1145911 ], [ 144.989333599999981, -36.1148752 ], [ 144.9833937, -36.121859199999989 ], [ 144.9845267, -36.1252162 ], [ 144.9794847, -36.1235953 ], [ 144.9814307, -36.1270173 ], [ 144.9722898, -36.125530300000015 ], [ 144.974927799999989, -36.119193299999985 ], [ 144.9690838, -36.1203774 ], [ 144.9636188, -36.1162664 ], [ 144.96671379999998, -36.1135604 ], [ 144.9630048, -36.1123284 ], [ 144.967013799999989, -36.1104524 ], [ 144.960134899999986, -36.1068925 ], [ 144.9527809, -36.113693499999989 ], [ 144.942912, -36.1096676 ], [ 144.939254, -36.1135326 ], [ 144.9361141, -36.1091037 ], [ 144.931313099999983, -36.1092208 ], [ 144.9325801, -36.1047338 ], [ 144.9269732, -36.1054448 ], [ 144.9305192, -36.100313899999989 ], [ 144.9242012, -36.0988539 ], [ 144.9253343, -36.092464 ], [ 144.9202373, -36.094564 ], [ 144.9163614, -36.0913761 ], [ 144.9189173, -36.088347100000014 ], [ 144.9144224, -36.0881721 ], [ 144.9096305, -36.083535199999986 ], [ 144.9056206, -36.084503300000023 ], [ 144.9038636, -36.077801299999976 ], [ 144.901139699999987, -36.0837564 ], [ 144.896580699999987, -36.0794674 ], [ 144.8963068, -36.0886134 ], [ 144.8907638, -36.0858805 ], [ 144.8951917, -36.0920954 ], [ 144.8897038, -36.0939435 ], [ 144.8820819, -36.0892215 ], [ 144.874772899999982, -36.0942516 ], [ 144.874737899999985, -36.0904206 ], [ 144.870002, -36.0885336 ], [ 144.867543899999987, -36.092703599999986 ], [ 144.8611549, -36.0846486 ], [ 144.8602469, -36.0897327 ], [ 144.852645, -36.0901577 ], [ 144.854505, -36.092953699999988 ], [ 144.849727, -36.0933577 ], [ 144.8519911, -36.0951428 ], [ 144.849513, -36.0993987 ], [ 144.8560449, -36.0983067 ], [ 144.8582269, -36.1013187 ], [ 144.852156, -36.103766700000016 ], [ 144.8525329, -36.106866700000012 ], [ 144.848973, -36.1024888 ], [ 144.847713, -36.109488799999987 ], [ 144.8416231, -36.1017678 ], [ 144.83223719999998, -36.104923899999982 ], [ 144.823922899999985, -36.1025902 ], [ 144.819709599999982, -36.1079399 ], [ 144.8101924, -36.1022499 ], [ 144.816362199999986, -36.1096814 ], [ 144.8064047, -36.1074446 ], [ 144.807138499999979, -36.113407099999982 ], [ 144.8133681, -36.1138996 ], [ 144.8084972, -36.1232659 ], [ 144.7965824, -36.1198563 ], [ 144.7962037, -36.1167126 ], [ 144.8004604, -36.1150602 ], [ 144.798557499999987, -36.1131865 ], [ 144.7919273, -36.122636899999989 ], [ 144.7852709, -36.1222886 ], [ 144.7876163, -36.127067 ], [ 144.777980499999984, -36.1299062 ], [ 144.773456399999986, -36.1254246 ], [ 144.771561, -36.116004 ], [ 144.7641381, -36.1195974 ], [ 144.756873399999989, -36.1187675 ], [ 144.7533914, -36.1224518 ], [ 144.747829500000023, -36.121527 ], [ 144.740663899999987, -36.1075741 ], [ 144.7312743, -36.1119395 ], [ 144.73369409999998, -36.117024 ], [ 144.726257, -36.1175952 ], [ 144.7253987, -36.1123059 ], [ 144.718408499999981, -36.1135519 ], [ 144.7191368, -36.100667200000011 ], [ 144.7253857, -36.0988931 ], [ 144.723355700000013, -36.0945731 ], [ 144.7260351, -36.090621899999988 ], [ 144.719861399999985, -36.0905946 ], [ 144.719031, -36.0858917 ], [ 144.707100199999985, -36.09292 ], [ 144.6988921, -36.087246399999977 ], [ 144.697528, -36.0940345 ], [ 144.6929026, -36.0911784 ], [ 144.6889888, -36.095510700000013 ], [ 144.684246299999984, -36.095518299999981 ], [ 144.682387, -36.0839631 ], [ 144.6924503, -36.0698257 ], [ 144.6879553, -36.0663682 ], [ 144.6887151, -36.0612722 ], [ 144.6786557, -36.062466 ], [ 144.678544599999981, -36.0692599 ], [ 144.6741202, -36.0679483 ], [ 144.6699494, -36.0715809 ], [ 144.6678619, -36.0685839 ], [ 144.664740599999988, -36.076518 ], [ 144.660874799999988, -36.0758298 ], [ 144.658028, -36.0703661 ], [ 144.654971499999988, -36.0753359 ], [ 144.653197500000033, -36.0532272 ], [ 144.646894299999985, -36.050940499999982 ], [ 144.6439268, -36.0566508 ], [ 144.6375429, -36.0474125 ], [ 144.6327502, -36.048084099999983 ], [ 144.6250052, -36.0520682 ], [ 144.626294799999982, -36.061787499999987 ], [ 144.618306099999984, -36.0596947 ], [ 144.619731, -36.063157900000014 ], [ 144.6282278, -36.0652466 ], [ 144.6209824, -36.0710067 ], [ 144.622158399999989, -36.076194699999988 ], [ 144.6176763, -36.0771782 ], [ 144.610453799999988, -36.071491 ], [ 144.6158317, -36.0665689 ], [ 144.608438299999989, -36.063627499999981 ], [ 144.6175581, -36.0468909 ], [ 144.6130537, -36.0427903 ], [ 144.618903599999982, -36.0390759 ], [ 144.615478699999983, -36.0315806 ], [ 144.606079099999988, -36.0363598 ], [ 144.610190900000021, -36.0394704 ], [ 144.6066572, -36.0425546 ], [ 144.599067099999985, -36.037400399999989 ], [ 144.592059799999987, -36.04338 ], [ 144.5888176, -36.0383395 ], [ 144.5832815, -36.0390121 ], [ 144.581295399999988, -36.0299317 ], [ 144.586451, -36.0271692 ], [ 144.5793382, -36.021014 ], [ 144.571133800000013, -36.024066 ], [ 144.5705051, -36.0170858 ], [ 144.5641731, -36.0169844 ], [ 144.563391199999984, -36.0077929 ], [ 144.557661, -36.014094 ], [ 144.5536672, -36.0029711 ], [ 144.5477553, -36.0051037 ], [ 144.547462, -36.000609 ], [ 144.5397103, -36.0012616 ], [ 144.5297606, -35.994391 ], [ 144.515791799999988, -35.994426499999989 ], [ 144.512403799999987, -35.9886494 ], [ 144.51695669999998, -35.9858122 ], [ 144.516809699999982, -35.978675 ], [ 144.521695599999987, -35.9720187 ], [ 144.5178976, -35.9691357 ], [ 144.513994699999984, -35.9743509 ], [ 144.5108167, -35.973871 ], [ 144.51516669999998, -35.9654527 ], [ 144.506877799999984, -35.971079099999983 ], [ 144.5004729, -35.9702272 ], [ 144.5013696, -35.9580696 ], [ 144.4997866, -35.9651665 ], [ 144.4967172, -35.9689693 ], [ 144.493653099999989, -35.9683915 ], [ 144.4873957, -35.9639702 ], [ 144.488644199999982, -35.9571101 ], [ 144.4812359, -35.958595199999984 ], [ 144.4823849, -35.9517421 ], [ 144.4875884, -35.9494986 ], [ 144.483033299999988, -35.9494753 ], [ 144.479764099999983, -35.9532825 ], [ 144.4794205, -35.945262299999982 ], [ 144.4749701, -35.9478728 ], [ 144.466696899999988, -35.9459138 ], [ 144.472238799999985, -35.9407126 ], [ 144.4638529, -35.9405718 ], [ 144.4665587, -35.933589399999988 ], [ 144.461833399999989, -35.934409 ], [ 144.460559499999988, -35.939582699999981 ], [ 144.4575908, -35.9357253 ], [ 144.44698, -35.935518 ], [ 144.4456032, -35.931126399999989 ], [ 144.439141299999989, -35.9311507 ], [ 144.4393514, -35.9246386 ], [ 144.426511399999981, -35.9187305 ], [ 144.423434499999985, -35.9059919 ], [ 144.420357599999988, -35.9062412 ], [ 144.42080679999998, -35.9108296 ], [ 144.416985400000016, -35.910459 ], [ 144.416951499999982, -35.9057084 ], [ 144.424970799999983, -35.902347399999982 ], [ 144.4243874, -35.9001807 ], [ 144.408999599999987, -35.9046177 ], [ 144.4085447, -35.8988777 ], [ 144.4041412, -35.8950063 ], [ 144.3808373, -35.8841257 ], [ 144.361721599999981, -35.886283199999987 ], [ 144.3498031, -35.8937142 ], [ 144.343567899999982, -35.8943133 ], [ 144.3419576, -35.9066112 ], [ 144.3471265, -35.9068651 ], [ 144.349072700000022, -35.9109001 ], [ 144.3548492, -35.9092907 ], [ 144.35341649999998, -35.9195197 ], [ 144.346041900000017, -35.9281152 ], [ 144.3386424, -35.9252052 ], [ 144.3308891, -35.9275489 ], [ 144.3355738, -35.93418350000001 ], [ 144.3062057, -35.9341418 ], [ 144.3012762, -35.9286011 ], [ 144.2860399, -35.9235612 ], [ 144.2625251, -35.9321224 ], [ 144.2600565, -35.948994 ], [ 144.291408599999983, -35.9844143 ], [ 144.2769492, -35.9939806 ], [ 144.2799473, -36.013270399999989 ], [ 144.2910076, -36.0189154 ], [ 144.3002315, -36.0299402 ], [ 144.3066895, -36.031875 ], [ 144.3088535, -36.0427222 ], [ 144.316137699999985, -36.0438887 ], [ 144.3178481, -36.0498263 ], [ 144.3093193, -36.0531876 ], [ 144.303939499999984, -36.0612912 ], [ 144.307884, -36.0650427 ], [ 144.306451899999985, -36.071976899999989 ], [ 144.3131094, -36.0754531 ], [ 144.3186743, -36.1011853 ], [ 144.3148277, -36.100262 ], [ 144.3090594, -36.105356899999983 ], [ 144.308524799999986, -36.113956 ], [ 144.3051448, -36.1154929 ], [ 144.302264799999989, -36.125420100000014 ], [ 144.2955029, -36.1227954 ], [ 144.2894063, -36.1288544 ], [ 144.2868168, -36.1488064 ], [ 144.283175799999981, -36.1523236 ], [ 144.286530199999987, -36.1534303 ] ] ] } },
{ "type": "Feature", "properties": { "lga_code": "21450", "lga_name": "Cardinia", "area_sqkm": 1282.5671 }, "geometry": { "type": "Polygon", "coordinates": [ [ [ 145.459997, -38.2280249 ], [ 145.4889939, -38.2334009 ], [ 145.492829, -38.243727899999989 ], [ 145.490364799999981, -38.2506279 ], [ 145.4977379, -38.2644608 ], [ 145.4979698, -38.2740639 ], [ 145.504602799999986, -38.2835229 ], [ 145.5179559, -38.2908809 ], [ 145.5222147, -38.2992748 ], [ 145.5206624, -38.306657400000013 ], [ 145.5418113, -38.3093716 ], [ 145.545787099999984, -38.291323500000011 ], [ 145.5536725, -38.2935578 ], [ 145.582129399999985, -38.3126655 ], [ 145.5847992, -38.3207478 ], [ 145.5936232, -38.3300856 ], [ 145.6056893, -38.332443500000011 ], [ 145.6124538, -38.285559899999988 ], [ 145.6189233, -38.2890578 ], [ 145.638558099999983, -38.2824915 ], [ 145.6381441, -38.2848436 ], [ 145.680281, -38.2895839 ], [ 145.6814976, -38.282219 ], [ 145.6909389, -38.2830756 ], [ 145.689645499999983, -38.290106 ], [ 145.698733399999981, -38.2911189 ], [ 145.699718, -38.285648 ], [ 145.7326859, -38.2893616 ], [ 145.7363627, -38.2489628 ], [ 145.7128368, -38.2517879 ], [ 145.717417899999987, -38.2067133 ], [ 145.700808099999989, -38.2059127 ], [ 145.702899799999983, -38.1948039 ], [ 145.7297309, -38.1539667 ], [ 145.7484834, -38.142812899999988 ], [ 145.7627923, -38.1089326 ], [ 145.739216699999986, -38.100517 ], [ 145.7472228, -38.0915712 ], [ 145.745269799999988, -38.0861472 ], [ 145.7544483, -38.0791853 ], [ 145.752091299999989, -38.070465 ], [ 145.757236899999981, -38.0541249 ], [ 145.755334799999986, -38.0316156 ], [ 145.764863599999984, -38.0189118 ], [ 145.7625416, -37.990709800000012 ], [ 145.74973, -37.9770257 ], [ 145.7395837, -37.971781399999983 ], [ 145.7310608, -37.959760899999985 ], [ 145.736907799999983, -37.955259900000016 ], [ 145.734871799999979, -37.9501719 ], [ 145.7411778, -37.9483519 ], [ 145.7469798, -37.9382639 ], [ 145.7412578, -37.9271039 ], [ 145.7469628, -37.9239769 ], [ 145.747499799999986, -37.9192249 ], [ 145.765141799999981, -37.8986069 ], [ 145.748120299999982, -37.9075187 ], [ 145.7379013, -37.9019927 ], [ 145.7292304, -37.9028588 ], [ 145.7215472, -37.8852257 ], [ 145.6938936, -37.8859945 ], [ 145.686859199999986, -37.880801800000015 ], [ 145.686318199999988, -37.8888058 ], [ 145.6796722, -37.893536499999989 ], [ 145.670541899999989, -37.8942966 ], [ 145.6707064, -37.907128799999981 ], [ 145.657961299999982, -37.9079768 ], [ 145.6505755, -37.9126797 ], [ 145.6526115, -37.9164222 ], [ 145.6260466, -37.917571 ], [ 145.6279307, -37.9040149 ], [ 145.6037378, -37.9011 ], [ 145.604331799999983, -37.8980044 ], [ 145.589943299999987, -37.896263399999981 ], [ 145.5752388, -37.8993292 ], [ 145.5705055, -37.8959263 ], [ 145.5690485, -37.8979796 ], [ 145.562295, -37.8819226 ], [ 145.5553898, -37.8788354 ], [ 145.553323399999982, -37.873578599999988 ], [ 145.541085899999985, -37.871602 ], [ 145.5370859, -37.866967599999981 ], [ 145.530701, -37.866467 ], [ 145.528127, -37.8615711 ], [ 145.5225548, -37.8578949 ], [ 145.519139599999988, -37.857741 ], [ 145.5267724, -37.8636094 ], [ 145.526863099999986, -37.8853067 ], [ 145.5077133, -37.8998238 ], [ 145.473830699999979, -37.899970199999984 ], [ 145.470517799999982, -37.9011213 ], [ 145.466677, -37.9120084 ], [ 145.4594501, -37.9053414 ], [ 145.4446094, -37.9062456 ], [ 145.4387156, -37.9145644 ], [ 145.428506699999986, -37.9134787 ], [ 145.419689, -37.926364599999985 ], [ 145.4170503, -37.9228875 ], [ 145.415992099999983, -37.9282708 ], [ 145.400764399999986, -37.9262911 ], [ 145.398479399999985, -37.9212811 ], [ 145.3846758, -37.9286283 ], [ 145.3856714, -37.9360394 ], [ 145.382173599999987, -37.941159099999986 ], [ 145.385130299999986, -37.952837 ], [ 145.3822791, -37.9559275 ], [ 145.3881261, -37.9572904 ], [ 145.3880384, -37.9709682 ], [ 145.3841702, -37.9706901 ], [ 145.383437599999979, -37.97471980000001 ], [ 145.3795485, -37.9739667 ], [ 145.3824606, -37.9846139 ], [ 145.37584769999998, -37.9896583 ], [ 145.3798372, -37.996898 ], [ 145.377871299999981, -38.0013546 ], [ 145.385137899999989, -38.0085663 ], [ 145.385455799999988, -38.0132579 ], [ 145.379423299999985, -38.016276499999989 ], [ 145.377264699999984, -38.0262505 ], [ 145.365933, -38.0388161 ], [ 145.3640174, -38.0517511 ], [ 145.380841300000014, -38.0669199 ], [ 145.375975899999986, -38.0786396 ], [ 145.3804046, -38.081597 ], [ 145.3822939, -38.0907785 ], [ 145.397810199999981, -38.0999285 ], [ 145.4006225, -38.107833099999986 ], [ 145.4018098, -38.1190807 ], [ 145.3884682, -38.120530699999989 ], [ 145.3833904, -38.125625 ], [ 145.3994846, -38.142984299999988 ], [ 145.3888657, -38.1925033 ], [ 145.418321599999985, -38.198478099999974 ], [ 145.416669499999983, -38.2038225 ], [ 145.4304507, -38.215723899999986 ], [ 145.4369077, -38.2175299 ], [ 145.43909069999998, -38.2163069 ], [ 145.438037, -38.2149739 ], [ 145.4380708, -38.2146118 ], [ 145.4383909, -38.2143879 ], [ 145.441761899999989, -38.2186788 ], [ 145.4524719, -38.2187469 ], [ 145.459997, -38.2280249 ] ] ] } },
{ "type": "Feature", "properties": { "lga_code": "21610", "lga_name": "Casey", "area_sqkm": 409.4287 }, "geometry": { "type": "Polygon", "coordinates": [ [ [ 145.3794718, -37.9754223 ], [ 145.2890419, -37.9629262 ], [ 145.2899057, -37.9575877 ], [ 145.283563499999985, -37.9551296 ], [ 145.2796267, -37.9475832 ], [ 145.233255899999989, -37.9418771 ], [ 145.2291999, -37.9520629 ], [ 145.2336479, -37.9548608 ], [ 145.2355129, -37.976745799999989 ], [ 145.227336899999983, -37.991003 ], [ 145.2273299, -38.0007569 ], [ 145.2518594, -38.003622199999981 ], [ 145.2149346, -38.206526 ], [ 145.2299437, -38.2205842 ], [ 145.254835899999989, -38.2230469 ], [ 145.259065199999981, -38.2257367 ], [ 145.2590011, -38.2223286 ], [ 145.261462099999989, -38.2244396 ], [ 145.2629, -38.2220656 ], [ 145.2679258, -38.2246489 ], [ 145.271507899999989, -38.2229139 ], [ 145.2786348, -38.2343866 ], [ 145.274138, -38.2440877 ], [ 145.29831489999998, -38.2484799 ], [ 145.3126727, -38.248038899999983 ], [ 145.3114347, -38.246323899999986 ], [ 145.322157, -38.2410962 ], [ 145.324846899999983, -38.242142199999989 ], [ 145.3264107, -38.2350701 ], [ 145.3325877, -38.2361341 ], [ 145.3413425, -38.2295519 ], [ 145.340211399999987, -38.218726899999986 ], [ 145.346206699999982, -38.2137669 ], [ 145.3533842, -38.214711699999988 ], [ 145.366728099999989, -38.2223256 ], [ 145.3894028, -38.2224784 ], [ 145.387517799999983, -38.2187574 ], [ 145.3918467, -38.2194734 ], [ 145.391930799999983, -38.2241154 ], [ 145.4109226, -38.2280353 ], [ 145.4226712, -38.2168822 ], [ 145.430503099999981, -38.2165071 ], [ 145.4306638, -38.2145224 ], [ 145.416669499999983, -38.2038225 ], [ 145.418321599999985, -38.198478099999974 ], [ 145.3888657, -38.1925033 ], [ 145.3994846, -38.142984299999988 ], [ 145.3833904, -38.125625 ], [ 145.3884682, -38.120530699999989 ], [ 145.4018098, -38.1190807 ], [ 145.4006225, -38.107833099999986 ], [ 145.397810199999981, -38.0999285 ], [ 145.3822939, -38.0907785 ], [ 145.3804046, -38.081597 ], [ 145.375975899999986, -38.0786396 ], [ 145.380841300000014, -38.0669199 ], [ 145.3640174, -38.0517511 ], [ 145.365933, -38.0388161 ], [ 145.377264699999984, -38.0262505 ], [ 145.379423299999985, -38.016276499999989 ], [ 145.385412800000012, -38.0134829 ], [ 145.385137899999989, -38.0085663 ], [ 145.377871299999981, -38.0013546 ], [ 145.3798372, -37.996898 ], [ 145.3759111, -37.9901471 ], [ 145.3824606, -37.9846139 ], [ 145.3794718, -37.9754223 ] ] ] } },
{ "type": "Feature", "properties": { "lga_code": "21670", "lga_name": "Central Goldfields", "area_sqkm": 1532.7843 }, "geometry": { "type": "Polygon", "coordinates": [ [ [ 143.5625317, -37.033604099999984 ], [ 143.5520205, -37.0941385 ], [ 143.565274599999981, -37.095640799999984 ], [ 143.5608689, -37.0979163 ], [ 143.562728599999986, -37.1165108 ], [ 143.567375199999987, -37.1129578 ], [ 143.570551099999989, -37.1162385 ], [ 143.573511699999983, -37.1130382 ], [ 143.578125799999981, -37.1151159 ], [ 143.582952, -37.131894699999989 ], [ 143.5805321, -37.1393106 ], [ 143.5741007, -37.142563 ], [ 143.570617699999985, -37.1501117 ], [ 143.5518861, -37.1587824 ], [ 143.5509595, -37.1804684 ], [ 143.585418, -37.184539799999982 ], [ 143.582290299999983, -37.2017202 ], [ 143.6406456, -37.208298 ], [ 143.6364059, -37.2308204 ], [ 143.6656108, -37.2343061 ], [ 143.665213199999982, -37.2366605 ], [ 143.671702899999985, -37.2332304 ], [ 143.6817217, -37.2339963 ], [ 143.6870324, -37.2289483 ], [ 143.6919754, -37.2322922 ], [ 143.7139211, -37.2302683 ], [ 143.716286199999985, -37.2250433 ], [ 143.7243674, -37.220980399999988 ], [ 143.722829599999983, -37.2173737 ], [ 143.727017499999988, -37.2136577 ], [ 143.7298424, -37.2194061 ], [ 143.732617399999981, -37.2145526 ], [ 143.7589013, -37.2330933 ], [ 143.766290199999986, -37.2282207 ], [ 143.820197399999984, -37.235207 ], [ 143.8220672, -37.2259318 ], [ 143.833551199999988, -37.226249799999984 ], [ 143.836998400000027, -37.232833 ], [ 143.858443099999988, -37.2353338 ], [ 143.8672478, -37.1952588 ], [ 143.8750082, -37.186388799999989 ], [ 143.9510278, -37.194159799999987 ], [ 143.9626563, -37.1765206 ], [ 143.958904499999989, -37.1683 ], [ 143.9638641, -37.1632405 ], [ 143.962955, -37.1487135 ], [ 143.9551866, -37.1398837 ], [ 143.9628875, -37.1293065 ], [ 143.9646383, -37.1007629 ], [ 143.971968299999986, -37.0915534 ], [ 143.9797763, -37.0993464 ], [ 143.9859612, -37.0869313 ], [ 144.013789799999984, -37.074003599999976 ], [ 144.0087778, -37.0611186 ], [ 143.9916959, -37.0541258 ], [ 143.989774899999986, -37.0477528 ], [ 143.9734508, -37.0293648 ], [ 143.8995352, -37.021093799999989 ], [ 143.895705, -37.0235595 ], [ 143.899703599999981, -37.0005423 ], [ 143.882293799999985, -36.9985584 ], [ 143.8842506, -36.9863123 ], [ 143.830644299999989, -36.9807189 ], [ 143.8359053, -36.9785903 ], [ 143.8364172, -36.9632621 ], [ 143.8456134, -36.9629122 ], [ 143.846303799999987, -36.9577135 ], [ 143.8518407, -36.957326099999989 ], [ 143.859888399999988, -36.9499522 ], [ 143.855611399999987, -36.9471013 ], [ 143.8465242, -36.9280413 ], [ 143.857459799999987, -36.9163059 ], [ 143.862975799999987, -36.9155058 ], [ 143.8632877, -36.909548799999989 ], [ 143.8672166, -36.9069626 ], [ 143.8664015, -36.901242499999988 ], [ 143.8558276, -36.9000208 ], [ 143.8585324, -36.8857837 ], [ 143.8492154, -36.8848599 ], [ 143.8463864, -36.88046 ], [ 143.802772899999979, -36.874081 ], [ 143.790179099999989, -36.8746443 ], [ 143.7568479, -36.8677791 ], [ 143.754253200000022, -36.860866799999989 ], [ 143.758857299999988, -36.8429328 ], [ 143.7177983, -36.8375743 ], [ 143.701675099999989, -36.8233683 ], [ 143.679730399999983, -36.8163562 ], [ 143.6769869, -36.8115932 ], [ 143.680249299999986, -36.799182 ], [ 143.6748443, -36.7689708 ], [ 143.667370299999988, -36.7562747 ], [ 143.671936, -36.7567869 ], [ 143.674501, -36.7422926 ], [ 143.6650191, -36.7411056 ], [ 143.6696379, -36.7236858 ], [ 143.6324263, -36.7211 ], [ 143.6328092, -36.7283056 ], [ 143.6284202, -36.7357727 ], [ 143.5737902, -36.729007499999987 ], [ 143.5685283, -36.7417907 ], [ 143.55035190000001, -36.739741299999984 ], [ 143.5483333, -36.7428917 ], [ 143.539439499999986, -36.7404413 ], [ 143.49544, -36.740841 ], [ 143.495654299999984, -36.755420899999983 ], [ 143.463360099999989, -36.7553369 ], [ 143.465750499999984, -36.7599755 ], [ 143.479710499999982, -36.7675069 ], [ 143.4775639, -36.7706486 ], [ 143.486673599999989, -36.7776281 ], [ 143.4900504, -36.7893298 ], [ 143.5005635, -36.7970354 ], [ 143.5017785, -36.803894799999988 ], [ 143.5068966, -36.8079049 ], [ 143.507464699999986, -36.8128085 ], [ 143.4990429, -36.8214792 ], [ 143.4987769, -36.8265712 ], [ 143.5006316, -36.838623100000014 ], [ 143.510196799999989, -36.8486726 ], [ 143.5110233, -36.8585567 ], [ 143.50757059999998, -36.862317499999989 ], [ 143.5102875, -36.8686655 ], [ 143.5079194, -36.8787231 ], [ 143.5020237, -36.8871023 ], [ 143.4953381, -36.8910578 ], [ 143.48821049999998, -36.8883107 ], [ 143.4820153, -36.8950313 ], [ 143.484923, -36.9004001 ], [ 143.4754974, -36.9058233 ], [ 143.474219399999981, -36.9100941 ], [ 143.467387, -36.9114698 ], [ 143.466831899999988, -36.9307697 ], [ 143.4699416, -36.9313976 ], [ 143.4724306, -36.9388602 ], [ 143.506958199999985, -36.9427349 ], [ 143.506482299999988, -36.9453527 ], [ 143.54246, -36.9492168 ], [ 143.5434103, -36.943959299999989 ], [ 143.577238099999988, -36.9483858 ], [ 143.5819606, -36.9451041 ], [ 143.5935288, -36.956167799999989 ], [ 143.5746821, -36.968991300000013 ], [ 143.577553099999989, -36.9716767 ], [ 143.575801, -36.9815165 ], [ 143.603665299999989, -36.989919199999981 ], [ 143.6020299, -36.9995006 ], [ 143.5941815, -36.9986026 ], [ 143.5920773, -37.0108247 ], [ 143.5797527, -37.0094097 ], [ 143.5756941, -37.0318308 ], [ 143.5625317, -37.033604099999984 ] ] ] } },
{ "type": "Feature", "properties": { "lga_code": "21750", "lga_name": "Colac Otway", "area_sqkm": 3437.47 }, "geometry": { "type": "MultiPolygon", "coordinates": [ [ [ [ 143.402523100000025, -38.7813937 ], [ 143.402944, -38.781102799999985 ], [ 143.402628199999981, -38.781049700000011 ], [ 143.402523100000025, -38.7813937 ] ] ], [ [ [ 143.4712629, -38.1801193 ], [ 143.45679819999998, -38.1906196 ], [ 143.4598681, -38.1938666 ], [ 143.454872199999983, -38.1975627 ], [ 143.4504813, -38.1976997 ], [ 143.445998299999985, -38.1901647 ], [ 143.4424053, -38.191276699999989 ], [ 143.4379223, -38.187016699999987 ], [ 143.432621499999982, -38.1944758 ], [ 143.4273135, -38.1952339 ], [ 143.4256863, -38.192920699999988 ], [ 143.41778979999998, -38.2000672 ], [ 143.4097731, -38.200850500000016 ], [ 143.417640899999981, -38.2101233 ], [ 143.4135852, -38.2156427 ], [ 143.4209669, -38.224976399999981 ], [ 143.4139634, -38.2345917 ], [ 143.408164699999986, -38.2346588 ], [ 143.409919699999989, -38.239674799999989 ], [ 143.405684899999983, -38.2402529 ], [ 143.41020469999998, -38.2426548 ], [ 143.40981979999998, -38.2475349 ], [ 143.4172295, -38.2471568 ], [ 143.4147448, -38.2520628 ], [ 143.4277643, -38.2486166 ], [ 143.428732199999985, -38.2446198 ], [ 143.4232302, -38.2419966 ], [ 143.4230422, -38.2379495 ], [ 143.4367282, -38.2347108 ], [ 143.4337511, -38.2409955 ], [ 143.440132, -38.2393784 ], [ 143.4402531, -38.2439544 ], [ 143.448537, -38.2464224 ], [ 143.4477111, -38.25084949999998 ], [ 143.4456011, -38.2487345 ], [ 143.4366212, -38.2498305 ], [ 143.439752199999987, -38.2523815 ], [ 143.44453009999998, -38.2546208 ], [ 143.4596292, -38.2504207 ], [ 143.460207, -38.2526013 ], [ 143.465605899999986, -38.252288299999982 ], [ 143.465442, -38.2580973 ], [ 143.4745768, -38.2519342 ], [ 143.4789208, -38.2542042 ], [ 143.483199899999988, -38.2635742 ], [ 143.482387099999983, -38.2717123 ], [ 143.4758642, -38.2750234 ], [ 143.476237199999986, -38.2787395 ], [ 143.471247399999982, -38.2815095 ], [ 143.4681674, -38.2796375 ], [ 143.4667325, -38.2845476 ], [ 143.4611515, -38.2821296 ], [ 143.4565136, -38.2833307 ], [ 143.4611052, -38.2856628 ], [ 143.456987699999985, -38.2916437 ], [ 143.4525817, -38.2917778 ], [ 143.456569799999983, -38.2959948 ], [ 143.4533319, -38.3026629 ], [ 143.430926299999982, -38.3089012 ], [ 143.4296574, -38.3136012 ], [ 143.4355994, -38.3157322 ], [ 143.4346567, -38.3293983 ], [ 143.4281279, -38.3387235 ], [ 143.423293299999983, -38.3404378 ], [ 143.4219885, -38.348693799999985 ], [ 143.397679499999981, -38.349333699999988 ], [ 143.3906558, -38.3447397 ], [ 143.3623796, -38.3400682 ], [ 143.3406536, -38.3259466 ], [ 143.323749099999986, -38.3244401 ], [ 143.2964106, -38.331565 ], [ 143.285975799999989, -38.331552 ], [ 143.28456749999998, -38.339346899999988 ], [ 143.276107, -38.3471069 ], [ 143.2788037, -38.3533724 ], [ 143.283824899999985, -38.3542594 ], [ 143.2824312, -38.3679377 ], [ 143.2795256, -38.3691836 ], [ 143.2637911, -38.4468104 ], [ 143.3208831, -38.4539337 ], [ 143.3234783, -38.4632008 ], [ 143.3386596, -38.4667828 ], [ 143.3615749, -38.4846745 ], [ 143.3643995, -38.4956481 ], [ 143.3528378, -38.4934501 ], [ 143.3445898, -38.4979092 ], [ 143.3511854, -38.517204199999988 ], [ 143.362304099999989, -38.5210117 ], [ 143.3480841, -38.5399787 ], [ 143.3486801, -38.5443977 ], [ 143.3220921, -38.5574347 ], [ 143.277858899999984, -38.567031 ], [ 143.274574, -38.5744 ], [ 143.2666031, -38.5734047 ], [ 143.278917, -38.587466199999987 ], [ 143.281466199999983, -38.6046837 ], [ 143.292420199999981, -38.6150837 ], [ 143.2803442, -38.6240547 ], [ 143.271195899999981, -38.623076599999976 ], [ 143.2723781, -38.6272987 ], [ 143.2653532, -38.6284857 ], [ 143.2680972, -38.6325047 ], [ 143.262813199999982, -38.6335007 ], [ 143.262347200000022, -38.638860699999988 ], [ 143.269511199999982, -38.6435857 ], [ 143.266237200000035, -38.6470007 ], [ 143.2751702, -38.6482297 ], [ 143.279417199999983, -38.6542847 ], [ 143.2726851, -38.6587087 ], [ 143.27107909999998, -38.665597699999985 ], [ 143.26237519999998, -38.6685547 ], [ 143.2652211, -38.6754947 ], [ 143.2537221, -38.6777377 ], [ 143.2522391, -38.6832817 ], [ 143.2584832, -38.686844699999988 ], [ 143.247120100000018, -38.6883117 ], [ 143.250934199999989, -38.6949757 ], [ 143.2489171, -38.6987057 ], [ 143.2567051, -38.7036677 ], [ 143.2537921, -38.7081737 ], [ 143.2592951, -38.7131967 ], [ 143.2556281, -38.7232057 ], [ 143.2508431, -38.7263847 ], [ 143.2539352, -38.7312827 ], [ 143.2506961, -38.7372067 ], [ 143.25875019999998, -38.7473607 ], [ 143.2803491, -38.7473577 ], [ 143.287117199999983, -38.7575218 ], [ 143.3034252, -38.7500667 ], [ 143.3262301, -38.7570287 ], [ 143.356477, -38.7539298 ], [ 143.373056, -38.7596998 ], [ 143.396242199999989, -38.7718848 ], [ 143.4031391, -38.780973799999984 ], [ 143.4291833, -38.7836777 ], [ 143.43345, -38.7892018 ], [ 143.464121299999988, -38.8088468 ], [ 143.4920439, -38.8362368 ], [ 143.492832, -38.8438797 ], [ 143.5109252, -38.8575668 ], [ 143.5436182, -38.8534227 ], [ 143.553941899999984, -38.8556958 ], [ 143.5615282, -38.8483878 ], [ 143.560653100000025, -38.845485799999985 ], [ 143.5796139, -38.8359707 ], [ 143.585658, -38.8218117 ], [ 143.616036899999983, -38.7954958 ], [ 143.622213099999982, -38.7925107 ], [ 143.6464332, -38.7912728 ], [ 143.6660177, -38.7793658 ], [ 143.6667013, -38.7683018 ], [ 143.679947, -38.7608248 ], [ 143.6720579, -38.7575907 ], [ 143.6704192, -38.7523707 ], [ 143.6815516, -38.7374735 ], [ 143.7266559, -38.7217828 ], [ 143.728561, -38.7177848 ], [ 143.749995, -38.7131428 ], [ 143.7567281, -38.7066937 ], [ 143.774781, -38.7054548 ], [ 143.7766531, -38.7025128 ], [ 143.801807, -38.6978338 ], [ 143.8102882, -38.6930368 ], [ 143.840418, -38.6909798 ], [ 143.842067899999989, -38.679065699999988 ], [ 143.866232199999985, -38.6716548 ], [ 143.863079, -38.6668178 ], [ 143.8702901, -38.6552578 ], [ 143.894282, -38.641483799999989 ], [ 143.8914542, -38.635137799999988 ], [ 143.908159899999987, -38.625852799999983 ], [ 143.9162222, -38.6144148 ], [ 143.922058099999987, -38.5941358 ], [ 143.9461119, -38.5794043 ], [ 143.8245384, -38.5665743 ], [ 143.82625520000002, -38.557332199999983 ], [ 143.837867, -38.5588 ], [ 143.8519246, -38.544685699999988 ], [ 143.8509809, -38.5298617 ], [ 143.8552904, -38.5239476 ], [ 143.845017499999983, -38.5228057 ], [ 143.8470892, -38.5118286 ], [ 143.834943399999986, -38.5105608 ], [ 143.878786500000018, -38.276191699999984 ], [ 143.833847599999984, -38.2909706 ], [ 143.841329600000023, -38.242899599999987 ], [ 143.845284600000014, -38.1849319 ], [ 143.851009299999987, -38.1750608 ], [ 143.8574648, -38.1333998 ], [ 143.809871499999986, -38.1276856 ], [ 143.8109294, -38.120584499999985 ], [ 143.8218665, -38.1043319 ], [ 143.8243416, -38.0918734 ], [ 143.8284166, -38.092180699999986 ], [ 143.824569199999985, -38.0809505 ], [ 143.8185977, -38.080137199999989 ], [ 143.8297207, -38.0223499 ], [ 143.7669726, -38.0197538 ], [ 143.7361521, -38.0273361 ], [ 143.6724151, -38.0293869 ], [ 143.6289193, -38.0233934 ], [ 143.626146399999982, -38.0340412 ], [ 143.6224421, -38.0306091 ], [ 143.6192226, -38.038516 ], [ 143.6163592, -38.0323957 ], [ 143.6118945, -38.0351759 ], [ 143.615616499999987, -38.041851 ], [ 143.6118626, -38.0503074 ], [ 143.61312479999998, -38.0538039 ], [ 143.6195438, -38.0540915 ], [ 143.6156681, -38.0609686 ], [ 143.6348946, -38.07708550000001 ], [ 143.63486469999998, -38.0891447 ], [ 143.624113, -38.0943958 ], [ 143.6029852, -38.0939557 ], [ 143.6043671, -38.1028321 ], [ 143.6009306, -38.1015381 ], [ 143.600091599999985, -38.105589099999989 ], [ 143.594812599999983, -38.1081942 ], [ 143.5766099, -38.1073463 ], [ 143.5732089, -38.1009513 ], [ 143.5525781, -38.1015815 ], [ 143.5405863, -38.1078426 ], [ 143.533086699999984, -38.1212409 ], [ 143.525310099999984, -38.1251937 ], [ 143.5173389, -38.124814099999988 ], [ 143.510803, -38.129987199999988 ], [ 143.4994381, -38.128512299999983 ], [ 143.489690199999984, -38.132287399999981 ], [ 143.476990299999983, -38.1302905 ], [ 143.4737772, -38.1210715 ], [ 143.469164299999989, -38.1212526 ], [ 143.464539299999984, -38.149090699999988 ], [ 143.4707396, -38.1525469 ], [ 143.4753617, -38.160402 ], [ 143.4712629, -38.1801193 ] ] ] ] } },
{ "type": "Feature", "properties": { "lga_code": "21830", "lga_name": "Corangamite", "area_sqkm": 4407.492 }, "geometry": { "type": "MultiPolygon", "coordinates": [ [ [ [ 143.2647871, -38.7699327 ], [ 143.265976199999983, -38.7698007 ], [ 143.2651421, -38.7695737 ], [ 143.2647871, -38.7699327 ] ] ], [ [ [ 143.04703, -38.6413267 ], [ 143.0481622, -38.6410807 ], [ 143.046897199999989, -38.6410717 ], [ 143.04703, -38.6413267 ] ] ], [ [ [ 143.063554, -38.6485277 ], [ 143.0653371, -38.6491297 ], [ 143.0659073, -38.6486537 ], [ 143.063554, -38.6485277 ] ] ], [ [ [ 143.0687203, -38.6493903 ], [ 143.070607699999982, -38.6489222 ], [ 143.0707744, -38.648296899999984 ], [ 143.0687203, -38.6493903 ] ] ], [ [ [ 143.0718594, -38.6505023 ], [ 143.073097499999989, -38.6497726 ], [ 143.0731015, -38.6494619 ], [ 143.0718594, -38.6505023 ] ] ], [ [ [ 143.074151799999981, -38.6509096 ], [ 143.074596, -38.6509053 ], [ 143.074190099999981, -38.650765299999989 ], [ 143.074151799999981, -38.6509096 ] ] ], [ [ [ 143.0566273, -38.6445957 ], [ 143.0570143, -38.6445917 ], [ 143.0570323, -38.644460699999989 ], [ 143.0566273, -38.6445957 ] ] ], [ [ [ 143.0820799, -38.6551437 ], [ 143.0812585, -38.6554562 ], [ 143.082096700000022, -38.655552799999988 ], [ 143.0820799, -38.6551437 ] ] ], [ [ [ 143.0877715, -38.6583712 ], [ 143.088501399999984, -38.658101 ], [ 143.087896299999983, -38.657966 ], [ 143.0877715, -38.6583712 ] ] ], [ [ [ 143.095472699999988, -38.6608776 ], [ 143.095630400000033, -38.6613188 ], [ 143.0958523, -38.6608789 ], [ 143.095472699999988, -38.6608776 ] ] ], [ [ [ 143.0762035, -38.651663399999983 ], [ 143.0767645, -38.6514892 ], [ 143.0767797, -38.651316799999989 ], [ 143.0762035, -38.651663399999983 ] ] ], [ [ [ 143.1006903, -38.6633346 ], [ 143.101111799999984, -38.663517 ], [ 143.1011289, -38.6633217 ], [ 143.1006903, -38.6633346 ] ] ], [ [ [ 143.1028131, -38.6646957 ], [ 143.1031083, -38.6645757 ], [ 143.1027321, -38.664453699999989 ], [ 143.1028131, -38.6646957 ] ] ], [ [ [ 143.0753772, -38.6522907 ], [ 143.075670200000019, -38.6520277 ], [ 143.0753153, -38.6521587 ], [ 143.0753772, -38.6522907 ] ] ], [ [ [ 143.075561099999987, -38.6510773 ], [ 143.0751554, -38.6511791 ], [ 143.0753842, -38.6512942 ], [ 143.075561099999987, -38.6510773 ] ] ], [ [ [ 143.0837032, -38.6539398 ], [ 143.0835237, -38.653719099999989 ], [ 143.083501399999989, -38.653979 ], [ 143.0837032, -38.6539398 ] ] ], [ [ [ 143.1078531, -38.6684697 ], [ 143.1081922, -38.668285799999985 ], [ 143.108091100000024, -38.6682557 ], [ 143.1078531, -38.6684697 ] ] ], [ [ [ 143.1071191, -38.6685237 ], [ 143.1071633, -38.668289699999988 ], [ 143.106960300000026, -38.6684517 ], [ 143.1071191, -38.6685237 ] ] ], [ [ [ 143.099505099999988, -38.6625321 ], [ 143.099791200000027, -38.662505499999988 ], [ 143.099662699999982, -38.662357 ], [ 143.099505099999988, -38.6625321 ] ] ], [ [ [ 143.0218347, -38.6293787 ], [ 143.0224462, -38.6296291 ], [ 143.0226039, -38.629057 ], [ 143.0218347, -38.6293787 ] ] ], [ [ [ 142.844528199999985, -38.1967276 ], [ 142.8254494, -38.2970157 ], [ 142.8146073, -38.298390399999988 ], [ 142.817889399999984, -38.3128855 ], [ 142.821301299999988, -38.3106594 ], [ 142.827235299999984, -38.3144434 ], [ 142.834362199999987, -38.3084493 ], [ 142.839182099999988, -38.3130643 ], [ 142.8472549, -38.3059602 ], [ 142.8579498, -38.3057271 ], [ 142.856887199999989, -38.3116317 ], [ 142.879818299999982, -38.306195699999989 ], [ 142.8473653, -38.4807327 ], [ 142.8683192, -38.4854627 ], [ 142.8687742, -38.4830847 ], [ 142.8996339, -38.4867683 ], [ 142.8794202, -38.4941367 ], [ 142.8675312, -38.4928357 ], [ 142.8653262, -38.4993697 ], [ 142.858088200000026, -38.500032699999984 ], [ 142.8584942, -38.5040937 ], [ 142.8533842, -38.5064487 ], [ 142.855458199999987, -38.5115337 ], [ 142.8430453, -38.5124317 ], [ 142.8403252, -38.5180837 ], [ 142.834035199999988, -38.5191287 ], [ 142.8379353, -38.5251317 ], [ 142.8327282, -38.5379517 ], [ 142.847341199999988, -38.5501627 ], [ 142.8534822, -38.5510607 ], [ 142.853264199999984, -38.5570587 ], [ 142.8694812, -38.5669587 ], [ 142.8709048, -38.5826273 ], [ 142.8775598, -38.5964594 ], [ 142.8845227, -38.6003984 ], [ 142.8802599, -38.6084484 ], [ 142.9021764, -38.6106255 ], [ 142.914498200000025, -38.6195637 ], [ 142.920088, -38.6165246 ], [ 142.92156319999998, -38.6200657 ], [ 142.9298011, -38.6212047 ], [ 142.9298522, -38.6240597 ], [ 142.937032099999982, -38.6273227 ], [ 142.9376603, -38.6224407 ], [ 142.9444542, -38.6242997 ], [ 142.9478904, -38.6197547 ], [ 142.9748803, -38.625349699999987 ], [ 142.987091099999986, -38.6218548 ], [ 143.013456099999985, -38.624124699999982 ], [ 143.021220199999988, -38.6258927 ], [ 143.0287143, -38.6319237 ], [ 143.036671, -38.63173470000001 ], [ 143.040982, -38.6394017 ], [ 143.0435153, -38.6377137 ], [ 143.0556013, -38.6417377 ], [ 143.0581742, -38.6449907 ], [ 143.054996099999983, -38.6478567 ], [ 143.0603382, -38.6457367 ], [ 143.065319099999982, -38.6481168 ], [ 143.0699811, -38.6466117 ], [ 143.0681801, -38.6485427 ], [ 143.071612300000027, -38.6475027 ], [ 143.0710723, -38.6498798 ], [ 143.075539099999986, -38.6486918 ], [ 143.0810003, -38.6511907 ], [ 143.0804063, -38.6543287 ], [ 143.0831971, -38.6532278 ], [ 143.094631, -38.6583567 ], [ 143.122986, -38.6767808 ], [ 143.154721099999989, -38.7065237 ], [ 143.164039, -38.7113337 ], [ 143.1856113, -38.7338027 ], [ 143.189641099999989, -38.734163699999989 ], [ 143.190317199999981, -38.7401807 ], [ 143.1961442, -38.741244699999989 ], [ 143.215328199999988, -38.7583797 ], [ 143.2295752, -38.7613337 ], [ 143.233071099999989, -38.7664637 ], [ 143.249113099999988, -38.7679997 ], [ 143.2595373, -38.7729748 ], [ 143.2576383, -38.770688799999988 ], [ 143.2658783, -38.769120799999989 ], [ 143.267554099999984, -38.762993699999988 ], [ 143.2801541, -38.762926700000016 ], [ 143.280382, -38.7589797 ], [ 143.287117199999983, -38.7575218 ], [ 143.2803491, -38.7473577 ], [ 143.25875019999998, -38.7473607 ], [ 143.2524292, -38.7419637 ], [ 143.250815099999983, -38.7357567 ], [ 143.2539352, -38.7312827 ], [ 143.2506051, -38.7271997 ], [ 143.2592951, -38.7131967 ], [ 143.2537921, -38.7081737 ], [ 143.2567051, -38.7036677 ], [ 143.2489171, -38.6987057 ], [ 143.250934199999989, -38.6949757 ], [ 143.247120100000018, -38.6883117 ], [ 143.2584832, -38.686844699999988 ], [ 143.2522391, -38.6832817 ], [ 143.2537221, -38.6777377 ], [ 143.2652211, -38.6754947 ], [ 143.26237519999998, -38.6685547 ], [ 143.27107909999998, -38.665597699999985 ], [ 143.2726851, -38.6587087 ], [ 143.279417199999983, -38.6542847 ], [ 143.2751702, -38.6482297 ], [ 143.266237200000035, -38.6470007 ], [ 143.269511199999982, -38.6435857 ], [ 143.262240199999979, -38.6385767 ], [ 143.2629062, -38.6333947 ], [ 143.2680972, -38.6325047 ], [ 143.265277199999986, -38.6285497 ], [ 143.2723781, -38.6272987 ], [ 143.271195899999981, -38.623076599999976 ], [ 143.2803442, -38.6240547 ], [ 143.292420199999981, -38.6150837 ], [ 143.281466199999983, -38.6046837 ], [ 143.278917, -38.587466199999987 ], [ 143.2666031, -38.5734047 ], [ 143.274574, -38.5744 ], [ 143.277858899999984, -38.567031 ], [ 143.3220921, -38.5574347 ], [ 143.3486801, -38.5443977 ], [ 143.3480841, -38.5399787 ], [ 143.362304099999989, -38.5210117 ], [ 143.3511854, -38.517204199999988 ], [ 143.3445898, -38.4979092 ], [ 143.3528378, -38.4934501 ], [ 143.3643995, -38.4956481 ], [ 143.3615749, -38.4846745 ], [ 143.3386596, -38.4667828 ], [ 143.3234783, -38.4632008 ], [ 143.3208831, -38.4539337 ], [ 143.2637911, -38.4468104 ], [ 143.2795256, -38.3691836 ], [ 143.2824312, -38.3679377 ], [ 143.283824899999985, -38.3542594 ], [ 143.2788037, -38.3533724 ], [ 143.276107, -38.3471069 ], [ 143.28456749999998, -38.339346899999988 ], [ 143.285975799999989, -38.331552 ], [ 143.2964106, -38.331565 ], [ 143.323749099999986, -38.3244401 ], [ 143.3406536, -38.3259466 ], [ 143.3623796, -38.3400682 ], [ 143.3906558, -38.3447397 ], [ 143.397679499999981, -38.349333699999988 ], [ 143.4219885, -38.348693799999985 ], [ 143.423293299999983, -38.3404378 ], [ 143.4281279, -38.3387235 ], [ 143.4346567, -38.3293983 ], [ 143.4355994, -38.3157322 ], [ 143.4296574, -38.3136012 ], [ 143.430926299999982, -38.3089012 ], [ 143.4533319, -38.3026629 ], [ 143.456569799999983, -38.2959948 ], [ 143.4525817, -38.2917778 ], [ 143.456987699999985, -38.2916437 ], [ 143.4611052, -38.2856628 ], [ 143.4565136, -38.2833307 ], [ 143.4667325, -38.2845476 ], [ 143.4681674, -38.2796375 ], [ 143.471247399999982, -38.2815095 ], [ 143.476237199999986, -38.2787395 ], [ 143.4758642, -38.2750234 ], [ 143.482387099999983, -38.2717123 ], [ 143.483199899999988, -38.2635742 ], [ 143.4789208, -38.2542042 ], [ 143.4745768, -38.2519342 ], [ 143.465442, -38.2580973 ], [ 143.465605899999986, -38.252288299999982 ], [ 143.460207, -38.2526013 ], [ 143.4596292, -38.2504207 ], [ 143.44453009999998, -38.2546208 ], [ 143.439752199999987, -38.2523815 ], [ 143.4366212, -38.2498305 ], [ 143.4456011, -38.2487345 ], [ 143.4477111, -38.25084949999998 ], [ 143.448537, -38.2464224 ], [ 143.4402531, -38.2439544 ], [ 143.440132, -38.2393784 ], [ 143.4337511, -38.2409955 ], [ 143.4367282, -38.2347108 ], [ 143.4230422, -38.2379495 ], [ 143.4232302, -38.2419966 ], [ 143.428732199999985, -38.2446198 ], [ 143.4277643, -38.2486166 ], [ 143.4147448, -38.2520628 ], [ 143.4172295, -38.2471568 ], [ 143.40981979999998, -38.2475349 ], [ 143.41020469999998, -38.2426548 ], [ 143.405684899999983, -38.2402529 ], [ 143.409919699999989, -38.239674799999989 ], [ 143.408164699999986, -38.2346588 ], [ 143.4139634, -38.2345917 ], [ 143.4209669, -38.224976399999981 ], [ 143.4135852, -38.2156427 ], [ 143.417640899999981, -38.2101233 ], [ 143.4097731, -38.200850500000016 ], [ 143.41778979999998, -38.2000672 ], [ 143.4256863, -38.192920699999988 ], [ 143.4273135, -38.1952339 ], [ 143.432621499999982, -38.1944758 ], [ 143.4379223, -38.187016699999987 ], [ 143.4424053, -38.191276699999989 ], [ 143.445998299999985, -38.1901647 ], [ 143.4504813, -38.1976997 ], [ 143.454872199999983, -38.1975627 ], [ 143.4598681, -38.1938666 ], [ 143.45679819999998, -38.1906196 ], [ 143.470425, -38.1813633 ], [ 143.4758027, -38.163374 ], [ 143.4715646, -38.1535139 ], [ 143.464539299999984, -38.149090699999988 ], [ 143.469164299999989, -38.1212526 ], [ 143.4737772, -38.1210715 ], [ 143.476990299999983, -38.1302905 ], [ 143.489690199999984, -38.132287399999981 ], [ 143.4994381, -38.128512299999983 ], [ 143.510803, -38.129987199999988 ], [ 143.5173389, -38.124814099999988 ], [ 143.525310099999984, -38.1251937 ], [ 143.533086699999984, -38.1212409 ], [ 143.5405863, -38.1078426 ], [ 143.5525781, -38.1015815 ], [ 143.5732089, -38.1009513 ], [ 143.5766099, -38.1073463 ], [ 143.594812599999983, -38.1081942 ], [ 143.600091599999985, -38.105589099999989 ], [ 143.6009306, -38.1015381 ], [ 143.6043671, -38.1028321 ], [ 143.6029852, -38.0939557 ], [ 143.624113, -38.0943958 ], [ 143.63486469999998, -38.0891447 ], [ 143.6348946, -38.07708550000001 ], [ 143.6156681, -38.0609686 ], [ 143.6196208, -38.0545506 ], [ 143.6128172, -38.053365 ], [ 143.615616499999987, -38.041851 ], [ 143.6118945, -38.0351759 ], [ 143.6163592, -38.0323957 ], [ 143.6192226, -38.038516 ], [ 143.6224421, -38.0306091 ], [ 143.626146399999982, -38.0340412 ], [ 143.6298622, -38.027836 ], [ 143.628154599999988, -38.0163225 ], [ 143.6326573, -38.0163205 ], [ 143.6334154, -38.0126591 ], [ 143.6502672, -38.013292899999989 ], [ 143.656223100000034, -38.010838799999988 ], [ 143.6560299, -38.007077399999986 ], [ 143.6510451, -38.0059408 ], [ 143.653643200000033, -37.9993251 ], [ 143.646766899999989, -37.9920247 ], [ 143.648244799999986, -37.9883426 ], [ 143.6381189, -37.9847357 ], [ 143.6370479, -37.9812306 ], [ 143.633995, -37.985620699999984 ], [ 143.629979, -37.981245699999988 ], [ 143.6218298, -37.9818465 ], [ 143.6209395, -37.978646 ], [ 143.624421399999989, -37.9781778 ], [ 143.6189105, -37.971173 ], [ 143.6203937, -37.9653682 ], [ 143.6158441, -37.9645016 ], [ 143.610719099999983, -37.9581836 ], [ 143.5973227, -37.962173 ], [ 143.593456, -37.9546556 ], [ 143.4794166, -37.9408367 ], [ 143.4772261, -37.937637 ], [ 143.481001, -37.9313335 ], [ 143.477123500000033, -37.9243528 ], [ 143.472528399999987, -37.9235378 ], [ 143.455672199999981, -37.909100899999977 ], [ 143.4507351, -37.9078824 ], [ 143.4474109, -37.9104675 ], [ 143.4427813, -37.9056561 ], [ 143.4479149, -37.8962193 ], [ 143.444496, -37.885376799999989 ], [ 143.4525041, -37.8772899 ], [ 143.4524123, -37.8732599 ], [ 143.4405593, -37.8594181 ], [ 143.4444909, -37.85103059999998 ], [ 143.4409619, -37.8417266 ], [ 143.445388399999985, -37.839397 ], [ 143.447803, -37.821387 ], [ 143.446683, -37.812908899999989 ], [ 143.440635, -37.806308 ], [ 143.4407181, -37.7848362 ], [ 143.464749899999987, -37.6589159 ], [ 143.4523139, -37.6614389 ], [ 143.4465711, -37.6694989 ], [ 143.4327443, -37.6714571 ], [ 143.4262833, -37.6680722 ], [ 143.4126216, -37.6731114 ], [ 143.404772700000024, -37.6728224 ], [ 143.403339700000032, -37.6688914 ], [ 143.398574699999983, -37.6680355 ], [ 143.385369, -37.6701836 ], [ 143.379816, -37.6683636 ], [ 143.3728821, -37.6723137 ], [ 143.353873199999981, -37.6703623 ], [ 143.3513806, -37.686605 ], [ 143.3401699, -37.6950962 ], [ 143.3433758, -37.6991552 ], [ 143.340552799999983, -37.6989412 ], [ 143.342283899999984, -37.7012822 ], [ 143.3393309, -37.702984199999982 ], [ 143.342420900000036, -37.7084902 ], [ 143.339141, -37.7108463 ], [ 143.332993, -37.708735299999987 ], [ 143.330617099999984, -37.7125534 ], [ 143.327015099999983, -37.7101094 ], [ 143.320527199999987, -37.7119395 ], [ 143.326616199999989, -37.714679399999987 ], [ 143.321835199999981, -37.7170425 ], [ 143.3273302, -37.7195215 ], [ 143.32285539999998, -37.7284196 ], [ 143.3182694, -37.7278256 ], [ 143.3206965, -37.7347597 ], [ 143.325168400000024, -37.7361626 ], [ 143.3160866, -37.7352497 ], [ 143.3175506, -37.738506699999988 ], [ 143.321715499999982, -37.7379897 ], [ 143.322806499999984, -37.7433657 ], [ 143.3158226, -37.7448998 ], [ 143.3156797, -37.748195800000012 ], [ 143.3073848, -37.7483689 ], [ 143.304144900000011, -37.7565879 ], [ 143.3023259, -37.7536609 ], [ 143.2847702, -37.7574372 ], [ 143.2825722, -37.7541572 ], [ 143.2772233, -37.7560613 ], [ 143.271950299999986, -37.7533533 ], [ 143.2708912, -37.74565530000001 ], [ 143.263609299999985, -37.7386947 ], [ 143.267104, -37.7334822 ], [ 143.2548401, -37.7322097 ], [ 143.2561231, -37.7347684 ], [ 143.2489663, -37.7381825 ], [ 143.2485723, -37.7435275 ], [ 143.245911399999983, -37.742544499999987 ], [ 143.2419085, -37.7467046 ], [ 143.23728939999998, -37.7418276 ], [ 143.231702500000011, -37.7422787 ], [ 143.2346135, -37.7437367 ], [ 143.231892599999981, -37.7464237 ], [ 143.22628659999998, -37.7446458 ], [ 143.2246365, -37.7369507 ], [ 143.2173426, -37.7380148 ], [ 143.215276599999981, -37.7344648 ], [ 143.2005428, -37.736504 ], [ 143.1952258, -37.733682 ], [ 143.1891229, -37.7346621 ], [ 143.1847679, -37.7308591 ], [ 143.179288899999989, -37.7324102 ], [ 143.1741954, -37.7433477 ], [ 143.1679273, -37.744127399999989 ], [ 143.1706604, -37.7504484 ], [ 143.1671804, -37.7495414 ], [ 143.1686144, -37.753930499999989 ], [ 143.165013499999986, -37.7548735 ], [ 143.1655357, -37.7652526 ], [ 143.1607027, -37.7617616 ], [ 143.1492188, -37.761702699999987 ], [ 143.1456521, -37.7685145 ], [ 143.13705120000003, -37.7707732 ], [ 143.1342761, -37.773643399999983 ], [ 143.1362701, -37.7760837 ], [ 143.131638, -37.779091899999983 ], [ 143.1258095, -37.7797271 ], [ 143.1164765, -37.7739961 ], [ 143.1083117, -37.7785072 ], [ 143.1059329, -37.7892903 ], [ 143.1102669, -37.7931393 ], [ 143.1083351, -37.8009204 ], [ 143.1018163, -37.8051925 ], [ 143.0990634, -37.8093125 ], [ 143.1007265, -37.814979500000014 ], [ 143.0952096, -37.8185376 ], [ 143.1009057, -37.8292286 ], [ 143.1050567, -37.8308606 ], [ 143.1056538, -37.838061599999982 ], [ 143.1021759, -37.8396287 ], [ 143.1072869, -37.8434156 ], [ 143.099510899999984, -37.843347699999988 ], [ 143.099434, -37.8506428 ], [ 143.08427039999998, -37.8562749 ], [ 143.0795435, -37.8638231 ], [ 143.0832246, -37.872607099999989 ], [ 143.0813078, -37.8784602 ], [ 143.0870177, -37.8793502 ], [ 143.089012600000018, -37.876389099999983 ], [ 143.092709700000029, -37.8795891 ], [ 143.0953525, -37.8770101 ], [ 143.101238599999988, -37.8829511 ], [ 143.0885197, -37.8793862 ], [ 143.0827289, -37.8846433 ], [ 143.074042, -37.8857414 ], [ 143.079919099999984, -37.8936524 ], [ 143.0722472, -37.8951625 ], [ 143.079793199999983, -37.898179400000011 ], [ 143.084213299999988, -37.9075875 ], [ 143.092390099999989, -37.9034804 ], [ 143.0977101, -37.9068823 ], [ 143.083532599999984, -37.9221316 ], [ 143.08744729999998, -37.9246467 ], [ 143.07405989999998, -37.9289919 ], [ 143.0777029, -37.9327618 ], [ 143.075415, -37.937807 ], [ 143.083022199999988, -37.947291 ], [ 143.0756873, -37.9506341 ], [ 143.0767784, -37.954498199999975 ], [ 143.0702145, -37.9569533 ], [ 143.0694052, -37.9603917 ], [ 143.0603767, -37.9625365 ], [ 143.0562876, -37.9593995 ], [ 143.0518658, -37.9634235 ], [ 143.0528268, -37.9735327 ], [ 143.0471326, -37.9755255 ], [ 143.043486, -37.981152 ], [ 143.049417, -37.9851229 ], [ 143.0428861, -37.9888421 ], [ 143.0419071, -37.9864798 ], [ 143.036490200000031, -37.9913752 ], [ 143.0379423, -37.9964892 ], [ 143.050526099999985, -38.0000472 ], [ 143.0476903, -38.0035021 ], [ 143.0504364, -38.004886100000014 ], [ 143.0444755, -38.0091072 ], [ 143.0445666, -38.0126602 ], [ 143.031024699999989, -38.0139055 ], [ 143.0358268, -38.0191174 ], [ 143.03187, -38.0230455 ], [ 143.0341311, -38.0258665 ], [ 143.0304931, -38.0256055 ], [ 143.030701199999982, -38.0291175 ], [ 143.0340732, -38.0291585 ], [ 143.0314933, -38.0335165 ], [ 143.0357953, -38.0335265 ], [ 143.0343264, -38.0360455 ], [ 143.026672499999989, -38.0355086 ], [ 143.0199337, -38.0394867 ], [ 143.022694699999988, -38.0428417 ], [ 143.0134229, -38.0457959 ], [ 143.014931, -38.0526769 ], [ 143.0261659, -38.0580638 ], [ 143.006477499999988, -38.0701482 ], [ 142.999576599999983, -38.0711413 ], [ 142.992149899999987, -38.0797434 ], [ 142.9953539, -38.0837064 ], [ 142.99275, -38.0881195 ], [ 143.0049611, -38.1016165 ], [ 143.002498299999985, -38.1112476 ], [ 143.006234299999988, -38.1152976 ], [ 143.005770499999983, -38.1211858 ], [ 143.019381899999985, -38.1359898 ], [ 142.895819, -38.1232367 ], [ 142.8900352, -38.1527431 ], [ 142.897242899999981, -38.165057 ], [ 142.890730599999983, -38.1943473 ], [ 142.858669, -38.1980305 ], [ 142.844528199999985, -38.1967276 ] ] ] ] } },
{ "type": "Feature", "properties": { "lga_code": "21890", "lga_name": "Darebin", "area_sqkm": 53.4712 }, "geometry": { "type": "Polygon", "coordinates": [ [ [ 145.058225199999981, -37.6999694 ], [ 144.9703561, -37.6921938 ], [ 144.978743, -37.6943401 ], [ 144.982524899999987, -37.702943799999986 ], [ 144.9784943, -37.7047986 ], [ 144.9808281, -37.7073488 ], [ 144.9770135, -37.7135047 ], [ 144.9808688, -37.714604799999989 ], [ 144.978615499999989, -37.7214123 ], [ 144.985273799999987, -37.721356300000011 ], [ 144.978973, -37.742721799999984 ], [ 144.9820219, -37.745502799999983 ], [ 144.9792459, -37.7542099 ], [ 144.981389, -37.7626178 ], [ 144.9920209, -37.7825178 ], [ 144.9978298, -37.7856178 ], [ 145.0018168, -37.783053900000013 ], [ 145.0123355, -37.7841775 ], [ 145.0352502, -37.7796455 ], [ 145.0341034, -37.7726034 ], [ 145.036841899999985, -37.7706387 ], [ 145.032275699999985, -37.7706414 ], [ 145.02783359999998, -37.7638077 ], [ 145.032252799999981, -37.7567752 ], [ 145.0314797, -37.7508231 ], [ 145.0361016, -37.7468451 ], [ 145.0319964, -37.7377471 ], [ 145.040276299999988, -37.7322969 ], [ 145.0386072, -37.7273107 ], [ 145.060781, -37.7294895 ], [ 145.061533, -37.7241982 ], [ 145.067823299999986, -37.724517 ], [ 145.0646807, -37.7202104 ], [ 145.069284899999985, -37.7155588 ], [ 145.0745316, -37.716121199999989 ], [ 145.075403699999981, -37.7110373 ], [ 145.0723114, -37.7084831 ], [ 145.051330799999988, -37.7083711 ], [ 145.058225199999981, -37.6999694 ] ] ] } },
{ "type": "Feature", "properties": { "lga_code": "22110", "lga_name": "East Gippsland", "area_sqkm": 20939.5016 }, "geometry": { "type": "MultiPolygon", "coordinates": [ [ [ [ 149.844906499999979, -37.554627699999983 ], [ 149.8432426, -37.5570077 ], [ 149.846638499999983, -37.5570357 ], [ 149.844906499999979, -37.554627699999983 ] ] ], [ [ [ 148.1344704, -36.7437262 ], [ 147.9602209, -36.612414699999981 ], [ 147.54189359999998, -36.737555 ], [ 147.542320599999982, -36.742241 ], [ 147.5356956, -36.752552 ], [ 147.5265996, -36.756471 ], [ 147.5310996, -36.761875 ], [ 147.528609599999982, -36.769612 ], [ 147.521039699999989, -36.77363 ], [ 147.5139156, -36.772462 ], [ 147.5012616, -36.776221 ], [ 147.4961466, -36.781577 ], [ 147.4714056, -36.783056 ], [ 147.4687797, -36.793522 ], [ 147.4632406, -36.79453 ], [ 147.4639946, -36.801658 ], [ 147.458491700000025, -36.803013 ], [ 147.439305599999983, -36.800774 ], [ 147.4199946, -36.783014 ], [ 147.41304169999998, -36.783283 ], [ 147.4061456, -36.777223 ], [ 147.4080917, -36.765852 ], [ 147.394937699999986, -36.757516 ], [ 147.38755759999998, -36.757408 ], [ 147.3791527, -36.750501 ], [ 147.32130669999998, -36.748467 ], [ 147.3161437, -36.741035 ], [ 147.31666869999998, -36.734195 ], [ 147.3117341, -36.7313167 ], [ 147.296599600000036, -36.733908899999989 ], [ 147.2904605, -36.737769 ], [ 147.2879757, -36.7529642 ], [ 147.2923418, -36.7565381 ], [ 147.290254, -36.7657282 ], [ 147.2857761, -36.7684333 ], [ 147.2798532, -36.7676194 ], [ 147.2770253, -36.77309850000001 ], [ 147.2682266, -36.7779046 ], [ 147.2750428, -36.7932607 ], [ 147.293459, -36.8110305 ], [ 147.292057299999982, -36.8225617 ], [ 147.2829375, -36.8269489 ], [ 147.3026874, -36.8319136 ], [ 147.307547299999982, -36.8274755 ], [ 147.314627299999984, -36.8315364 ], [ 147.3210982, -36.82882930000001 ], [ 147.3327753, -36.8296391 ], [ 147.3383685, -36.8379483 ], [ 147.3358438, -36.844440799999987 ], [ 147.342151, -36.850908099999984 ], [ 147.341004699999985, -36.8630781 ], [ 147.3376442, -36.8659457 ], [ 147.32431, -36.8675056 ], [ 147.3173553, -36.8740478 ], [ 147.3208275, -36.8825558 ], [ 147.3166326, -36.8848019 ], [ 147.307052699999986, -36.88285 ], [ 147.3070079, -36.8908031 ], [ 147.300069899999983, -36.8899202 ], [ 147.300479, -36.8933952 ], [ 147.2892564, -36.9051495 ], [ 147.292778699999985, -36.9170085 ], [ 147.288295799999986, -36.9232507 ], [ 147.281145, -36.926420899999982 ], [ 147.26330059999998, -37.006692 ], [ 147.273272599999984, -37.009029 ], [ 147.2849086, -37.005314 ], [ 147.2937976, -37.006978 ], [ 147.3072037, -37.013261 ], [ 147.3135776, -37.019929 ], [ 147.3490386, -37.032564 ], [ 147.349989599999986, -37.036403 ], [ 147.3552316, -37.032743 ], [ 147.3633216, -37.034356 ], [ 147.3714216, -37.02994 ], [ 147.3890356, -37.031351 ], [ 147.3909356, -37.039336 ], [ 147.3878856, -37.041507 ], [ 147.3922536, -37.045711 ], [ 147.3854766, -37.049365 ], [ 147.389459599999981, -37.04849 ], [ 147.3904636, -37.052442 ], [ 147.3803447, -37.0586969 ], [ 147.3827813, -37.0825874 ], [ 147.380520599999983, -37.0987 ], [ 147.3700656, -37.103224 ], [ 147.365050599999989, -37.101531 ], [ 147.3592186, -37.114329 ], [ 147.3164026, -37.113851 ], [ 147.325484599999982, -37.121719 ], [ 147.3235786, -37.125243 ], [ 147.3284376, -37.132912 ], [ 147.325066599999985, -37.141452 ], [ 147.332183599999979, -37.149662 ], [ 147.3314916, -37.153018 ], [ 147.344419599999981, -37.160628 ], [ 147.3464746, -37.17056 ], [ 147.3586656, -37.180573 ], [ 147.3687926, -37.198272 ], [ 147.3835176, -37.202245 ], [ 147.383637599999986, -37.211239 ], [ 147.4023456, -37.213115 ], [ 147.411374599999988, -37.219515 ], [ 147.425513599999988, -37.220098 ], [ 147.4221016, -37.220766 ], [ 147.4234346, -37.227941 ], [ 147.4175286, -37.235291 ], [ 147.4254626, -37.252907 ], [ 147.429340599999989, -37.254858 ], [ 147.4284396, -37.267087 ], [ 147.4399946, -37.27387 ], [ 147.450196600000027, -37.266781 ], [ 147.4583686, -37.269893 ], [ 147.4603506, -37.276076 ], [ 147.4538636, -37.283648 ], [ 147.457390600000025, -37.286168 ], [ 147.4378165, -37.3981146 ], [ 147.4177446, -37.3948198 ], [ 147.415821699999981, -37.4026409 ], [ 147.4062519, -37.4100771 ], [ 147.407665, -37.419736199999988 ], [ 147.412471, -37.419590099999986 ], [ 147.417209900000017, -37.4248771 ], [ 147.411739, -37.423628099999988 ], [ 147.408594199999982, -37.4324462 ], [ 147.402120199999985, -37.4317513 ], [ 147.399372299999982, -37.437558299999985 ], [ 147.404931299999987, -37.4457403 ], [ 147.404164399999985, -37.4486574 ], [ 147.3983264, -37.4494954 ], [ 147.3993295, -37.4526324 ], [ 147.405872499999987, -37.4550954 ], [ 147.3969635, -37.4552635 ], [ 147.3987965, -37.4582145 ], [ 147.3913556, -37.4590136 ], [ 147.39499859999998, -37.4635986 ], [ 147.3894737, -37.462629599999985 ], [ 147.3942176, -37.465324599999988 ], [ 147.3937257, -37.4716786 ], [ 147.399291799999986, -37.4768946 ], [ 147.393910799999986, -37.4780887 ], [ 147.393457899999987, -37.4821517 ], [ 147.389297900000031, -37.4817177 ], [ 147.3926509, -37.4840557 ], [ 147.393704, -37.4955067 ], [ 147.3892521, -37.4974108 ], [ 147.393635099999983, -37.4998388 ], [ 147.3925341, -37.504897799999988 ], [ 147.396832099999983, -37.5017488 ], [ 147.40088129999998, -37.521704899999989 ], [ 147.4055363, -37.5209849 ], [ 147.4030793, -37.5233269 ], [ 147.4059303, -37.5245369 ], [ 147.4048564, -37.530949 ], [ 147.400280399999986, -37.530006 ], [ 147.4035465, -37.537354 ], [ 147.39823149999998, -37.5386571 ], [ 147.402035499999982, -37.541138099999984 ], [ 147.399615499999982, -37.5431491 ], [ 147.350221, -37.5373034 ], [ 147.3475183, -37.552286500000015 ], [ 147.3383374, -37.5536166 ], [ 147.329254599999985, -37.5616738 ], [ 147.3218637, -37.5567908 ], [ 147.317838699999982, -37.5608649 ], [ 147.3090348, -37.5595019 ], [ 147.30521779999998, -37.55564 ], [ 147.299391, -37.5627891 ], [ 147.2955289, -37.557227 ], [ 147.284942, -37.556278099999986 ], [ 147.2853122, -37.5639412 ], [ 147.2795542, -37.5605102 ], [ 147.275106199999982, -37.5621173 ], [ 147.2654765, -37.568045399999981 ], [ 147.261903599999982, -37.5757505 ], [ 147.2492068, -37.5759127 ], [ 147.240915, -37.5813308 ], [ 147.226689, -37.5779459 ], [ 147.2231511, -37.574314 ], [ 147.208155299999987, -37.580486199999989 ], [ 147.209051400000021, -37.5907612 ], [ 147.1994235, -37.5907803 ], [ 147.1995085, -37.5942963 ], [ 147.1937336, -37.594508 ], [ 147.1890396, -37.615208 ], [ 147.1962446, -37.626343 ], [ 147.2031906, -37.627842 ], [ 147.213001600000013, -37.624951 ], [ 147.2220666, -37.632825 ], [ 147.2034079, -37.7173243 ], [ 147.1981008, -37.7239333 ], [ 147.2142006, -37.732063 ], [ 147.2148996, -37.738997 ], [ 147.218320600000027, -37.741178 ], [ 147.2090566, -37.743485 ], [ 147.2119716, -37.745542 ], [ 147.2275225, -37.744554 ], [ 147.2310506, -37.74844 ], [ 147.235571599999986, -37.745822 ], [ 147.2447946, -37.748314 ], [ 147.2493816, -37.745799 ], [ 147.2570895, -37.753234 ], [ 147.2620676, -37.752229 ], [ 147.2616793, -37.7560199 ], [ 147.2334425, -37.769368 ], [ 147.281319699999983, -37.7745932 ], [ 147.2707974, -37.8281834 ], [ 147.275160199999988, -37.8290362 ], [ 147.2752865, -37.833098599999985 ], [ 147.2698647, -37.833649500000014 ], [ 147.2687353, -37.836657 ], [ 147.2729891, -37.8421038 ], [ 147.2662427, -37.8526385 ], [ 147.2704532, -37.8563895 ], [ 147.2646823, -37.8614183 ], [ 147.2702257, -37.8648209 ], [ 147.267894499999983, -37.868934 ], [ 147.2701605, -37.872789 ], [ 147.276033499999983, -37.873065 ], [ 147.274680499999988, -37.879849 ], [ 147.2771945, -37.876612 ], [ 147.28657149999998, -37.876859 ], [ 147.2798965, -37.88813 ], [ 147.2858635, -37.893085 ], [ 147.278216499999985, -37.89491 ], [ 147.2769955, -37.898721 ], [ 147.283293499999985, -37.899706 ], [ 147.2858445, -37.897093 ], [ 147.2864615, -37.90383 ], [ 147.2807875, -37.902537 ], [ 147.278499499999981, -37.905377 ], [ 147.2833005, -37.904631 ], [ 147.2860245, -37.907876 ], [ 147.2792345, -37.909573 ], [ 147.2786935, -37.913511 ], [ 147.2726825, -37.91621 ], [ 147.2742515, -37.920124 ], [ 147.282981899999982, -37.9203604 ], [ 147.3128295, -37.9112503 ], [ 147.3616015, -37.917789 ], [ 147.3623715, -37.923229 ], [ 147.3667145, -37.92523 ], [ 147.3649585, -37.931725 ], [ 147.3713845, -37.935829 ], [ 147.373768499999983, -37.946649 ], [ 147.3769015, -37.94827 ], [ 147.3714205, -37.962225 ], [ 147.375173499999988, -37.967184 ], [ 147.373137499999984, -37.970374 ], [ 147.3773405, -37.968986 ], [ 147.3821615, -37.975215 ], [ 147.3814405, -37.98004 ], [ 147.3884555, -37.983368 ], [ 147.4017165, -37.978548 ], [ 147.408855599999981, -37.9813925 ], [ 147.4106806, -37.9857694 ], [ 147.406754299999989, -37.987856499999985 ], [ 147.4088873, -37.9914998 ], [ 147.406060599999989, -38.0009466 ], [ 147.4090405, -38.003414 ], [ 147.4235645, -38.003916 ], [ 147.4378475, -38.009247 ], [ 147.4570315, -38.007714 ], [ 147.4635935, -38.012998 ], [ 147.467897500000021, -38.023989 ], [ 147.462180499999988, -38.031601 ], [ 147.46742949999998, -38.035595 ], [ 147.468458500000025, -38.0425 ], [ 147.4618695, -38.049754 ], [ 147.469239499999986, -38.054061 ], [ 147.4597535, -38.05774 ], [ 147.457219499999979, -38.064211 ], [ 147.4610645, -38.07136 ], [ 147.450935499999986, -38.072642 ], [ 147.4512365, -38.077374 ], [ 147.456699499999985, -38.078529 ], [ 147.4693365, -38.072314 ], [ 147.4774825, -38.072582 ], [ 147.4864155, -38.068529 ], [ 147.4902955, -38.072792 ], [ 147.500331499999987, -38.073018 ], [ 147.5102215, -38.060419 ], [ 147.5252844, -38.05281 ], [ 147.533811499999985, -38.057963 ], [ 147.5516575, -38.052973 ], [ 147.57054549999998, -38.053671 ], [ 147.588508499999989, -38.037029 ], [ 147.6114955, -38.024954 ], [ 147.612903499999987, -38.011754 ], [ 147.622903500000035, -38.011759 ], [ 147.651191399999988, -37.995295 ], [ 147.6521045, -37.983011 ], [ 147.6609875, -37.976363 ], [ 147.6821554, -37.969296 ], [ 147.684333399999986, -37.965973 ], [ 147.691819399999986, -37.965953 ], [ 147.7120975, -37.954227 ], [ 147.722727500000019, -37.969446 ], [ 147.6994025, -37.9812651 ], [ 147.6975567, -37.992974 ], [ 147.705782699999986, -37.9982268 ], [ 147.806534400000032, -37.9473531 ], [ 147.9500118, -37.894678 ], [ 147.9783325, -37.88984090000001 ], [ 148.051894399999981, -37.8671868 ], [ 148.0696434, -37.8653191 ], [ 148.1775367, -37.8320285 ], [ 148.262951099999981, -37.8146605 ], [ 148.38426, -37.803339399999984 ], [ 148.5821305, -37.8020035 ], [ 148.6110859, -37.803720199999987 ], [ 148.6265819, -37.8082061 ], [ 148.6499734, -37.803691899999983 ], [ 148.6887749, -37.8014125 ], [ 148.7170347, -37.8044252 ], [ 148.726193699999982, -37.808751199999975 ], [ 148.72779079999998, -37.815424199999988 ], [ 148.7344655, -37.807639099999989 ], [ 148.7432384, -37.806224 ], [ 148.7426343, -37.80051 ], [ 148.749192199999982, -37.7970239 ], [ 148.808738399999982, -37.7864042 ], [ 148.860802, -37.7849886 ], [ 148.8841558, -37.7899453 ], [ 148.9007205, -37.784534199999989 ], [ 148.9263632, -37.7813899 ], [ 149.1227604, -37.7772868 ], [ 149.1842187, -37.780117 ], [ 149.2134632, -37.7774737 ], [ 149.2467158, -37.7804614 ], [ 149.265933599999983, -37.7893062 ], [ 149.2688087, -37.7927871 ], [ 149.265395899999987, -37.7984441 ], [ 149.2755028, -37.8037641 ], [ 149.280016599999982, -37.7969591 ], [ 149.2849205, -37.7988651 ], [ 149.2845953, -37.7933441 ], [ 149.292453, -37.7874472 ], [ 149.340384, -37.776900499999989 ], [ 149.366354699999988, -37.7750111 ], [ 149.3857854, -37.7780098 ], [ 149.410694, -37.7731924 ], [ 149.431026799999984, -37.7773642 ], [ 149.439089699999982, -37.772042 ], [ 149.46189339999998, -37.7692896 ], [ 149.4737012, -37.770464499999974 ], [ 149.484963199999981, -37.7754283 ], [ 149.495560899999987, -37.7682121 ], [ 149.496938699999987, -37.753354 ], [ 149.506669499999987, -37.7485508 ], [ 149.5164244, -37.7490697 ], [ 149.519632299999984, -37.745082599999989 ], [ 149.51722030000002, -37.743201699999986 ], [ 149.525506, -37.7372715 ], [ 149.53744279999998, -37.7330623 ], [ 149.541356799999988, -37.7344472 ], [ 149.54514469999998, -37.7296622 ], [ 149.5662953, -37.724563799999984 ], [ 149.587979, -37.722513499999984 ], [ 149.5958439, -37.7265635 ], [ 149.600833599999987, -37.7120493 ], [ 149.6166012, -37.7006 ], [ 149.677333899999979, -37.6850691 ], [ 149.682397499999979, -37.664144899999982 ], [ 149.706535699999989, -37.6435124 ], [ 149.719237, -37.6193601 ], [ 149.718385899999987, -37.611732 ], [ 149.7322074, -37.5991488 ], [ 149.7315313, -37.5951368 ], [ 149.738753, -37.5850246 ], [ 149.76542139999998, -37.5738423 ], [ 149.76099929999998, -37.566896199999988 ], [ 149.7752529, -37.557825099999988 ], [ 149.795532399999985, -37.549745 ], [ 149.8197198, -37.544815799999988 ], [ 149.8448894, -37.5456586 ], [ 149.874020699999988, -37.5402414 ], [ 149.9066142, -37.542852199999984 ], [ 149.924775499999981, -37.5263349 ], [ 149.957642599999986, -37.5151576 ], [ 149.9644006, -37.5179435 ], [ 149.9646904, -37.5116395 ], [ 149.9761976, -37.5051466 ], [ 148.1949512, -36.7962401 ], [ 148.1824789, -36.8048828 ], [ 148.179600599999986, -36.7963132 ], [ 148.1681872, -36.7924814 ], [ 148.1639036, -36.794776399999975 ], [ 148.163783599999988, -36.7923774 ], [ 148.1585518, -36.793138 ], [ 148.1563466, -36.7900266 ], [ 148.1517517, -36.7930795 ], [ 148.148664699999983, -36.7919372 ], [ 148.1464159, -36.7953505 ], [ 148.126776299999989, -36.796439 ], [ 148.126315799999986, -36.801423199999988 ], [ 148.122650599999986, -36.8010181 ], [ 148.1191997, -36.8057606 ], [ 148.112909, -36.8002299 ], [ 148.108894099999986, -36.800853 ], [ 148.1105406, -36.7982573 ], [ 148.10471339999998, -36.7898145 ], [ 148.1001679, -36.791546599999982 ], [ 148.097948799999983, -36.787284799999988 ], [ 148.1037337, -36.787953 ], [ 148.1047213, -36.7804953 ], [ 148.1128702, -36.7681146 ], [ 148.1216498, -36.764674800000016 ], [ 148.126086, -36.7594046 ], [ 148.1202151, -36.759437 ], [ 148.120478099999985, -36.7562906 ], [ 148.1286175, -36.750377199999988 ], [ 148.132493899999986, -36.7510054 ], [ 148.1344704, -36.7437262 ] ] ] ] } },
{ "type": "Feature", "properties": { "lga_code": "22170", "lga_name": "Frankston", "area_sqkm": 129.5981 }, "geometry": { "type": "Polygon", "coordinates": [ [ [ 145.1523933, -38.1944656 ], [ 145.1590679, -38.1815576 ], [ 145.181822399999987, -38.1990512 ], [ 145.2157727, -38.200639 ], [ 145.239589200000012, -38.0776638 ], [ 145.1562595, -38.0673823 ], [ 145.1546387, -38.0756494 ], [ 145.1498219, -38.0750407 ], [ 145.1486707, -38.0833972 ], [ 145.123842199999984, -38.0821509 ], [ 145.1239486, -38.116961299999986 ], [ 145.119435, -38.1397947 ], [ 145.1122604, -38.1521069 ], [ 145.0979108, -38.1623913 ], [ 145.128757799999988, -38.200074 ], [ 145.133539700000028, -38.195655 ], [ 145.1396677, -38.1972639 ], [ 145.1523933, -38.1944656 ] ] ] } },
{ "type": "Feature", "properties": { "lga_code": "22250", "lga_name": "Gannawarra", "area_sqkm": 3737.5979 }, "geometry": { "type": "Polygon", "coordinates": [ [ [ 143.7337858, -35.525610699999987 ], [ 143.728417, -35.5296057 ], [ 143.638739499999986, -35.5294922 ], [ 143.6414907, -35.572660600000013 ], [ 143.3963599, -35.5723586 ], [ 143.393773899999985, -35.5751466 ], [ 143.288165099999986, -35.574926499999989 ], [ 143.2881765, -35.6469848 ], [ 143.324107500000025, -35.6566267 ], [ 143.317974400000026, -35.669603699999989 ], [ 143.329641399999986, -35.6780787 ], [ 143.341456599999987, -35.681236 ], [ 143.3437401, -35.6851481 ], [ 143.3367544, -35.6916147 ], [ 143.3363908, -35.709085099999989 ], [ 143.34969479999998, -35.7214011 ], [ 143.3491598, -35.733328100000016 ], [ 143.363528799999983, -35.7414381 ], [ 143.3724015, -35.7539121 ], [ 143.3652467, -35.7694642 ], [ 143.3664857, -35.7738283 ], [ 143.360889899999989, -35.7811583 ], [ 143.357625899999988, -35.780578299999988 ], [ 143.350382, -35.7937154 ], [ 143.352682, -35.8066675 ], [ 143.357372, -35.8112265 ], [ 143.3534991, -35.8152115 ], [ 143.3596121, -35.8295695 ], [ 143.3583904, -35.839922699999988 ], [ 143.3847664, -35.8431317 ], [ 143.3724609, -35.93368 ], [ 143.365321800000032, -35.933669200000011 ], [ 143.3654484, -35.9920257 ], [ 143.3773043, -35.9920748 ], [ 143.378702799999985, -36.0143053 ], [ 143.4006235, -36.0138213 ], [ 143.407136399999985, -36.0178563 ], [ 143.4073253, -36.011875199999984 ], [ 143.4172341, -36.0079762 ], [ 143.4276616, -35.991093 ], [ 143.432394499999987, -35.988575 ], [ 143.4324205, -35.983452 ], [ 143.4757002, -35.983134199999988 ], [ 143.475694799999985, -35.9752862 ], [ 143.5132169, -35.9752434 ], [ 143.5273937, -35.969813099999989 ], [ 143.6180608, -35.9693977 ], [ 143.6178253, -35.9348378 ], [ 143.7282506, -35.9324682 ], [ 143.7283957, -35.9058521 ], [ 143.8003266, -35.9059713 ], [ 143.823727599999984, -35.9120781 ], [ 143.873997, -35.9160608 ], [ 143.8705554, -35.9227984 ], [ 143.875029399999988, -35.9260135 ], [ 143.869220499999983, -35.9273276 ], [ 143.8617159, -35.934873099999983 ], [ 143.9184731, -35.9373967 ], [ 143.9184717, -35.940241599999986 ], [ 143.922613899999988, -35.940262100000012 ], [ 143.922571399999981, -35.952796200000016 ], [ 143.941532599999988, -35.9528284 ], [ 143.941083, -35.9494076 ], [ 144.1587396, -35.9491824 ], [ 144.160556499999984, -35.9466024 ], [ 144.185002699999984, -35.9466835 ], [ 144.188329100000033, -35.928684 ], [ 144.183143699999988, -35.9242377 ], [ 144.1834108, -35.9172109 ], [ 144.187293, -35.9075561 ], [ 144.1921437, -35.9124538 ], [ 144.2058046, -35.916543799999985 ], [ 144.2169585, -35.9188214 ], [ 144.2236332, -35.916612399999984 ], [ 144.22995659999998, -35.9223535 ], [ 144.237466899999987, -35.9201551 ], [ 144.2492987, -35.9300473 ], [ 144.2570103, -35.9267504 ], [ 144.263123799999988, -35.931376199999988 ], [ 144.28857, -35.9236417 ], [ 144.301518499999986, -35.9287318 ], [ 144.3062057, -35.9341418 ], [ 144.3355738, -35.93418350000001 ], [ 144.3308891, -35.9275489 ], [ 144.3386424, -35.9252052 ], [ 144.346041900000017, -35.9281152 ], [ 144.35341649999998, -35.9195197 ], [ 144.3548492, -35.9092907 ], [ 144.349072700000022, -35.9109001 ], [ 144.3471265, -35.9068651 ], [ 144.3419576, -35.9066112 ], [ 144.343567899999982, -35.8943133 ], [ 144.3498031, -35.8937142 ], [ 144.351053399999984, -35.890861 ], [ 144.3653641, -35.885445400000016 ], [ 144.3808373, -35.8841257 ], [ 144.4085447, -35.8988777 ], [ 144.4167496, -35.8979527 ], [ 144.4146528, -35.8949873 ], [ 144.4180653, -35.8929245 ], [ 144.4135517, -35.8924038 ], [ 144.4122248, -35.8865528 ], [ 144.406886899999989, -35.8838148 ], [ 144.411590599999982, -35.8812033 ], [ 144.403634399999987, -35.880653 ], [ 144.4086537, -35.8751462 ], [ 144.404235699999987, -35.8761413 ], [ 144.4040566, -35.8741635 ], [ 144.410923, -35.871094 ], [ 144.4018706, -35.868537 ], [ 144.408110199999982, -35.865661399999986 ], [ 144.4051954, -35.8603077 ], [ 144.4112801, -35.8587625 ], [ 144.4008532, -35.860367 ], [ 144.3986414, -35.8626536 ], [ 144.397253399999983, -35.8593877 ], [ 144.3888909, -35.8584672 ], [ 144.390324599999985, -35.8505396 ], [ 144.3869652, -35.8550723 ], [ 144.3814395, -35.8524103 ], [ 144.3844997, -35.846546199999977 ], [ 144.380592899999982, -35.843486699999985 ], [ 144.38432, -35.8419094 ], [ 144.3751167, -35.840699199999989 ], [ 144.3730826, -35.8372658 ], [ 144.3761929, -35.8352516 ], [ 144.3814572, -35.8370701 ], [ 144.3817082, -35.8338129 ], [ 144.3849444, -35.8377318 ], [ 144.3866137, -35.8361097 ], [ 144.3814472, -35.8326623 ], [ 144.3751178, -35.834624299999987 ], [ 144.372195799999986, -35.831937499999981 ], [ 144.379398, -35.8293458 ], [ 144.3748273, -35.8253072 ], [ 144.3841248, -35.819552099999989 ], [ 144.375248299999981, -35.8206025 ], [ 144.3724449, -35.8166744 ], [ 144.3718374, -35.823349 ], [ 144.3687132, -35.824785899999988 ], [ 144.3648125, -35.8209238 ], [ 144.3688742, -35.8132162 ], [ 144.3774908, -35.814332899999989 ], [ 144.377476, -35.8110878 ], [ 144.3667155, -35.81124 ], [ 144.375713099999984, -35.8021258 ], [ 144.3729813, -35.7984066 ], [ 144.3768557, -35.7929659 ], [ 144.3701692, -35.7904222 ], [ 144.362335299999984, -35.7958209 ], [ 144.36185039999998, -35.7920875 ], [ 144.3553441, -35.7884652 ], [ 144.360288699999984, -35.7847975 ], [ 144.354513299999979, -35.7871671 ], [ 144.3515524, -35.7850556 ], [ 144.3532674, -35.7757108 ], [ 144.346843899999982, -35.7746319 ], [ 144.3491171, -35.767128899999982 ], [ 144.3429543, -35.7715356 ], [ 144.341527899999988, -35.7638878 ], [ 144.336401199999983, -35.770381 ], [ 144.331030200000015, -35.764971199999984 ], [ 144.324472, -35.7686109 ], [ 144.3186572, -35.7665615 ], [ 144.322577699999982, -35.7634312 ], [ 144.3216473, -35.7578761 ], [ 144.32796639999998, -35.755736399999989 ], [ 144.32783809999998, -35.752633 ], [ 144.3177824, -35.7521207 ], [ 144.314677, -35.7569996 ], [ 144.3117143, -35.7494253 ], [ 144.306763, -35.7572282 ], [ 144.2999921, -35.7517765 ], [ 144.295282499999985, -35.7543655 ], [ 144.294522299999983, -35.750698 ], [ 144.3012848, -35.7429724 ], [ 144.296067099999988, -35.737077600000013 ], [ 144.285547500000035, -35.7369398 ], [ 144.277845499999984, -35.7407408 ], [ 144.2784125, -35.7442148 ], [ 144.27050509999998, -35.7539868 ], [ 144.264501599999988, -35.7513899 ], [ 144.2539486, -35.7383504 ], [ 144.2532551, -35.7299069 ], [ 144.2475804, -35.7293811 ], [ 144.2481559, -35.7210206 ], [ 144.230576899999988, -35.7154352 ], [ 144.2159585, -35.7064636 ], [ 144.215746, -35.701140699999989 ], [ 144.21970349999998, -35.6988702 ], [ 144.216213499999981, -35.6962841 ], [ 144.2216536, -35.6939392 ], [ 144.2151431, -35.6921222 ], [ 144.213488400000017, -35.6866578 ], [ 144.195144699999986, -35.685845199999982 ], [ 144.1883593, -35.6805674 ], [ 144.189664599999986, -35.67674 ], [ 144.1864597, -35.675214199999985 ], [ 144.189941399999981, -35.6738888 ], [ 144.186794, -35.670417799999989 ], [ 144.174432100000018, -35.674546 ], [ 144.171821699999981, -35.6718351 ], [ 144.1623564, -35.671513 ], [ 144.1584557, -35.658179900000015 ], [ 144.151461, -35.653336199999984 ], [ 144.154006899999985, -35.650052499999987 ], [ 144.1570295, -35.6510704 ], [ 144.15356079999998, -35.646139 ], [ 144.1495788, -35.6460266 ], [ 144.15263539999998, -35.6426648 ], [ 144.142932799999983, -35.6472391 ], [ 144.137998, -35.6407224 ], [ 144.131493899999981, -35.6407483 ], [ 144.1314552, -35.6335003 ], [ 144.127763099999981, -35.634557300000019 ], [ 144.117552499999988, -35.6259129 ], [ 144.119892099999987, -35.6210112 ], [ 144.114828499999987, -35.6197005 ], [ 144.1158917, -35.612848299999982 ], [ 144.1110209, -35.6074228 ], [ 144.1135172, -35.6021469 ], [ 144.1097107, -35.6021188 ], [ 144.1098356, -35.5983456 ], [ 144.1033467, -35.5980458 ], [ 144.1050215, -35.5907675 ], [ 144.06229159999998, -35.576755299999988 ], [ 144.063964, -35.5705323 ], [ 144.046806799999985, -35.5631289 ], [ 144.0461139, -35.5525583 ], [ 144.0414845, -35.5557883 ], [ 144.039221699999985, -35.549243799999985 ], [ 144.0340888, -35.555958 ], [ 144.031840599999981, -35.5538208 ], [ 144.0294108, -35.5563023 ], [ 144.018892599999987, -35.5529333 ], [ 144.0127079, -35.5540598 ], [ 144.0094162, -35.5580518 ], [ 144.012303, -35.5622872 ], [ 144.0096517, -35.5632938 ], [ 143.9898713, -35.5546508 ], [ 143.99922669999998, -35.545354 ], [ 143.9956377, -35.5421836 ], [ 143.996736299999981, -35.5359318 ], [ 143.974666, -35.532543699999984 ], [ 143.9693283, -35.5230644 ], [ 143.9709449, -35.5200048 ], [ 143.9624475, -35.5139675 ], [ 143.964688199999983, -35.5084988 ], [ 143.972539, -35.509565500000015 ], [ 143.9686577, -35.505265799999982 ], [ 143.970107399999989, -35.500064899999984 ], [ 143.966891799999985, -35.5028769 ], [ 143.961007599999988, -35.4989794 ], [ 143.9589876, -35.5044672 ], [ 143.9488389, -35.5008193 ], [ 143.941927, -35.5016433 ], [ 143.9338201, -35.5066734 ], [ 143.934683799999988, -35.4991596 ], [ 143.9299043, -35.5016267 ], [ 143.9182674, -35.5007482 ], [ 143.9122275, -35.494875299999983 ], [ 143.9123665, -35.4993335 ], [ 143.9057483, -35.4998302 ], [ 143.9039545, -35.4950127 ], [ 143.9077389, -35.4941489 ], [ 143.899395, -35.4952438 ], [ 143.8875033, -35.4852907 ], [ 143.8765905, -35.4861534 ], [ 143.8713871, -35.4778155 ], [ 143.8697072, -35.4817166 ], [ 143.86387209999998, -35.477221299999982 ], [ 143.8587905, -35.4799649 ], [ 143.8604305, -35.4745355 ], [ 143.8538596, -35.4687625 ], [ 143.8554418, -35.4618256 ], [ 143.8460416, -35.4632791 ], [ 143.839987799999989, -35.4576962 ], [ 143.8273853, -35.4552975 ], [ 143.8221523, -35.445929 ], [ 143.816790699999984, -35.4460731 ], [ 143.815394, -35.4489898 ], [ 143.8056412, -35.4464949 ], [ 143.7961544, -35.4550651 ], [ 143.798470399999985, -35.4593671 ], [ 143.8023653, -35.457811 ], [ 143.802546299999989, -35.4599751 ], [ 143.7942555, -35.4617392 ], [ 143.7908086, -35.4666322 ], [ 143.803187399999985, -35.470326199999988 ], [ 143.8031765, -35.4747932 ], [ 143.8088325, -35.476905199999983 ], [ 143.8072426, -35.4821113 ], [ 143.8105505, -35.4834243 ], [ 143.811616599999979, -35.4921216 ], [ 143.8056665, -35.4921275 ], [ 143.8056542, -35.5001099 ], [ 143.7607482, -35.500142499999988 ], [ 143.7496854, -35.4943536 ], [ 143.7089624, -35.494214700000015 ], [ 143.7337858, -35.525610699999987 ] ] ] } },
{ "type": "Feature", "properties": { "lga_code": "22310", "lga_name": "Glen Eira", "area_sqkm": 38.6908 }, "geometry": { "type": "Polygon", "coordinates": [ [ [ 145.0343794, -37.932993 ], [ 145.0795392, -37.938738899999983 ], [ 145.0852405, -37.9094936 ], [ 145.0741726, -37.9081267 ], [ 145.078188, -37.8871384 ], [ 145.0520392, -37.882860699999988 ], [ 145.0324613, -37.8683328 ], [ 145.0105275, -37.8602121 ], [ 145.0091717, -37.8675831 ], [ 145.0000416, -37.8664419 ], [ 144.9967512, -37.8834883 ], [ 145.006327199999987, -37.8998071 ], [ 145.025993699999987, -37.9021521 ], [ 145.0224639, -37.9205988 ], [ 145.0343794, -37.932993 ] ] ] } },
{ "type": "Feature", "properties": { "lga_code": "22410", "lga_name": "Glenelg", "area_sqkm": 6218.7884 }, "geometry": { "type": "Polygon", "coordinates": [ [ [ 141.097264699999982, -37.4498682 ], [ 141.046414299999981, -37.401846700000021 ], [ 141.0237913, -37.3913569 ], [ 141.003637, -37.3775907 ], [ 140.9922564, -37.37414 ], [ 140.9731801, -37.3582237 ], [ 140.9735743, -37.7180357 ], [ 140.965802599999989, -38.0559849 ], [ 140.990810499999981, -38.0597856 ], [ 141.028519, -38.0715742 ], [ 141.1501351, -38.1268276 ], [ 141.2277824, -38.1706352 ], [ 141.2952861, -38.2206271 ], [ 141.3576161, -38.2747453 ], [ 141.3921106, -38.319715499999987 ], [ 141.3976999, -38.3385406 ], [ 141.3901462, -38.3468678 ], [ 141.3716456, -38.357104099999987 ], [ 141.3655379, -38.3653033 ], [ 141.3640973, -38.376997399999986 ], [ 141.374325299999981, -38.3867434 ], [ 141.3891682, -38.3872572 ], [ 141.4011922, -38.3949962 ], [ 141.4132382, -38.3962741 ], [ 141.4138821, -38.391232 ], [ 141.40482369999998, -38.3733969 ], [ 141.407074599999987, -38.3690638 ], [ 141.4343772, -38.360292399999985 ], [ 141.4610261, -38.3620831 ], [ 141.5192413, -38.3900156 ], [ 141.5284725, -38.4048406 ], [ 141.5211606, -38.4111638 ], [ 141.526194799999985, -38.4230668 ], [ 141.5427937, -38.4329547 ], [ 141.5502847, -38.4320976 ], [ 141.5574934, -38.4225214 ], [ 141.557900099999983, -38.4056702 ], [ 141.56569, -38.40356 ], [ 141.5729287, -38.3897438 ], [ 141.5906574, -38.3883544 ], [ 141.602923299999986, -38.3928984 ], [ 141.6148524, -38.3930066 ], [ 141.6172502, -38.4002362 ], [ 141.625498199999981, -38.406399199999989 ], [ 141.6279749, -38.393445 ], [ 141.650228699999985, -38.3931428 ], [ 141.6414326, -38.3831268 ], [ 141.6426715, -38.3782857 ], [ 141.6341605, -38.37537279999998 ], [ 141.625065399999983, -38.361978799999989 ], [ 141.6210883, -38.3541737 ], [ 141.6236001, -38.3416877 ], [ 141.6079375, -38.3422587 ], [ 141.609816199999983, -38.3327587 ], [ 141.5992542, -38.3206027 ], [ 141.601627399999984, -38.3131717 ], [ 141.6098417, -38.305775599999983 ], [ 141.6374485, -38.2928317 ], [ 141.6636101, -38.275548 ], [ 141.704754399999985, -38.2580014 ], [ 141.741426900000022, -38.2531251 ], [ 141.7696517, -38.2535458 ], [ 141.8695649, -38.2642997 ], [ 141.869595, -38.2107062 ], [ 141.8509502, -38.2111474 ], [ 141.850870500000013, -38.1743834 ], [ 141.8509651, -38.144669899999982 ], [ 141.869441, -38.1446616 ], [ 141.8693874, -38.1130894 ], [ 141.851466099999982, -38.0864614 ], [ 141.851335, -38.0802963 ], [ 141.84679509999998, -38.079578399999981 ], [ 141.8197769, -38.0393164 ], [ 141.834747, -38.0101035 ], [ 141.8345627, -37.985512299999989 ], [ 141.820093, -37.9614872 ], [ 141.8170752, -37.9432848 ], [ 141.833232, -37.9339557 ], [ 141.871912500000036, -37.9430766 ], [ 141.874671799999987, -37.9408445 ], [ 141.8662749, -37.928795300000012 ], [ 141.8945232, -37.9231069 ], [ 141.8945014, -37.9120299 ], [ 141.91489679999998, -37.911834299999988 ], [ 141.9190152, -37.886284099999983 ], [ 141.901301099999984, -37.8863102 ], [ 141.8841342, -37.8827804 ], [ 141.873807199999987, -37.8771177 ], [ 141.8557875, -37.8767227 ], [ 141.8286635, -37.8683066 ], [ 141.827018399999986, -37.8781502 ], [ 141.831287300000014, -37.8926207 ], [ 141.7901215, -37.8886986 ], [ 141.779208499999982, -37.9002306 ], [ 141.7322395, -37.895346599999989 ], [ 141.725770499999982, -37.8460016 ], [ 141.733809899999983, -37.8066248 ], [ 141.7269105, -37.7673958 ], [ 141.7211647, -37.7650656 ], [ 141.716857, -37.7576805 ], [ 141.7237423, -37.7163025 ], [ 141.7151355, -37.7105346 ], [ 141.7121785, -37.7125136 ], [ 141.710426499999983, -37.7045926 ], [ 141.7085625, -37.7025666 ], [ 141.7031575, -37.7039046 ], [ 141.7004365, -37.6987906 ], [ 141.6918215, -37.7017706 ], [ 141.6885105, -37.6944066 ], [ 141.6906835, -37.6878686 ], [ 141.6873895, -37.6849286 ], [ 141.6822795, -37.6855036 ], [ 141.6873115, -37.6804936 ], [ 141.6768995, -37.674280599999989 ], [ 141.670261499999981, -37.678117600000014 ], [ 141.66683949999998, -37.6769766 ], [ 141.663303499999984, -37.6641136 ], [ 141.656774499999983, -37.6655836 ], [ 141.6571085, -37.6619053 ], [ 141.651515499999988, -37.661019599999989 ], [ 141.6543575, -37.6573606 ], [ 141.6500395, -37.6555096 ], [ 141.650614499999989, -37.6515636 ], [ 141.6430985, -37.6528216 ], [ 141.647745499999985, -37.6502166 ], [ 141.6446585, -37.6451756 ], [ 141.634820499999989, -37.6435956 ], [ 141.6261006, -37.6474736 ], [ 141.6221445, -37.6427176 ], [ 141.625737499999985, -37.6401576 ], [ 141.6239785, -37.6387246 ], [ 141.6146795, -37.6424636 ], [ 141.6117145, -37.6379776 ], [ 141.608882599999987, -37.6453616 ], [ 141.6074595, -37.6418186 ], [ 141.600731599999989, -37.6395976 ], [ 141.6000315, -37.645968599999989 ], [ 141.596549499999981, -37.6422156 ], [ 141.5940455, -37.6447526 ], [ 141.5874555, -37.6444706 ], [ 141.5837406, -37.6408506 ], [ 141.5882646, -37.6324356 ], [ 141.5810476, -37.627531600000012 ], [ 141.58591149999998, -37.623530599999988 ], [ 141.5813585, -37.62454360000001 ], [ 141.5830406, -37.6197096 ], [ 141.5789935, -37.6220356 ], [ 141.5751546, -37.6191286 ], [ 141.573944499999982, -37.6124426 ], [ 141.5695395, -37.6125806 ], [ 141.569292499999989, -37.6098536 ], [ 141.556761599999987, -37.6169436 ], [ 141.5505595, -37.6133296 ], [ 141.5409096, -37.6131196 ], [ 141.5419546, -37.6098036 ], [ 141.538713500000028, -37.6102206 ], [ 141.535890599999988, -37.6045436 ], [ 141.530721, -37.605244499999984 ], [ 141.5244051, -37.60187 ], [ 141.5330447, -37.597207 ], [ 141.5401694, -37.5989034 ], [ 141.5454241, -37.5897176 ], [ 141.5431668, -37.580634499999988 ], [ 141.5142606, -37.5607046 ], [ 141.5182005, -37.555301899999989 ], [ 141.5339333, -37.5514364 ], [ 141.5458993, -37.540583399999989 ], [ 141.5417127, -37.517845 ], [ 141.529509099999984, -37.5046891 ], [ 141.5255271, -37.4946397 ], [ 141.5275251, -37.488646899999985 ], [ 141.524112299999985, -37.479294699999983 ], [ 141.537534599999987, -37.4578426 ], [ 141.4866509, -37.4525033 ], [ 141.4994159, -37.3801354 ], [ 141.221010399999983, -37.3486919 ], [ 141.21684879999998, -37.3524803 ], [ 141.2208876, -37.364560700000013 ], [ 141.2484791, -37.369229400000016 ], [ 141.2507258, -37.3741133 ], [ 141.261562199999986, -37.3769208 ], [ 141.2661497, -37.3824675 ], [ 141.2741572, -37.3852903 ], [ 141.2722344, -37.392243 ], [ 141.280518, -37.3945002 ], [ 141.27148889999998, -37.4029758 ], [ 141.273952, -37.4069282 ], [ 141.2710248, -37.4104153 ], [ 141.2746875, -37.41221 ], [ 141.270444199999986, -37.414070499999987 ], [ 141.268641299999985, -37.4220248 ], [ 141.2597093, -37.421006199999987 ], [ 141.258716, -37.4265524 ], [ 141.2638461, -37.4300766 ], [ 141.168244099999981, -37.4198669 ], [ 141.097264699999982, -37.4498682 ] ] ] } },
{ "type": "Feature", "properties": { "lga_code": "22490", "lga_name": "Golden Plains", "area_sqkm": 2703.3899 }, "geometry": { "type": "Polygon", "coordinates": [ [ [ 143.651532, -37.6470328 ], [ 143.6422188, -37.6462155 ], [ 143.6419707, -37.650290200000015 ], [ 143.5953093, -37.6442949 ], [ 143.5866427, -37.6537112 ], [ 143.5365444, -37.6482983 ], [ 143.5333584, -37.6643387 ], [ 143.5357837, -37.6666913 ], [ 143.4948326, -37.6608653 ], [ 143.4998755, -37.6567832 ], [ 143.487913099999986, -37.6551156 ], [ 143.4897274, -37.6467976 ], [ 143.48294, -37.6459629 ], [ 143.4762422, -37.6500628 ], [ 143.4811015, -37.6523285 ], [ 143.465550899999982, -37.6542696 ], [ 143.4674676, -37.6601015 ], [ 143.464749899999987, -37.6589159 ], [ 143.4407181, -37.7848362 ], [ 143.440635, -37.806308 ], [ 143.446683, -37.812908899999989 ], [ 143.447803, -37.821387 ], [ 143.445388399999985, -37.839397 ], [ 143.4409619, -37.8417266 ], [ 143.4444909, -37.85103059999998 ], [ 143.4405593, -37.8594181 ], [ 143.4524123, -37.8732599 ], [ 143.4511257, -37.881248299999989 ], [ 143.4455126, -37.8831735 ], [ 143.4438422, -37.8874106 ], [ 143.4479149, -37.8962193 ], [ 143.4427813, -37.9056561 ], [ 143.4474109, -37.9104675 ], [ 143.4507351, -37.9078824 ], [ 143.455672199999981, -37.909100899999977 ], [ 143.472528399999987, -37.9235378 ], [ 143.477123500000033, -37.9243528 ], [ 143.481001, -37.9313335 ], [ 143.4772261, -37.937637 ], [ 143.4794166, -37.9408367 ], [ 143.593456, -37.9546556 ], [ 143.5973227, -37.962173 ], [ 143.610719099999983, -37.9581836 ], [ 143.6158441, -37.9645016 ], [ 143.6203937, -37.9653682 ], [ 143.6189105, -37.971173 ], [ 143.624421399999989, -37.9781778 ], [ 143.6209395, -37.978646 ], [ 143.6218298, -37.9818465 ], [ 143.629979, -37.981245699999988 ], [ 143.633995, -37.985620699999984 ], [ 143.6370479, -37.9812306 ], [ 143.6381189, -37.9847357 ], [ 143.6470809, -37.9872066 ], [ 143.646766899999989, -37.9920247 ], [ 143.653643200000033, -37.9993251 ], [ 143.6510451, -38.0059408 ], [ 143.656253699999979, -38.0074761 ], [ 143.6558238, -38.0114868 ], [ 143.650556199999983, -38.0132639 ], [ 143.6334154, -38.0126591 ], [ 143.6326573, -38.0163205 ], [ 143.628154599999988, -38.0163225 ], [ 143.6306868, -38.0185123 ], [ 143.6289193, -38.0233934 ], [ 143.6724151, -38.0293869 ], [ 143.7361521, -38.0273361 ], [ 143.7669726, -38.0197538 ], [ 143.8297207, -38.0223499 ], [ 143.8185977, -38.080137199999989 ], [ 143.824569199999985, -38.0809505 ], [ 143.8284166, -38.092180699999986 ], [ 143.8243416, -38.0918734 ], [ 143.8218665, -38.1043319 ], [ 143.8109294, -38.120584499999985 ], [ 143.809871499999986, -38.1276856 ], [ 143.9006925, -38.1385288 ], [ 143.9082943, -38.1045151 ], [ 143.9091788, -38.109021799999987 ], [ 143.9148117, -38.1089827 ], [ 143.9207715, -38.1145721 ], [ 143.9493033, -38.1149923 ], [ 143.9538231, -38.12256 ], [ 143.960162, -38.123866799999988 ], [ 143.9615134, -38.1197963 ], [ 143.964554699999979, -38.120129399999989 ], [ 143.97135369999998, -38.128415899999986 ], [ 143.9755829, -38.1269755 ], [ 143.9793683, -38.1302681 ], [ 143.982047099999988, -38.1273904 ], [ 143.9869903, -38.1294715 ], [ 143.993167199999988, -38.1251697 ], [ 143.9973173, -38.1159802 ], [ 144.010884899999979, -38.1171957 ], [ 144.015492199999983, -38.1244708 ], [ 144.0271587, -38.1231527 ], [ 144.0276825, -38.1174673 ], [ 144.0335944, -38.1168171 ], [ 144.034149499999984, -38.1137052 ], [ 144.044880400000011, -38.1125 ], [ 144.0517355, -38.1150472 ], [ 144.0518691, -38.117642100000019 ], [ 144.058187500000031, -38.11228 ], [ 144.0650717, -38.1126687 ], [ 144.0642257, -38.1091826 ], [ 144.0890502, -38.1096024 ], [ 144.1060253, -38.1005068 ], [ 144.0986623, -38.1161388 ], [ 144.1053676, -38.1247336 ], [ 144.1170118, -38.12196010000001 ], [ 144.1194026, -38.1112825 ], [ 144.1246265, -38.1170522 ], [ 144.129192, -38.1110208 ], [ 144.1335229, -38.1203279 ], [ 144.137973499999987, -38.1181876 ], [ 144.140332299999983, -38.122167499999982 ], [ 144.138024, -38.11202680000001 ], [ 144.140345, -38.1103778 ], [ 144.151639099999983, -38.1138655 ], [ 144.153334, -38.121243 ], [ 144.1589075, -38.1261532 ], [ 144.163048, -38.1253338 ], [ 144.1725606, -38.1348158 ], [ 144.1785246, -38.1331005 ], [ 144.1880736, -38.135346299999981 ], [ 144.192598799999985, -38.1409665 ], [ 144.1871711, -38.1425765 ], [ 144.187297100000023, -38.1458962 ], [ 144.1924516, -38.1440219 ], [ 144.19934809999998, -38.146720800000011 ], [ 144.215725599999985, -38.1364118 ], [ 144.2197785, -38.138504 ], [ 144.218297800000016, -38.1432429 ], [ 144.2238494, -38.1456608 ], [ 144.2306807, -38.1400479 ], [ 144.233075099999979, -38.1421852 ], [ 144.2356091, -38.1366447 ], [ 144.240637199999981, -38.134867699999987 ], [ 144.2409638, -38.1414785 ], [ 144.260045599999984, -38.1375823 ], [ 144.2632672, -38.1407705 ], [ 144.2651223, -38.1314533 ], [ 144.2611111, -38.1303282 ], [ 144.268155, -38.092818799999989 ], [ 144.2725858, -38.0933284 ], [ 144.27408010000002, -38.0879914 ], [ 144.279469399999982, -38.088442300000011 ], [ 144.285875899999979, -38.0757315 ], [ 144.272884200000021, -38.0657253 ], [ 144.2686477, -38.0685688 ], [ 144.2589515, -38.064885499999988 ], [ 144.2626912, -38.043695 ], [ 144.2562663, -38.0402279 ], [ 144.25835859999998, -38.0353061 ], [ 144.250796799999989, -38.0305594 ], [ 144.2515881, -38.0206041 ], [ 144.240716099999986, -38.0085448 ], [ 144.24773, -37.9913198 ], [ 144.247293, -37.9867608 ], [ 144.240149, -37.9833328 ], [ 144.241641, -37.9737378 ], [ 144.235484, -37.9645448 ], [ 144.238044, -37.9500228 ], [ 144.233655100000021, -37.9445608 ], [ 144.2368404, -37.942369299999989 ], [ 144.202525899999983, -37.9382446 ], [ 144.2134374, -37.9014342 ], [ 144.2237993, -37.8973152 ], [ 144.240764499999983, -37.8765318 ], [ 144.2484666, -37.8737698 ], [ 144.2342174, -37.866646299999978 ], [ 144.2302142, -37.8338497 ], [ 144.2106823, -37.8249807 ], [ 144.222451799999988, -37.810187800000016 ], [ 144.216909, -37.8095686 ], [ 144.2182789, -37.8069921 ], [ 144.1293943, -37.797522 ], [ 144.122825399999982, -37.7987051 ], [ 144.1222852, -37.8029868 ], [ 144.0602178, -37.7957574 ], [ 144.0545961, -37.832281799999976 ], [ 144.049693, -37.8262018 ], [ 144.0175011, -37.822689 ], [ 143.989335, -37.822726499999987 ], [ 143.9792928, -37.8276132 ], [ 143.9580676, -37.8274381 ], [ 143.9586133, -37.8232535 ], [ 143.93922, -37.8236437 ], [ 143.9392133, -37.8153724 ], [ 143.9297489, -37.8153292 ], [ 143.9189902, -37.8107974 ], [ 143.9194626, -37.8035312 ], [ 143.913617599999981, -37.800213899999989 ], [ 143.91634209999998, -37.7925274 ], [ 143.9128289, -37.7943363 ], [ 143.9002055, -37.7834344 ], [ 143.89923779999998, -37.7922253 ], [ 143.8925789, -37.7872817 ], [ 143.8935847, -37.7838461 ], [ 143.8834666, -37.778076299999988 ], [ 143.883162, -37.7740849 ], [ 143.893779099999989, -37.7747392 ], [ 143.901889899999986, -37.7663444 ], [ 143.8962664, -37.7659377 ], [ 143.8998167, -37.759687300000017 ], [ 143.896501799999982, -37.7527503 ], [ 143.901779399999981, -37.753137099999989 ], [ 143.903309399999983, -37.7503313 ], [ 143.8953314, -37.7446054 ], [ 143.897735499999982, -37.7432389 ], [ 143.8959845, -37.7334436 ], [ 143.892171, -37.732968 ], [ 143.8928784, -37.7281036 ], [ 143.89595, -37.729028 ], [ 143.8927927, -37.7243577 ], [ 143.8985912, -37.723768299999989 ], [ 143.887698, -37.713219 ], [ 143.8821587, -37.7141243 ], [ 143.8770467, -37.7070159 ], [ 143.872266599999989, -37.7084025 ], [ 143.8699684, -37.6912251 ], [ 143.8665106, -37.692463 ], [ 143.8627979, -37.6892116 ], [ 143.8540748, -37.692067900000012 ], [ 143.8576603, -37.6861695 ], [ 143.8508387, -37.6858013 ], [ 143.853530399999983, -37.681948399999989 ], [ 143.8503725, -37.6799681 ], [ 143.8534426, -37.6784274 ], [ 143.8493714, -37.6777139 ], [ 143.849334299999981, -37.6724921 ], [ 143.8450215, -37.6697912 ], [ 143.840268700000024, -37.6720366 ], [ 143.8344314, -37.6650154 ], [ 143.83336, -37.6553731 ], [ 143.8349847, -37.6521957 ], [ 143.8382938, -37.652503099999983 ], [ 143.8322296, -37.6437781 ], [ 143.834148, -37.640857499999989 ], [ 143.8301099, -37.6298673 ], [ 143.8340728, -37.6209765 ], [ 143.7806488, -37.5997788 ], [ 143.7569622, -37.5944555 ], [ 143.7100111, -37.566924699999987 ], [ 143.7072445, -37.5578648 ], [ 143.685935299999983, -37.5601171 ], [ 143.6621944, -37.572394 ], [ 143.651532, -37.6470328 ] ] ] } },
{ "type": "Feature", "properties": { "lga_code": "22620", "lga_name": "Greater Bendigo", "area_sqkm": 2999.9717 }, "geometry": { "type": "Polygon", "coordinates": [ [ [ 144.311597300000017, -36.943987 ], [ 144.3130337, -36.9465391 ], [ 144.3796394, -36.9526977 ], [ 144.3782192, -36.9550374 ], [ 144.3820651, -36.9572063 ], [ 144.386847, -36.9528136 ], [ 144.39599819999998, -36.9553295 ], [ 144.4000378, -36.9397266 ], [ 144.3976427, -36.9353887 ], [ 144.4082937, -36.922927 ], [ 144.4120409, -36.9234136 ], [ 144.4135039, -36.9299533 ], [ 144.4192215, -36.9324784 ], [ 144.42149809999998, -36.9384137 ], [ 144.4279234, -36.9381871 ], [ 144.429829499999983, -36.9443409 ], [ 144.438120699999985, -36.9355983 ], [ 144.4495043, -36.9412304 ], [ 144.4542404, -36.9415315 ], [ 144.456023499999986, -36.9383743 ], [ 144.4629917, -36.9438732 ], [ 144.4601768, -36.9491577 ], [ 144.4683938, -36.952219 ], [ 144.470540199999988, -36.9496334 ], [ 144.4732578, -36.9542249 ], [ 144.4784565, -36.9539953 ], [ 144.479826, -36.9608565 ], [ 144.488806499999981, -36.965717 ], [ 144.4893357, -36.9714111 ], [ 144.494136, -36.966964399999981 ], [ 144.491103, -36.961609599999989 ], [ 144.497819099999987, -36.971149 ], [ 144.5062557, -36.9758754 ], [ 144.4926621, -37.050452700000015 ], [ 144.524103100000019, -37.0541413 ], [ 144.5205834, -37.0575065 ], [ 144.5404809, -37.060369799999982 ], [ 144.5505545, -37.0540474 ], [ 144.544886599999984, -37.0528286 ], [ 144.542877799999985, -37.0433321 ], [ 144.5491811, -37.041598700000016 ], [ 144.540060499999981, -37.0247138 ], [ 144.5411901, -37.0158326 ], [ 144.5453704, -37.013140799999981 ], [ 144.556070399999982, -37.0139789 ], [ 144.5603648, -37.0099502 ], [ 144.5834495, -37.0100844 ], [ 144.583588, -37.0056833 ], [ 144.593676300000027, -37.0099428 ], [ 144.5970265, -37.0084017 ], [ 144.59707, -37.0039531 ], [ 144.6322136, -37.001994 ], [ 144.643696899999981, -37.005432899999988 ], [ 144.650478599999985, -37.0152441 ], [ 144.6622678, -37.0086647 ], [ 144.6884431, -37.0109697 ], [ 144.691326299999986, -37.0057006 ], [ 144.6882134, -36.994552599999984 ], [ 144.6985713, -36.9941967 ], [ 144.709350799999982, -36.988642 ], [ 144.71827159999998, -36.9747009 ], [ 144.7345551, -36.9800158 ], [ 144.73402729999998, -36.9821323 ], [ 144.747853099999986, -36.9780709 ], [ 144.7506201, -36.9753275 ], [ 144.748522399999985, -36.9677576 ], [ 144.7534569, -36.962980699999981 ], [ 144.765999, -36.9736186 ], [ 144.7965788, -36.9655263 ], [ 144.791273499999988, -36.952017 ], [ 144.802368699999988, -36.9567826 ], [ 144.806322199999983, -36.955629699999989 ], [ 144.800212599999981, -36.939421899999978 ], [ 144.804272699999984, -36.9258751 ], [ 144.822391899999985, -36.8996959 ], [ 144.8372422, -36.892716200000017 ], [ 144.8535693, -36.8802372 ], [ 144.8509186, -36.8794411 ], [ 144.8529854, -36.8750183 ], [ 144.8466688, -36.874057799999989 ], [ 144.8302215, -36.859685399999989 ], [ 144.831195, -36.8554566 ], [ 144.819424, -36.8562106 ], [ 144.821342099999981, -36.8541868 ], [ 144.811086099999983, -36.8398308 ], [ 144.80362359999998, -36.8398442 ], [ 144.798553, -36.8326081 ], [ 144.787319599999989, -36.8053166 ], [ 144.786756199999985, -36.799688299999985 ], [ 144.7920111, -36.7996905 ], [ 144.791708699999987, -36.7800235 ], [ 144.7847726, -36.7805129 ], [ 144.7848122, -36.7706446 ], [ 144.7947475, -36.7706579 ], [ 144.792411099999981, -36.7559521 ], [ 144.794691299999982, -36.7507098 ], [ 144.771377299999983, -36.751339099999988 ], [ 144.766933199999983, -36.747244199999983 ], [ 144.755023699999981, -36.7515853 ], [ 144.7503221, -36.7575435 ], [ 144.740901899999983, -36.7557727 ], [ 144.722956300000021, -36.7609752 ], [ 144.6661652, -36.7625987 ], [ 144.6671117, -36.7253894 ], [ 144.5180388, -36.7254378 ], [ 144.5195966, -36.7115619 ], [ 144.5266318, -36.7019843 ], [ 144.522472, -36.6931542 ], [ 144.526162699999986, -36.6892614 ], [ 144.532414099999983, -36.6918704 ], [ 144.5347703, -36.688021699999986 ], [ 144.5254449, -36.659788399999989 ], [ 144.5374606, -36.6554564 ], [ 144.5390744, -36.6495173 ], [ 144.5457499, -36.6467656 ], [ 144.543715599999985, -36.6418556 ], [ 144.5488978, -36.6325229 ], [ 144.560066399999982, -36.6271129 ], [ 144.563887099999988, -36.620703899999988 ], [ 144.5603926, -36.616907 ], [ 144.5618412, -36.6134264 ], [ 144.5667775, -36.614297700000023 ], [ 144.578823799999981, -36.6028989 ], [ 144.577413, -36.599214300000014 ], [ 144.581287299999985, -36.596817699999988 ], [ 144.5862636, -36.5982227 ], [ 144.5897253, -36.5948218 ], [ 144.5834358, -36.584702300000011 ], [ 144.5891919, -36.583944 ], [ 144.59841, -36.5745087 ], [ 144.595979299999982, -36.5688945 ], [ 144.5871431, -36.5624969 ], [ 144.5872252, -36.5578862 ], [ 144.601837499999988, -36.554474099999986 ], [ 144.6105413, -36.5559173 ], [ 144.606290799999982, -36.5467912 ], [ 144.6146201, -36.543126 ], [ 144.617121699999984, -36.5378308 ], [ 144.6084396, -36.528956599999987 ], [ 144.6201212, -36.5258853 ], [ 144.626031, -36.5273719 ], [ 144.6209421, -36.5205316 ], [ 144.6129195, -36.5207136 ], [ 144.610260899999986, -36.516752499999974 ], [ 144.6134724, -36.510897899999989 ], [ 144.6235441, -36.5045055 ], [ 144.6213975, -36.5017678 ], [ 144.6152047, -36.5044968 ], [ 144.614427899999981, -36.4996386 ], [ 144.6113279, -36.499131 ], [ 144.618394699999982, -36.4929524 ], [ 144.6211606, -36.4946841 ], [ 144.626213899999982, -36.492141499999981 ], [ 144.620622699999984, -36.4813226 ], [ 144.629394099999985, -36.477813 ], [ 144.633865, -36.4806207 ], [ 144.63948929999998, -36.4741017 ], [ 144.646463200000028, -36.4715747 ], [ 144.649051900000018, -36.4743282 ], [ 144.65475, -36.472629 ], [ 144.6532693, -36.4656027 ], [ 144.659241, -36.4637485 ], [ 144.6614899, -36.459045 ], [ 144.665566899999988, -36.4610426 ], [ 144.671552599999984, -36.4571046 ], [ 144.6683314, -36.4508131 ], [ 144.6737407, -36.4472528 ], [ 144.6719368, -36.4430913 ], [ 144.6587251, -36.4404701 ], [ 144.6657801, -36.4271221 ], [ 144.6695968, -36.424128499999981 ], [ 144.6742674, -36.4254871 ], [ 144.6690586, -36.4126913 ], [ 144.66528, -36.4108247 ], [ 144.66818379999998, -36.4065794 ], [ 144.4301054, -36.4066727 ], [ 144.430217, -36.411291 ], [ 144.415708199999983, -36.3963111 ], [ 144.399760300000025, -36.4075099 ], [ 144.3694051, -36.4078362 ], [ 144.368376899999987, -36.39566 ], [ 144.359003199999989, -36.394411 ], [ 144.3583275, -36.38517 ], [ 144.3440999, -36.385206499999981 ], [ 144.3437587, -36.4870825 ], [ 144.209675299999986, -36.487507 ], [ 144.2044793, -36.5163579 ], [ 144.199343199999987, -36.516372499999981 ], [ 144.1993443, -36.5244788 ], [ 144.1704633, -36.5244128 ], [ 144.1626502, -36.5655592 ], [ 144.174371800000017, -36.582305 ], [ 144.1847344, -36.6184679 ], [ 144.1404033, -36.618422799999983 ], [ 144.140496899999988, -36.647298499999984 ], [ 144.1258881, -36.6473001 ], [ 144.1258129, -36.662008 ], [ 144.0687011, -36.661992 ], [ 144.068727, -36.7202147 ], [ 144.0620734, -36.7193964 ], [ 144.059846099999987, -36.7307387 ], [ 144.068255, -36.7317922 ], [ 144.0756609, -36.7431247 ], [ 144.071285499999988, -36.7664262 ], [ 144.0623186, -36.7666761 ], [ 144.0593302, -36.7815371 ], [ 144.0479427, -36.7922357 ], [ 144.0466496, -36.798685 ], [ 144.049518799999987, -36.7990459 ], [ 144.0331158, -36.8854697 ], [ 144.030264200000033, -36.8910061 ], [ 144.027301, -36.8906488 ], [ 144.0259053, -36.8978834 ], [ 144.2228321, -36.9214823 ], [ 144.2230045, -36.923624399999987 ], [ 144.2283246, -36.9223788 ], [ 144.24052039999998, -36.9505629 ], [ 144.2976775, -36.9569836 ], [ 144.3003329, -36.9426201 ], [ 144.311597300000017, -36.943987 ] ] ] } },
{ "type": "Feature", "properties": { "lga_code": "22670", "lga_name": "Greater Dandenong", "area_sqkm": 129.5466 }, "geometry": { "type": "Polygon", "coordinates": [ [ [ 145.150275599999986, -38.067286299999985 ], [ 145.239589200000012, -38.0776638 ], [ 145.2518594, -38.003622199999981 ], [ 145.2273299, -38.0007569 ], [ 145.227336899999983, -37.991003 ], [ 145.2355129, -37.976745799999989 ], [ 145.234056899999985, -37.9566229 ], [ 145.219670899999983, -37.9401869 ], [ 145.156733799999984, -37.9331325 ], [ 145.1433745, -37.9245482 ], [ 145.1365875, -37.9604843 ], [ 145.129603799999984, -37.9615471 ], [ 145.145916799999981, -37.9835991 ], [ 145.1393048, -38.0187696 ], [ 145.133521699999989, -38.0253667 ], [ 145.150275599999986, -38.067286299999985 ] ] ] } },
{ "type": "Feature", "properties": { "lga_code": "22750", "lga_name": "Greater Geelong", "area_sqkm": 1247.9872 }, "geometry": { "type": "Polygon", "coordinates": [ [ [ 144.716033, -38.161870799999988 ], [ 144.7202058, -38.1466182 ], [ 144.7063377, -38.1301582 ], [ 144.6927359, -38.1202569 ], [ 144.6687729, -38.1126386 ], [ 144.649911799999984, -38.112749799999982 ], [ 144.632626099999982, -38.1073568 ], [ 144.5945848, -38.128963799999987 ], [ 144.559471299999984, -38.1541948 ], [ 144.5270482, -38.160274799999989 ], [ 144.4979424, -38.1609996 ], [ 144.4806677, -38.1644769 ], [ 144.4679909, -38.162825 ], [ 144.4407101, -38.147768 ], [ 144.4327001, -38.1396908 ], [ 144.425604099999987, -38.1237998 ], [ 144.416254899999984, -38.1554158 ], [ 144.402645899999982, -38.1554451 ], [ 144.388774, -38.1486721 ], [ 144.384806, -38.1432418 ], [ 144.3711811, -38.1468198 ], [ 144.3604221, -38.1420028 ], [ 144.3558008, -38.1330288 ], [ 144.3600841, -38.1151958 ], [ 144.366587899999985, -38.1098918 ], [ 144.3611479, -38.106044899999979 ], [ 144.381581200000028, -38.097338799999989 ], [ 144.3832033, -38.0840696 ], [ 144.38946439999998, -38.076644 ], [ 144.397949, -38.0738032 ], [ 144.4135263, -38.0844747 ], [ 144.4432645, -38.0862528 ], [ 144.4414806, -38.0895769 ], [ 144.444947499999984, -38.091803 ], [ 144.4506812, -38.0839788 ], [ 144.4578368, -38.0822718 ], [ 144.4587651, -38.0772278 ], [ 144.466001299999988, -38.077170699999989 ], [ 144.4709182, -38.0835288 ], [ 144.478745, -38.0766837 ], [ 144.483, -38.0798837 ], [ 144.483019899999988, -38.0779087 ], [ 144.4877289, -38.078400699999989 ], [ 144.5068518, -38.0914948 ], [ 144.5173091, -38.0566813 ], [ 144.5179, -38.0531233 ], [ 144.516621, -38.0506243 ], [ 144.514478199999985, -38.0614954 ], [ 144.5119862, -38.0580274 ], [ 144.515175, -38.0460418 ], [ 144.534379699999988, -38.042961099999985 ], [ 144.5393546, -38.039428 ], [ 144.5367296, -38.041357 ], [ 144.5342957, -38.0445011 ], [ 144.517106, -38.0485133 ], [ 144.519253, -38.0490842 ], [ 144.5336867, -38.0449921 ], [ 144.5507374, -38.036048899999983 ], [ 144.5586692, -38.0375278 ], [ 144.567499, -38.0227696 ], [ 144.5752508, -38.0206066 ], [ 144.5809807, -38.0115085 ], [ 144.5917481, -38.0047465 ], [ 144.573388099999988, -37.9991942 ], [ 144.5678297, -37.9845022 ], [ 144.5654396, -37.986727400000014 ], [ 144.554649399999988, -37.9847723 ], [ 144.5475534, -37.9718581 ], [ 144.5240746, -37.9733553 ], [ 144.5229578, -37.9797759 ], [ 144.5186976, -37.9809998 ], [ 144.50865, -37.978327399999984 ], [ 144.507109899999989, -37.973803 ], [ 144.4956446, -37.974262 ], [ 144.496461499999981, -37.9642044 ], [ 144.4888522, -37.9608671 ], [ 144.4798921, -37.9499335 ], [ 144.4771518, -37.9452742 ], [ 144.4813577, -37.9441687 ], [ 144.474024499999985, -37.935668299999989 ], [ 144.4771183, -37.93212 ], [ 144.4750444, -37.9281003 ], [ 144.4826206, -37.9232564 ], [ 144.476947699999982, -37.922066199999989 ], [ 144.478117699999984, -37.9107793 ], [ 144.484778399999982, -37.9089691 ], [ 144.4801218, -37.8889359 ], [ 144.4722803, -37.8880038 ], [ 144.472907099999986, -37.8827644 ], [ 144.469328700000034, -37.884184099999977 ], [ 144.454712, -37.8676016 ], [ 144.4481779, -37.868244 ], [ 144.434615, -37.8549418 ], [ 144.42977, -37.8575168 ], [ 144.421624, -37.8461068 ], [ 144.423006, -37.8338908 ], [ 144.4179471, -37.8269248 ], [ 144.421059, -37.8203398 ], [ 144.414817, -37.8165358 ], [ 144.416018, -37.809603799999984 ], [ 144.405525, -37.807386799999989 ], [ 144.406363, -37.8009208 ], [ 144.3991246, -37.815219 ], [ 144.3619938, -37.810816299999985 ], [ 144.3533133, -37.8452905 ], [ 144.346976399999988, -37.8419026 ], [ 144.3450502, -37.8453108 ], [ 144.3430114, -37.8430346 ], [ 144.3316897, -37.8462647 ], [ 144.3228358, -37.8446998 ], [ 144.312876, -37.835821 ], [ 144.3052164, -37.8365573 ], [ 144.301158499999985, -37.830699199999984 ], [ 144.294254699999982, -37.8289149 ], [ 144.2960219, -37.819551499999982 ], [ 144.265163699999988, -37.8159543 ], [ 144.263616499999983, -37.8116456 ], [ 144.2481094, -37.8096503 ], [ 144.2470636, -37.8125772 ], [ 144.238092599999987, -37.8114585 ], [ 144.2384423, -37.8094787 ], [ 144.2224922, -37.810104099999975 ], [ 144.2106823, -37.8249807 ], [ 144.2302142, -37.8338497 ], [ 144.2342174, -37.866646299999978 ], [ 144.2484666, -37.8737698 ], [ 144.240764499999983, -37.8765318 ], [ 144.2237993, -37.8973152 ], [ 144.2134374, -37.9014342 ], [ 144.202525899999983, -37.9382446 ], [ 144.2368404, -37.942369299999989 ], [ 144.233655100000021, -37.9445608 ], [ 144.238044, -37.9500228 ], [ 144.235484, -37.9645448 ], [ 144.241641, -37.9737378 ], [ 144.240149, -37.9833328 ], [ 144.247293, -37.9867608 ], [ 144.24773, -37.9913198 ], [ 144.240716099999986, -38.0085448 ], [ 144.2515881, -38.0206041 ], [ 144.250796799999989, -38.0305594 ], [ 144.25835859999998, -38.0353061 ], [ 144.2562663, -38.0402279 ], [ 144.2626912, -38.043695 ], [ 144.2589515, -38.064885499999988 ], [ 144.2686477, -38.0685688 ], [ 144.272884200000021, -38.0657253 ], [ 144.286487199999982, -38.079079199999988 ], [ 144.2841652, -38.0831332 ], [ 144.2796112, -38.0838197 ], [ 144.279469399999982, -38.088442300000011 ], [ 144.27408010000002, -38.0879914 ], [ 144.2725858, -38.0933284 ], [ 144.268155, -38.092818799999989 ], [ 144.2611111, -38.1303282 ], [ 144.2651223, -38.1314533 ], [ 144.2619201, -38.1513566 ], [ 144.2545361, -38.158080899999987 ], [ 144.250481399999984, -38.173602 ], [ 144.2525975, -38.1757382 ], [ 144.241331, -38.2377598 ], [ 144.4060651, -38.257249200000011 ], [ 144.3969841, -38.2911692 ], [ 144.3872087, -38.2921653 ], [ 144.384530899999987, -38.2968403 ], [ 144.37466, -38.2998074 ], [ 144.3764631, -38.3025824 ], [ 144.398059600000011, -38.2970413 ], [ 144.430261, -38.281313 ], [ 144.500035199999985, -38.2904485 ], [ 144.49488359999998, -38.2826136 ], [ 144.4987601, -38.2834915 ], [ 144.509044800000026, -38.2745423 ], [ 144.525572399999987, -38.2713131 ], [ 144.550774, -38.2731349 ], [ 144.600750799999986, -38.2878247 ], [ 144.6258785, -38.257857199999989 ], [ 144.6269398, -38.2522848 ], [ 144.623861799999986, -38.2498808 ], [ 144.629341, -38.2519798 ], [ 144.66616, -38.210048799999988 ], [ 144.693407799999989, -38.1943219 ], [ 144.7034217, -38.2015729 ], [ 144.69965, -38.2134651 ], [ 144.6939951, -38.2170422 ], [ 144.6985111, -38.2171722 ], [ 144.6965611, -38.2197872 ], [ 144.701882, -38.2158891 ], [ 144.700918, -38.2196042 ], [ 144.7196362, -38.1732424 ], [ 144.716033, -38.161870799999988 ] ] ] } },
{ "type": "Feature", "properties": { "lga_code": "22830", "lga_name": "Greater Shepparton", "area_sqkm": 2421.9092 }, "geometry": { "type": "Polygon", "coordinates": [ [ [ 145.031955, -36.3429682 ], [ 145.0319771, -36.49897 ], [ 145.1497665, -36.4989983 ], [ 145.1514066, -36.5271095 ], [ 145.1575638, -36.530484 ], [ 145.15403569999998, -36.5379707 ], [ 145.154827, -36.5596332 ], [ 145.1499097, -36.5600409 ], [ 145.1500116, -36.5872004 ], [ 145.1317513, -36.5873251 ], [ 145.1317182, -36.67544 ], [ 145.1685401, -36.675283700000016 ], [ 145.168651, -36.690057800000019 ], [ 145.177801099999982, -36.6899703 ], [ 145.172130399999986, -36.697277 ], [ 145.178628799999984, -36.7005296 ], [ 145.183637799999985, -36.6978891 ], [ 145.1813266, -36.6918481 ], [ 145.1856913, -36.6863181 ], [ 145.223214, -36.685893899999989 ], [ 145.22027319999998, -36.6794697 ], [ 145.2235168, -36.6753811 ], [ 145.2219, -36.6700485 ], [ 145.2161245, -36.6696813 ], [ 145.212333699999988, -36.6633593 ], [ 145.2038719, -36.6613903 ], [ 145.211863599999987, -36.6602102 ], [ 145.2050423, -36.6547774 ], [ 145.212384499999985, -36.6479685 ], [ 145.228667699999988, -36.646738199999987 ], [ 145.228700799999984, -36.641973899999989 ], [ 145.302523799999989, -36.6419259 ], [ 145.300731399999989, -36.6384362 ], [ 145.298243, -36.6395937 ], [ 145.297785100000027, -36.634256199999989 ], [ 145.306721399999986, -36.6327589 ], [ 145.309695, -36.625122199999986 ], [ 145.3061706, -36.617188899999988 ], [ 145.311496399999982, -36.6141046 ], [ 145.3046985, -36.6134702 ], [ 145.318918599999989, -36.6123889 ], [ 145.353592, -36.5560896 ], [ 145.580488799999983, -36.5543053 ], [ 145.5920041, -36.5632806 ], [ 145.6317286, -36.5632854 ], [ 145.6315663, -36.4990332 ], [ 145.731876, -36.4990233 ], [ 145.7313216, -36.4426199 ], [ 145.724244699999986, -36.434459300000015 ], [ 145.724433299999987, -36.424595 ], [ 145.735175699999985, -36.4261201 ], [ 145.7396134, -36.4312154 ], [ 145.737942299999986, -36.4342345 ], [ 145.763808, -36.4361534 ], [ 145.766131699999988, -36.4417161 ], [ 145.775439899999981, -36.443740599999984 ], [ 145.79851, -36.3308174 ], [ 145.7984533, -36.29905560000001 ], [ 145.6315263, -36.299061599999987 ], [ 145.6316072, -36.1991662 ], [ 145.260264799999987, -36.1993116 ], [ 145.2581511, -36.192705900000021 ], [ 145.25160409999998, -36.1919318 ], [ 145.255677100000014, -36.1842178 ], [ 145.2486901, -36.187545799999988 ], [ 145.245445099999984, -36.1757029 ], [ 145.2433991, -36.1802298 ], [ 145.2404291, -36.178770899999989 ], [ 145.2399651, -36.1716268 ], [ 145.2364641, -36.1737458 ], [ 145.2373651, -36.177504799999987 ], [ 145.234772099999986, -36.1756649 ], [ 145.232082099999985, -36.1677778 ], [ 145.2376581, -36.1645948 ], [ 145.2333411, -36.1646728 ], [ 145.229370099999983, -36.1708788 ], [ 145.2290351, -36.1648298 ], [ 145.2230251, -36.1704538 ], [ 145.221271100000024, -36.162794800000015 ], [ 145.2300071, -36.1612189 ], [ 145.228998099999984, -36.158878799999989 ], [ 145.2207411, -36.16052280000001 ], [ 145.2163591, -36.1655978 ], [ 145.2120711, -36.158667799999982 ], [ 145.2066801, -36.1648789 ], [ 145.2084721, -36.1678209 ], [ 145.2047131, -36.1671338 ], [ 145.203500099999985, -36.161397799999989 ], [ 145.195092099999982, -36.1619939 ], [ 145.200719099999986, -36.1576358 ], [ 145.194360099999983, -36.1588318 ], [ 145.1925531, -36.1634379 ], [ 145.1985501, -36.1649188 ], [ 145.189033099999989, -36.165238799999983 ], [ 145.190924099999989, -36.1713108 ], [ 145.1876561, -36.174492799999989 ], [ 145.1959091, -36.174569800000015 ], [ 145.1902211, -36.1799658 ], [ 145.1809901, -36.1781718 ], [ 145.184292, -36.182259599999988 ], [ 145.1825553, -36.1849468 ], [ 145.1724841, -36.1767098 ], [ 145.1721011, -36.169913799999989 ], [ 145.1750791, -36.1681899 ], [ 145.1694201, -36.1680528 ], [ 145.172857099999987, -36.1654038 ], [ 145.1658021, -36.1673798 ], [ 145.1657351, -36.1606958 ], [ 145.1571501, -36.157669800000015 ], [ 145.146235099999984, -36.1626958 ], [ 145.1445511, -36.155819799999989 ], [ 145.1402871, -36.1590738 ], [ 145.137939099999983, -36.1540328 ], [ 145.135685099999989, -36.1576808 ], [ 145.1344011, -36.1553968 ], [ 145.132164099999983, -36.157047799999987 ], [ 145.1341951, -36.1616928 ], [ 145.129934099999986, -36.161763799999989 ], [ 145.1387181, -36.166232799999975 ], [ 145.1354341, -36.1679388 ], [ 145.138252099999988, -36.1705018 ], [ 145.136869099999984, -36.1749048 ], [ 145.1310791, -36.1703768 ], [ 145.132277099999982, -36.174807799999989 ], [ 145.127615099999986, -36.176449799999986 ], [ 145.1327451, -36.17893380000001 ], [ 145.131993099999988, -36.2843408 ], [ 145.150315799999987, -36.2843355 ], [ 145.15029819999998, -36.3430885 ], [ 145.031955, -36.3429682 ] ] ] } },
{ "type": "Feature", "properties": { "lga_code": "22910", "lga_name": "Hepburn", "area_sqkm": 1472.9843 }, "geometry": { "type": "Polygon", "coordinates": [ [ [ 143.8415665, -37.345249 ], [ 143.86876479999998, -37.348312899999989 ], [ 143.8634006, -37.3804647 ], [ 143.8588048, -37.4020204 ], [ 143.849197100000026, -37.40077 ], [ 143.843232699999987, -37.4311073 ], [ 143.8577172, -37.4329602 ], [ 143.8529086, -37.4627984 ], [ 143.8494265, -37.466781100000013 ], [ 143.8568018, -37.4684597 ], [ 143.986705799999982, -37.4797422 ], [ 143.985880100000031, -37.4773219 ], [ 144.0236366, -37.4838746 ], [ 144.021441399999986, -37.4864655 ], [ 144.0370303, -37.486272299999982 ], [ 144.0423535, -37.4637948 ], [ 144.0551577, -37.4700329 ], [ 144.0590862, -37.4659866 ], [ 144.0629213, -37.4688776 ], [ 144.0786559, -37.462637499999985 ], [ 144.0835662, -37.4503168 ], [ 144.0877925, -37.4517735 ], [ 144.0871444, -37.4458274 ], [ 144.1010421, -37.4458544 ], [ 144.106883899999985, -37.4402234 ], [ 144.1114776, -37.4339203 ], [ 144.1072345, -37.4286003 ], [ 144.1328471, -37.4301612 ], [ 144.1479923, -37.4199122 ], [ 144.165145, -37.418333 ], [ 144.168164, -37.420379 ], [ 144.1717148, -37.417292 ], [ 144.188767499999983, -37.4147349 ], [ 144.1963022, -37.4088198 ], [ 144.2010291, -37.4093287 ], [ 144.198110499999984, -37.4201161 ], [ 144.22562019999998, -37.4234536 ], [ 144.2270322, -37.4160978 ], [ 144.234678200000019, -37.4165149 ], [ 144.2507587, -37.428684400000016 ], [ 144.2687053, -37.4275773 ], [ 144.291260099999988, -37.4369372 ], [ 144.2947311, -37.4343512 ], [ 144.298051, -37.4359901 ], [ 144.295108, -37.4289701 ], [ 144.2999369, -37.428035 ], [ 144.3117935, -37.415594800000015 ], [ 144.317679199999986, -37.4025046 ], [ 144.3214581, -37.4062886 ], [ 144.3265121, -37.4063595 ], [ 144.327623099999983, -37.4101845 ], [ 144.334879, -37.408865399999989 ], [ 144.345723099999987, -37.4179164 ], [ 144.341114399999981, -37.4260195 ], [ 144.3473134, -37.4286414 ], [ 144.3472825, -37.4321245 ], [ 144.3792841, -37.4387754 ], [ 144.382592499999987, -37.4237114 ], [ 144.3778073, -37.4159041 ], [ 144.3819729, -37.3933141 ], [ 144.4157928, -37.396244 ], [ 144.4190374, -37.3604943 ], [ 144.3927708, -37.3581359 ], [ 144.395742500000011, -37.3315674 ], [ 144.380265799999989, -37.329737699999988 ], [ 144.3690986, -37.3200773 ], [ 144.3403415, -37.3096544 ], [ 144.3104056, -37.2927727 ], [ 144.315318599999983, -37.2825516 ], [ 144.3185168, -37.2838427 ], [ 144.3208277, -37.279344300000012 ], [ 144.3197279, -37.2714866 ], [ 144.323949299999981, -37.2596754 ], [ 144.327986600000031, -37.2554088 ], [ 144.33354319999998, -37.2568647 ], [ 144.3439926, -37.2262126 ], [ 144.361378799999983, -37.2081273 ], [ 144.376128699999981, -37.2022284 ], [ 144.3753558, -37.1958055 ], [ 144.3603387, -37.1940343 ], [ 144.362993, -37.1793869 ], [ 144.37554369999998, -37.1808696 ], [ 144.3804728, -37.1750366 ], [ 144.3453016, -37.1697341 ], [ 144.3374976, -37.1656331 ], [ 144.3308788, -37.1718202 ], [ 144.3277627, -37.1668582 ], [ 144.292168, -37.1635568 ], [ 144.284258, -37.208001 ], [ 144.2766361, -37.20905 ], [ 144.275322099999983, -37.205532 ], [ 144.191909600000031, -37.196150299999985 ], [ 144.1907146, -37.1937803 ], [ 144.1851537, -37.195344399999989 ], [ 144.190452099999987, -37.1661261 ], [ 144.17875189999998, -37.1672426 ], [ 144.1734913, -37.1639234 ], [ 144.1566435, -37.1628466 ], [ 144.1570295, -37.1607196 ], [ 144.1460157, -37.1622978 ], [ 144.12141219999998, -37.1588178 ], [ 144.122347099999985, -37.1532888 ], [ 144.095978299999985, -37.15020329999998 ], [ 144.096302799999989, -37.1483631 ], [ 144.093444799999986, -37.1501431 ], [ 144.0743473, -37.1476465 ], [ 144.064015200000028, -37.2023356 ], [ 144.061202200000025, -37.2019696 ], [ 144.060089299999987, -37.2077166 ], [ 144.0675403, -37.210404599999983 ], [ 144.0660776, -37.2248636 ], [ 144.0606039, -37.2368257 ], [ 144.063567899999981, -37.2494948 ], [ 144.062706, -37.2520969 ], [ 144.051008199999984, -37.250462 ], [ 144.0419973, -37.2560401 ], [ 144.037650499999984, -37.2636802 ], [ 144.0386235, -37.2702283 ], [ 144.0330625, -37.2625113 ], [ 144.025207599999987, -37.2627464 ], [ 144.0234706, -37.2593323 ], [ 144.0220036, -37.2628014 ], [ 144.018395699999985, -37.2610884 ], [ 144.0167897, -37.2632104 ], [ 144.0013908, -37.2552425 ], [ 144.0014478, -37.2509645 ], [ 143.994923799999981, -37.2440795 ], [ 144.0005357, -37.2413104 ], [ 143.9967457, -37.2353344 ], [ 143.9937907, -37.2367465 ], [ 143.9872478, -37.2318475 ], [ 143.9839739, -37.2334436 ], [ 143.979869900000011, -37.2310446 ], [ 143.98054879999998, -37.2281756 ], [ 143.977019899999988, -37.2299766 ], [ 143.970518, -37.228146699999989 ], [ 143.958874, -37.2204818 ], [ 143.9491487, -37.201408899999983 ], [ 143.9494176, -37.1944468 ], [ 143.8750082, -37.186388799999989 ], [ 143.8672478, -37.1952588 ], [ 143.858443099999988, -37.2353338 ], [ 143.836998400000027, -37.232833 ], [ 143.833551199999988, -37.226249799999984 ], [ 143.8220672, -37.2259318 ], [ 143.820197399999984, -37.235207 ], [ 143.766290199999986, -37.2282207 ], [ 143.7589013, -37.2330933 ], [ 143.732617399999981, -37.2145526 ], [ 143.7298424, -37.2194061 ], [ 143.727017499999988, -37.2136577 ], [ 143.722829599999983, -37.2173737 ], [ 143.7243674, -37.220980399999988 ], [ 143.716286199999985, -37.2250433 ], [ 143.7139211, -37.2302683 ], [ 143.6919754, -37.2322922 ], [ 143.6870324, -37.2289483 ], [ 143.6817217, -37.2339963 ], [ 143.671702899999985, -37.2332304 ], [ 143.665135099999986, -37.2366418 ], [ 143.6480631, -37.3216821 ], [ 143.7881184, -37.3392186 ], [ 143.7905146, -37.3419143 ], [ 143.7940323, -37.3390776 ], [ 143.7932544, -37.3437036 ], [ 143.826881499999985, -37.3400982 ], [ 143.8407942, -37.3426342 ], [ 143.8415665, -37.345249 ] ] ] } },
{ "type": "Feature", "properties": { "lga_code": "22980", "lga_name": "Hindmarsh", "area_sqkm": 7524.1823 }, "geometry": { "type": "Polygon", "coordinates": [ [ [ 141.339420099999984, -35.9987986 ], [ 141.254429499999986, -35.9968152 ], [ 141.2489458, -36.063510099999988 ], [ 141.2266138, -36.1876703 ], [ 141.4037552, -36.2062763 ], [ 141.4031128, -36.211741699999983 ], [ 141.412049699999983, -36.2214056 ], [ 141.4115447, -36.228867599999987 ], [ 141.4002774, -36.227766100000011 ], [ 141.379094499999979, -36.3596965 ], [ 141.4971812, -36.372150799999986 ], [ 141.4960235, -36.3792669 ], [ 141.48635729999998, -36.3782221 ], [ 141.484253699999982, -36.391452199999989 ], [ 141.4797465, -36.427264599999987 ], [ 141.4839485, -36.4276695 ], [ 141.477882599999987, -36.4648462 ], [ 141.4844606, -36.4655457 ], [ 141.4735574, -36.5310506 ], [ 141.6502214, -36.5473891 ], [ 141.7268353, -36.5576977 ], [ 141.7286942, -36.5444495 ], [ 142.003949299999988, -36.5674384 ], [ 142.005073899999985, -36.5622013 ], [ 142.0124745, -36.555735900000016 ], [ 142.009660699999984, -36.551909199999983 ], [ 142.0135617, -36.5510341 ], [ 142.01047269999998, -36.548408099999989 ], [ 142.012672499999979, -36.538851 ], [ 142.0155945, -36.538369 ], [ 142.0149944, -36.5350109 ], [ 142.0198944, -36.5360909 ], [ 142.0198504, -36.5334469 ], [ 142.025106199999982, -36.5316788 ], [ 142.0221392, -36.5279538 ], [ 142.030516899999981, -36.5173876 ], [ 142.0273499, -36.5129846 ], [ 142.0300509, -36.511135500000016 ], [ 142.018649, -36.5021456 ], [ 142.0178473, -36.4945646 ], [ 142.0674568, -36.493071 ], [ 142.0708037, -36.4963528 ], [ 142.0761219, -36.492861 ], [ 142.168126, -36.4924789 ], [ 142.1645356, -36.4695865 ], [ 142.16538749999998, -36.3662686 ], [ 142.1686354, -36.3658486 ], [ 142.167972599999985, -36.040473 ], [ 142.1684845, -36.033797 ], [ 142.172613499999983, -36.0338039 ], [ 142.1726453, -36.0186958 ], [ 142.1684793, -36.0183898 ], [ 142.1684531, -35.9978537 ], [ 142.2390036, -35.9978748 ], [ 142.2390399, -35.8683105 ], [ 141.997117299999985, -35.867432 ], [ 141.9957469, -35.8242634 ], [ 142.0101689, -35.7552194 ], [ 142.008012899999983, -35.7337476 ], [ 141.9988711, -35.7161347 ], [ 141.992228700000027, -35.710737400000014 ], [ 141.9974393, -35.710741299999988 ], [ 141.994934799999982, -35.643861399999984 ], [ 141.9974977, -35.6395563 ], [ 141.9974876, -35.498422299999987 ], [ 141.4994656, -35.4984982 ], [ 141.499764299999981, -35.7485694 ], [ 141.330465, -35.748525 ], [ 141.3354137, -35.9051166 ], [ 141.354056499999984, -35.9129474 ], [ 141.374018899999982, -35.943656800000014 ], [ 141.3793987, -36.0048137 ], [ 141.352664799999985, -36.0082466 ], [ 141.339420099999984, -35.9987986 ] ] ] } },
{ "type": "Feature", "properties": { "lga_code": "23110", "lga_name": "Hobsons Bay", "area_sqkm": 64.2405 }, "geometry": { "type": "Polygon", "coordinates": [ [ [ 144.8829447, -37.8248201 ], [ 144.857794899999988, -37.824433899999988 ], [ 144.85984, -37.8138203 ], [ 144.824786499999988, -37.8235734 ], [ 144.8114788, -37.832460499999989 ], [ 144.7689412, -37.8511825 ], [ 144.770623199999989, -37.855377499999982 ], [ 144.7700323, -37.858259499999988 ], [ 144.7670354, -37.8577654 ], [ 144.7661966, -37.8647425 ], [ 144.754805, -37.8695539 ], [ 144.7517159, -37.8866501 ], [ 144.7623878, -37.8886551 ], [ 144.7633308, -37.8835749 ], [ 144.7706636, -37.8840879 ], [ 144.7807775, -37.894128099999989 ], [ 144.78085249999998, -37.8991942 ], [ 144.7973522, -37.8996391 ], [ 144.807593, -37.891369 ], [ 144.8077408, -37.8806298 ], [ 144.813979599999982, -37.8753847 ], [ 144.8251923, -37.8709307 ], [ 144.840437, -37.8714306 ], [ 144.8616716, -37.8598282 ], [ 144.8685875, -37.8586991 ], [ 144.8786266, -37.868069899999988 ], [ 144.882682499999987, -37.8657729 ], [ 144.9042593, -37.8725118 ], [ 144.91553, -37.8655298 ], [ 144.911561, -37.862054800000017 ], [ 144.9039291, -37.861719799999989 ], [ 144.9020481, -37.854304899999988 ], [ 144.8952401, -37.848695899999989 ], [ 144.8979871, -37.8476269 ], [ 144.899385099999989, -37.8496439 ], [ 144.904239, -37.8515779 ], [ 144.905599, -37.8517189 ], [ 144.899465, -37.8488159 ], [ 144.897224, -37.8440989 ], [ 144.90078, -37.8485149 ], [ 144.901348, -37.8489489 ], [ 144.902738, -37.8496229 ], [ 144.903898, -37.8499949 ], [ 144.89767, -37.8436029 ], [ 144.8970989, -37.8363349 ], [ 144.8988896, -37.8288629 ], [ 144.905568499999987, -37.822874899999988 ], [ 144.895862699999981, -37.8217835 ], [ 144.8949312, -37.8269871 ], [ 144.886894700000028, -37.8225661 ], [ 144.8829447, -37.8248201 ] ] ] } },
{ "type": "Feature", "properties": { "lga_code": "23190", "lga_name": "Horsham", "area_sqkm": 4266.769 }, "geometry": { "type": "Polygon", "coordinates": [ [ [ 141.8161303, -36.6597891 ], [ 141.740839199999982, -36.652157 ], [ 141.7177901, -36.801030399999988 ], [ 141.7021138, -36.799497 ], [ 141.702643599999988, -36.8498164 ], [ 141.7119315, -36.8507348 ], [ 141.7065868, -36.883832399999989 ], [ 141.6838994, -36.8816428 ], [ 141.6833982, -36.885047299999989 ], [ 141.668795599999982, -36.8836886 ], [ 141.657669299999981, -36.9556407 ], [ 141.779326199999986, -36.9671616 ], [ 141.7739234, -36.9720535 ], [ 141.780104699999981, -36.9770974 ], [ 141.792315, -36.9802164 ], [ 141.7910642, -36.9890135 ], [ 141.786284199999983, -36.9885425 ], [ 141.780936199999985, -37.0227966 ], [ 141.771794199999988, -37.0219077 ], [ 141.770621299999988, -37.0269907 ], [ 141.78083239999998, -37.028019699999987 ], [ 141.7733897, -37.1072852 ], [ 141.7652163, -37.1487652 ], [ 141.7703755, -37.151470599999989 ], [ 141.7763965, -37.1770706 ], [ 141.780938599999985, -37.1745266 ], [ 141.776795599999986, -37.1718306 ], [ 141.7864705, -37.1687766 ], [ 141.785478499999982, -37.1741156 ], [ 141.7935065, -37.1726336 ], [ 141.7958186, -37.1752846 ], [ 141.8006345, -37.1716906 ], [ 141.8007715, -37.1666616 ], [ 141.8027845, -37.1703046 ], [ 141.8062735, -37.1694816 ], [ 141.805964499999988, -37.1740736 ], [ 141.8100215, -37.1773786 ], [ 141.814554499999986, -37.17467460000001 ], [ 141.8114986, -37.168079599999984 ], [ 141.8207855, -37.173970599999983 ], [ 141.826035599999983, -37.1688976 ], [ 141.8361605, -37.1708326 ], [ 141.8422985, -37.1663217 ], [ 141.834477599999985, -37.1580966 ], [ 141.840544599999987, -37.1524976 ], [ 141.853062599999987, -37.147750599999988 ], [ 141.858042499999982, -37.1490856 ], [ 141.8590975, -37.145770600000013 ], [ 141.8648445, -37.149447699999989 ], [ 141.8818565, -37.1456726 ], [ 141.893243499999983, -37.1373436 ], [ 141.9088815, -37.1348347 ], [ 141.907876499999986, -37.1265196 ], [ 141.9034785, -37.123558599999981 ], [ 141.9110575, -37.1134516 ], [ 141.9254805, -37.1251326 ], [ 141.9234515, -37.1385736 ], [ 141.928386499999988, -37.1451407 ], [ 141.924178500000011, -37.1523116 ], [ 141.9295865, -37.1631526 ], [ 141.9349815, -37.1662046 ], [ 141.9276025, -37.1691226 ], [ 141.935593499999982, -37.1707886 ], [ 141.9300495, -37.1795606 ], [ 141.919304499999981, -37.182809599999985 ], [ 141.919718499999988, -37.1861357 ], [ 141.9117105, -37.189825599999985 ], [ 141.9127785, -37.202347599999989 ], [ 141.9205613, -37.2031973 ], [ 141.9212833, -37.1982893 ], [ 141.9213815, -37.198239099999988 ], [ 141.938202, -37.200059 ], [ 141.9371806, -37.2066675 ], [ 141.945046599999984, -37.210698399999984 ], [ 141.953458399999988, -37.2087318 ], [ 141.9892525, -37.2124057 ], [ 141.9997711, -37.2243163 ], [ 142.039410500000031, -37.224055799999988 ], [ 142.064565499999986, -37.218522600000014 ], [ 142.079684499999985, -37.2235837 ], [ 142.0887514, -37.212618899999988 ], [ 142.0845684, -37.2052729 ], [ 142.0922615, -37.1708767 ], [ 142.109111499999983, -37.1627197 ], [ 142.1078885, -37.130470699999982 ], [ 142.1144942, -37.1120407 ], [ 142.1301255, -37.1094537 ], [ 142.141329499999983, -37.1118837 ], [ 142.1636402, -37.105829 ], [ 142.177318099999979, -37.1076058 ], [ 142.1875445, -37.112775700000014 ], [ 142.2019685, -37.0950137 ], [ 142.2020775, -37.0886067 ], [ 142.206261500000011, -37.087282699999989 ], [ 142.2116825, -37.090374699999984 ], [ 142.216121499999986, -37.1007047 ], [ 142.2157105, -37.1113887 ], [ 142.2213755, -37.1151647 ], [ 142.222480499999989, -37.1205617 ], [ 142.2328475, -37.1233817 ], [ 142.2350515, -37.128169699999987 ], [ 142.2351306, -37.1071566 ], [ 142.271170899999987, -37.1073836 ], [ 142.2760194, -37.098343899999989 ], [ 142.2884282, -37.0887322 ], [ 142.300246, -37.0984627 ], [ 142.308196899999984, -37.0984584 ], [ 142.3083514, -37.0859561 ], [ 142.3151446, -37.0859597 ], [ 142.3330531, -37.071987600000014 ], [ 142.344707699999987, -37.0816044 ], [ 142.374570799999987, -37.0585618 ], [ 142.4069251, -37.0583229 ], [ 142.406821799999989, -37.046003 ], [ 142.3910444, -37.0462574 ], [ 142.3910524, -37.0430518 ], [ 142.39580429999998, -37.0430253 ], [ 142.3959242, -37.0285091 ], [ 142.4109412, -37.0345731 ], [ 142.411003199999982, -37.0213636 ], [ 142.405097399999988, -37.021348 ], [ 142.404957699999983, -37.0162962 ], [ 142.3804795, -37.0153805 ], [ 142.3805123, -37.0091088 ], [ 142.368416599999989, -37.0090147 ], [ 142.3683796, -37.014307399999986 ], [ 142.361417099999983, -37.0144097 ], [ 142.360883299999983, -37.021437 ], [ 142.3350418, -37.0190388 ], [ 142.336384899999985, -37.011232199999981 ], [ 142.338696100000021, -37.0138803 ], [ 142.346903, -37.013746 ], [ 142.346645599999988, -37.003206899999981 ], [ 142.3399378, -37.0032197 ], [ 142.3400007, -36.9913004 ], [ 142.351488, -36.991272 ], [ 142.351515299999988, -36.980301399999988 ], [ 142.3754521, -36.9828448 ], [ 142.380572699999988, -36.9783057 ], [ 142.394664899999981, -36.978360299999984 ], [ 142.3946927, -36.9732448 ], [ 142.358256, -36.9731236 ], [ 142.3582405, -36.9656537 ], [ 142.3758848, -36.965685199999989 ], [ 142.3787227, -36.9477103 ], [ 142.374225199999984, -36.947623 ], [ 142.3751144, -36.9270511 ], [ 142.3580819, -36.9265503 ], [ 142.3583175, -36.9033382 ], [ 142.374040899999983, -36.9034096 ], [ 142.374103599999984, -36.890256799999989 ], [ 142.368329499999987, -36.8917818 ], [ 142.358155499999981, -36.888622799999979 ], [ 142.3581213, -36.8967721 ], [ 142.352685, -36.8967486 ], [ 142.3527573, -36.884996599999987 ], [ 142.3583956, -36.8850071 ], [ 142.358413, -36.881013500000016 ], [ 142.3670879, -36.8793613 ], [ 142.382349399999981, -36.8810528 ], [ 142.3772496, -36.8761983 ], [ 142.3773108, -36.8689667 ], [ 142.3979903, -36.8688742 ], [ 142.402834399999989, -36.8732867 ], [ 142.423779599999989, -36.880393399999988 ], [ 142.431514599999986, -36.8889159 ], [ 142.431486399999983, -36.8687157 ], [ 142.4416788, -36.8688134 ], [ 142.449485399999986, -36.8748465 ], [ 142.4494843, -36.8976578 ], [ 142.4558772, -36.8976594 ], [ 142.455823200000026, -36.916699799999982 ], [ 142.480376299999989, -36.916769 ], [ 142.4801977, -36.8976623 ], [ 142.493351, -36.897661899999989 ], [ 142.493389899999983, -36.9066909 ], [ 142.507286599999986, -36.9067244 ], [ 142.5054704, -36.9110486 ], [ 142.511301700000018, -36.9154656 ], [ 142.498117399999984, -36.9166356 ], [ 142.49780389999998, -36.942009299999988 ], [ 142.511870499999986, -36.9398736 ], [ 142.5119389, -36.949191 ], [ 142.5392096, -36.949257 ], [ 142.55940529999998, -36.9427223 ], [ 142.559447399999982, -36.8795807 ], [ 142.5712979, -36.87956 ], [ 142.567489, -36.872628599999985 ], [ 142.557242699999989, -36.869972 ], [ 142.5478374, -36.8609907 ], [ 142.548041499999982, -36.857759 ], [ 142.5349587, -36.852695200000014 ], [ 142.529986399999984, -36.8417843 ], [ 142.520367599999986, -36.8381027 ], [ 142.517457300000018, -36.830308 ], [ 142.508333099999987, -36.82252 ], [ 142.5098559, -36.811131 ], [ 142.5031621, -36.8088731 ], [ 142.495417799999984, -36.7981239 ], [ 142.4891858, -36.796234700000014 ], [ 142.4903764, -36.7933125 ], [ 142.482823599999989, -36.7922064 ], [ 142.4789154, -36.7792448 ], [ 142.4803618, -36.7720361 ], [ 142.471349799999984, -36.767948 ], [ 142.4695935, -36.7614854 ], [ 142.4753455, -36.7586121 ], [ 142.475354399999986, -36.752912099999989 ], [ 142.469321399999984, -36.748697099999987 ], [ 142.4626323, -36.734843 ], [ 142.4537334, -36.7293091 ], [ 142.4400004, -36.7266482 ], [ 142.423830399999986, -36.7116123 ], [ 142.4104015, -36.7062894 ], [ 142.408159499999982, -36.700815399999989 ], [ 142.4001366, -36.6993554 ], [ 142.3989135, -36.6930944 ], [ 142.4023544, -36.689819299999989 ], [ 142.3958274, -36.6835274 ], [ 142.3963373, -36.6784613 ], [ 142.386926499999987, -36.6768904 ], [ 142.382311499999986, -36.6729695 ], [ 142.3856983, -36.6658264 ], [ 142.3825563, -36.6572214 ], [ 142.3698523, -36.6460284 ], [ 142.3718788, -36.6132641 ], [ 142.378651599999984, -36.607336 ], [ 142.3783396, -36.6035909 ], [ 142.3862854, -36.5988208 ], [ 142.389026299999983, -36.5898836 ], [ 142.386065299999984, -36.587096699999982 ], [ 142.3880242, -36.578287599999989 ], [ 142.382056299999988, -36.5738196 ], [ 142.390582, -36.546768199999981 ], [ 142.396476899999982, -36.5381481 ], [ 142.398067800000035, -36.528108 ], [ 142.3942628, -36.527274 ], [ 142.3917998, -36.521626 ], [ 142.3964216, -36.510410799999988 ], [ 142.394443599999988, -36.5060308 ], [ 142.4043686, -36.4946415 ], [ 142.3992906, -36.4879135 ], [ 142.4024166, -36.4817384 ], [ 142.3983696, -36.480154399999989 ], [ 142.3979205, -36.4719114 ], [ 142.4019044, -36.4663963 ], [ 142.3963244, -36.4582553 ], [ 142.40481250000002, -36.449471699999989 ], [ 142.3505145, -36.4494347 ], [ 142.3432675, -36.4402947 ], [ 142.2435525, -36.440060599999988 ], [ 142.198057899999981, -36.4375547 ], [ 142.165889199999981, -36.4326542 ], [ 142.164579799999984, -36.4819246 ], [ 142.168126, -36.4924789 ], [ 142.0761219, -36.492861 ], [ 142.0708037, -36.4963528 ], [ 142.0674568, -36.493071 ], [ 142.0178473, -36.4945646 ], [ 142.018649, -36.5021456 ], [ 142.0300509, -36.511135500000016 ], [ 142.0273499, -36.5129846 ], [ 142.030516899999981, -36.5173876 ], [ 142.0221392, -36.5279538 ], [ 142.025106199999982, -36.5316788 ], [ 142.0198504, -36.5334469 ], [ 142.0198944, -36.5360909 ], [ 142.0149944, -36.5350109 ], [ 142.0155945, -36.538369 ], [ 142.012672499999979, -36.538851 ], [ 142.01047269999998, -36.548408099999989 ], [ 142.0135617, -36.5510341 ], [ 142.009660699999984, -36.551909199999983 ], [ 142.0124745, -36.555735900000016 ], [ 142.005073899999985, -36.5622013 ], [ 142.003949299999988, -36.5674384 ], [ 141.83768139999998, -36.5542813 ], [ 141.8262368, -36.628684600000021 ], [ 141.821044699999987, -36.6281652 ], [ 141.8161303, -36.6597891 ] ] ] } },
{ "type": "Feature", "properties": { "lga_code": "23270", "lga_name": "Hume", "area_sqkm": 503.8488 }, "geometry": { "type": "Polygon", "coordinates": [ [ [ 144.9772112, -37.5137155 ], [ 144.884685, -37.502825799999989 ], [ 144.877705099999986, -37.5054108 ], [ 144.8753399, -37.5021058 ], [ 144.8728238, -37.5046039 ], [ 144.8677831, -37.5033518 ], [ 144.870987099999979, -37.5057338 ], [ 144.8663359, -37.506847799999989 ], [ 144.870511199999981, -37.5155226 ], [ 144.7703871, -37.5017855 ], [ 144.766896, -37.5050105 ], [ 144.762791599999986, -37.499551 ], [ 144.759772199999986, -37.5015946 ], [ 144.7575364, -37.494825199999987 ], [ 144.7519452, -37.4970046 ], [ 144.740521199999989, -37.4892926 ], [ 144.739518300000015, -37.4938436 ], [ 144.732526299999989, -37.4873186 ], [ 144.7216473, -37.4833767 ], [ 144.7188344, -37.4873478 ], [ 144.7126725, -37.4876848 ], [ 144.7125874, -37.4827888 ], [ 144.7046704, -37.4823519 ], [ 144.701957599999986, -37.4852629 ], [ 144.7011085, -37.4818979 ], [ 144.6961986, -37.485049 ], [ 144.6977737, -37.489166 ], [ 144.6916817, -37.486681099999984 ], [ 144.6892919, -37.4933052 ], [ 144.684988, -37.4955582 ], [ 144.683667899999989, -37.4924912 ], [ 144.67835, -37.4943863 ], [ 144.681751, -37.4978313 ], [ 144.6794861, -37.4993933 ], [ 144.655254499999984, -37.4998977 ], [ 144.64503449999998, -37.495030799999988 ], [ 144.638058, -37.4994888 ], [ 144.6324153, -37.530108299999988 ], [ 144.6637737, -37.558340799999989 ], [ 144.7009084, -37.6054039 ], [ 144.7243624, -37.6267562 ], [ 144.742996, -37.660740799999985 ], [ 144.764722, -37.6657518 ], [ 144.7720524, -37.6639889 ], [ 144.7684411, -37.668371799999981 ], [ 144.774255399999987, -37.6706989 ], [ 144.7769875, -37.6767889 ], [ 144.791939, -37.6753658 ], [ 144.79782, -37.6716548 ], [ 144.801141, -37.675528799999988 ], [ 144.8047561, -37.66950379999998 ], [ 144.806325, -37.683113800000015 ], [ 144.8120839, -37.6816169 ], [ 144.820487, -37.6843229 ], [ 144.8207329, -37.6921678 ], [ 144.811254099999985, -37.6955788 ], [ 144.810192799999982, -37.6984968 ], [ 144.8246609, -37.698241800000012 ], [ 144.8281719, -37.7007489 ], [ 144.824925799999988, -37.7015988 ], [ 144.827318, -37.7062668 ], [ 144.8318839, -37.7068638 ], [ 144.8350519, -37.7032458 ], [ 144.838117499999981, -37.7093201 ], [ 144.8594314, -37.7124063 ], [ 144.860751599999986, -37.7058049 ], [ 144.886232899999982, -37.7077359 ], [ 144.903836399999989, -37.6940568 ], [ 144.973673099999985, -37.6895359 ], [ 144.97068, -37.6879339 ], [ 144.974594, -37.680109799999983 ], [ 144.972403, -37.6769649 ], [ 144.977818899999988, -37.6763928 ], [ 144.972225899999984, -37.659303799999989 ], [ 144.97697789999998, -37.6582218 ], [ 144.976283099999989, -37.6500699 ], [ 144.9689258, -37.6385449 ], [ 144.958553500000022, -37.634407 ], [ 144.958749, -37.6276876 ], [ 144.952801, -37.623192199999984 ], [ 144.9573349, -37.6208344 ], [ 144.955979899999988, -37.616767 ], [ 144.946466499999985, -37.6074125 ], [ 144.9523547, -37.6068086 ], [ 144.953010899999981, -37.5964063 ], [ 144.9588091, -37.5911306 ], [ 144.9565962, -37.5824961 ], [ 144.963270599999987, -37.579316700000014 ], [ 144.965289399999989, -37.5735314 ], [ 144.965542199999987, -37.5602243 ], [ 144.953854799999988, -37.5498167 ], [ 144.9537889, -37.5450466 ], [ 144.968748299999987, -37.534730699999983 ], [ 144.9725992, -37.5352666 ], [ 144.9767612, -37.5288928 ], [ 144.9728235, -37.5258449 ], [ 144.9772112, -37.5137155 ] ] ] } },
{ "type": "Feature", "properties": { "lga_code": "23350", "lga_name": "Indigo", "area_sqkm": 2040.471 }, "geometry": { "type": "Polygon", "coordinates": [ [ [ 146.3519622, -36.0425979 ], [ 146.3471107, -36.0381279 ], [ 146.3457611, -36.0291957 ], [ 146.338389700000022, -36.0263407 ], [ 146.330991899999987, -36.026617099999989 ], [ 146.3250281, -36.0335299 ], [ 146.331263, -36.0359934 ], [ 146.3290776, -36.0431312 ], [ 146.3203326, -36.0425898 ], [ 146.3158808, -36.0384403 ], [ 146.312992, -36.045555 ], [ 146.3087765, -36.039260799999987 ], [ 146.3048661, -36.043282 ], [ 146.3016874, -36.0421582 ], [ 146.3009688, -36.036577399999985 ], [ 146.2971157, -36.039688399999989 ], [ 146.2968611, -36.0446274 ], [ 146.302149, -36.0448039 ], [ 146.2990151, -36.0478466 ], [ 146.2919226, -36.0449397 ], [ 146.291401799999988, -36.0389383 ], [ 146.28302930000001, -36.0414743 ], [ 146.28409689999998, -36.037760299999988 ], [ 146.291304599999989, -36.0359279 ], [ 146.2861196, -36.0304326 ], [ 146.2931103, -36.0294905 ], [ 146.2916782, -36.0246113 ], [ 146.285524899999984, -36.0276556 ], [ 146.282187099999987, -36.026175200000012 ], [ 146.2825537, -36.0229444 ], [ 146.2911316, -36.0201511 ], [ 146.2862419, -36.0142364 ], [ 146.2788098, -36.015838099999982 ], [ 146.282582599999984, -36.0110309 ], [ 146.275036, -36.0124275 ], [ 146.2742748, -36.0198533 ], [ 146.2780564, -36.022449 ], [ 146.2728649, -36.026617600000016 ], [ 146.267681399999987, -36.0250474 ], [ 146.267110799999983, -36.0209677 ], [ 146.2610209, -36.021469900000014 ], [ 146.261697199999986, -36.016454599999982 ], [ 146.2571888, -36.01204 ], [ 146.251266499999986, -36.019571499999984 ], [ 146.244599100000016, -36.0183277 ], [ 146.250011, -36.02402 ], [ 146.2414389, -36.023511299999988 ], [ 146.2434763, -36.028413 ], [ 146.2342952, -36.0281776 ], [ 146.230446600000022, -36.0338299 ], [ 146.228265099999987, -36.0290604 ], [ 146.2230773, -36.0296655 ], [ 146.220215699999983, -36.0366974 ], [ 146.214638899999983, -36.0359053 ], [ 146.210445199999981, -36.0387129 ], [ 146.210664799999989, -36.0353309 ], [ 146.2159689, -36.0332308 ], [ 146.2115875, -36.0285459 ], [ 146.2037971, -36.0389778 ], [ 146.1987514, -36.036984 ], [ 146.198086, -36.029915699999989 ], [ 146.204061599999989, -36.028196 ], [ 146.199435099999988, -36.0273982 ], [ 146.188285, -36.041500899999988 ], [ 146.178469, -36.0378779 ], [ 146.1820793, -36.0350746 ], [ 146.180414899999988, -36.0332179 ], [ 146.175174, -36.0404967 ], [ 146.179234, -36.0513526 ], [ 146.1855229, -36.0455765 ], [ 146.1921528, -36.0475303 ], [ 146.1981037, -36.0444302 ], [ 146.1963568, -36.0611683 ], [ 146.20207259999998, -36.0694242 ], [ 146.277922599999982, -36.0775597 ], [ 146.2764927, -36.0848957 ], [ 146.294689399999982, -36.0875218 ], [ 146.2842032, -36.142250499999989 ], [ 146.5012686, -36.1684043 ], [ 146.5024114, -36.170761500000012 ], [ 146.5092952, -36.168614399999989 ], [ 146.5232924, -36.1715131 ], [ 146.521990499999987, -36.1775931 ], [ 146.540244199999989, -36.1832567 ], [ 146.5362489, -36.186742899999985 ], [ 146.5314742, -36.1860849 ], [ 146.5251968, -36.2151839 ], [ 146.5356756, -36.228282199999988 ], [ 146.534432, -36.2313982 ], [ 146.521906199999989, -36.2347324 ], [ 146.5124343, -36.246653599999981 ], [ 146.5715578, -36.2536029 ], [ 146.557980499999985, -36.328698800000012 ], [ 146.5705428, -36.3256899 ], [ 146.5769488, -36.318746 ], [ 146.590034799999984, -36.3165739 ], [ 146.5958298, -36.3113929 ], [ 146.6189518, -36.3080959 ], [ 146.622407899999985, -36.3006289 ], [ 146.6332698, -36.301437899999989 ], [ 146.6354006, -36.306248 ], [ 146.632449799999989, -36.305887 ], [ 146.6281204, -36.311165 ], [ 146.6256467, -36.324449499999986 ], [ 146.6222727, -36.3249935 ], [ 146.6198728, -36.3369876 ], [ 146.6239468, -36.3375906 ], [ 146.620336899999984, -36.351860699999982 ], [ 146.613516899999979, -36.357861799999988 ], [ 146.617072, -36.3584981 ], [ 146.6109667, -36.3669528 ], [ 146.6132212, -36.3721492 ], [ 146.604259499999984, -36.3811433 ], [ 146.6140144, -36.3812498 ], [ 146.6118554, -36.3961361 ], [ 146.616810499999985, -36.3953948 ], [ 146.6312266, -36.4044579 ], [ 146.6434682, -36.4022452 ], [ 146.642902099999986, -36.4058748 ], [ 146.655293, -36.409641599999986 ], [ 146.666350900000026, -36.408669499999988 ], [ 146.676479799999981, -36.4125144 ], [ 146.675441799999987, -36.4163984 ], [ 146.683209799999986, -36.4174033 ], [ 146.687860799999982, -36.421596199999989 ], [ 146.689032699999984, -36.4171172 ], [ 146.6938786, -36.4177461 ], [ 146.6953996, -36.4131651 ], [ 146.7250104, -36.4186937 ], [ 146.72578679999998, -36.4592099 ], [ 146.803316099999989, -36.4513744 ], [ 146.8035344, -36.446625700000013 ], [ 146.8509257, -36.4513405 ], [ 146.8526546, -36.4425795 ], [ 146.869000299999982, -36.4446914 ], [ 146.8648782, -36.4521646 ], [ 146.8814758, -36.4543 ], [ 146.8919905, -36.4350321 ], [ 146.8972631, -36.4351999 ], [ 146.902134499999988, -36.430632 ], [ 146.9146039, -36.430114 ], [ 146.9146381, -36.423651 ], [ 146.920827, -36.4245431 ], [ 146.922372, -36.4162461 ], [ 146.933008699999988, -36.4175581 ], [ 146.9347687, -36.408297 ], [ 147.0175716, -36.3926816 ], [ 147.038252299999982, -36.3951952 ], [ 147.044194299999987, -36.3940553 ], [ 147.045722499999982, -36.3948486 ], [ 147.038983299999984, -36.397694 ], [ 147.040086699999989, -36.4016477 ], [ 147.035857099999987, -36.4044722 ], [ 147.0396877, -36.4083206 ], [ 147.0374139, -36.416481200000014 ], [ 147.0431882, -36.4149795 ], [ 147.0475387, -36.417171100000012 ], [ 147.046155199999987, -36.4273282 ], [ 147.081515199999984, -36.4178224 ], [ 147.0836232, -36.4229004 ], [ 147.0905952, -36.4209183 ], [ 147.120809899999983, -36.4249772 ], [ 147.125427799999983, -36.4478843 ], [ 147.1316428, -36.4515662 ], [ 147.14540070000001, -36.4506551 ], [ 147.141356799999983, -36.445699 ], [ 147.15193739999998, -36.4370971 ], [ 147.149367499999983, -36.432946099999988 ], [ 147.157961299999982, -36.420764 ], [ 147.156967399999985, -36.407523 ], [ 147.1621743, -36.404731 ], [ 147.1585594, -36.396714100000011 ], [ 147.1612863, -36.3912031 ], [ 147.16548419999998, -36.3909601 ], [ 147.1613902, -36.3782051 ], [ 147.16719, -36.371988 ], [ 147.166567, -36.359313899999989 ], [ 147.1776587, -36.3613158 ], [ 147.176380699999982, -36.3580188 ], [ 147.1839125, -36.354255699999989 ], [ 147.1971513, -36.3401594 ], [ 147.1968453, -36.335146299999984 ], [ 147.1858004, -36.3232634 ], [ 147.174521299999981, -36.2982164 ], [ 147.168707399999988, -36.2975094 ], [ 147.1701194, -36.2904834 ], [ 147.1557636, -36.2815134 ], [ 147.143489500000015, -36.2584343 ], [ 147.1221368, -36.2550114 ], [ 147.114383799999985, -36.242822300000014 ], [ 147.1083668, -36.2419992 ], [ 147.1088337, -36.2342393 ], [ 147.09708089999998, -36.2324814 ], [ 147.1011116, -36.2187524 ], [ 147.085984699999983, -36.2097975 ], [ 147.073908599999982, -36.1895136 ], [ 147.036836099999988, -36.184794 ], [ 147.032607399999989, -36.2050981 ], [ 147.025255499999986, -36.2041411 ], [ 147.0242245, -36.2092731 ], [ 147.021394099999981, -36.2076132 ], [ 147.0210356, -36.2095882 ], [ 147.002814799999982, -36.207224399999987 ], [ 147.0021429, -36.2108774 ], [ 146.997474, -36.210263499999982 ], [ 147.000513, -36.2153374 ], [ 146.995814199999984, -36.2225035 ], [ 146.999231, -36.225105 ], [ 146.997860299999985, -36.2286905 ], [ 147.0012554, -36.228957199999989 ], [ 146.960843200000028, -36.24469 ], [ 146.950915399999985, -36.2302587 ], [ 146.947521599999988, -36.2290242 ], [ 146.9390242, -36.2377575 ], [ 146.9193692, -36.2221185 ], [ 146.909794399999981, -36.2276157 ], [ 146.9055665, -36.2351457 ], [ 146.8909217, -36.2327439 ], [ 146.8837529, -36.2407749 ], [ 146.875365099999982, -36.242103 ], [ 146.8693223, -36.2481121 ], [ 146.8570985, -36.2530643 ], [ 146.856144199999989, -36.2579304 ], [ 146.8382288, -36.255796499999981 ], [ 146.8375418, -36.2596145 ], [ 146.822301899999985, -36.2574094 ], [ 146.8193703, -36.2544485 ], [ 146.820729799999981, -36.244036 ], [ 146.8130769, -36.2354703 ], [ 146.803686, -36.2353336 ], [ 146.811341699999986, -36.218178300000012 ], [ 146.7968358, -36.2138653 ], [ 146.7848452, -36.200108 ], [ 146.785990400000031, -36.1888522 ], [ 146.7841105, -36.1785632 ], [ 146.781028599999985, -36.1781432 ], [ 146.7905072, -36.1651452 ], [ 146.7785192, -36.1549832 ], [ 146.78098989999998, -36.1411552 ], [ 146.773958, -36.1402712 ], [ 146.774837599999984, -36.127533199999988 ], [ 146.7679379, -36.129023 ], [ 146.733846799999981, -36.1225269 ], [ 146.7065843, -36.1257318 ], [ 146.7024673, -36.106328 ], [ 146.711595499999987, -36.045955299999989 ], [ 146.7176088, -36.0432791 ], [ 146.7209655, -36.039661 ], [ 146.720031299999988, -36.0349939 ], [ 146.732851499999981, -36.0265727 ], [ 146.7322968, -36.0241833 ], [ 146.72189179999998, -36.0287277 ], [ 146.716280600000033, -36.0264642 ], [ 146.708884399999988, -36.0294216 ], [ 146.710053599999981, -36.0340809 ], [ 146.7071469, -36.0361086 ], [ 146.689608599999985, -36.030433 ], [ 146.695008, -36.0343026 ], [ 146.689575499999989, -36.0405641 ], [ 146.6858173, -36.0405635 ], [ 146.6799589, -36.034372 ], [ 146.682463499999983, -36.0293427 ], [ 146.6753703, -36.0285866 ], [ 146.6821984, -36.0255739 ], [ 146.6802047, -36.0223636 ], [ 146.6742901, -36.0219444 ], [ 146.671367, -36.0258579 ], [ 146.6683529, -36.017771 ], [ 146.6656342, -36.0210269 ], [ 146.6702276, -36.0279003 ], [ 146.664646299999987, -36.0291151 ], [ 146.661770499999989, -36.0260266 ], [ 146.6560019, -36.0262393 ], [ 146.6580667, -36.021611599999986 ], [ 146.653039399999983, -36.0217098 ], [ 146.6503414, -36.018398399999988 ], [ 146.657891, -36.0176278 ], [ 146.6585795, -36.014475499999989 ], [ 146.650184, -36.0137841 ], [ 146.650873499999989, -36.0077229 ], [ 146.6446655, -36.0075335 ], [ 146.6421336, -36.0041155 ], [ 146.640379, -36.0095088 ], [ 146.631105, -36.0034991 ], [ 146.6332409, -35.9995454 ], [ 146.6282209, -35.999915599999987 ], [ 146.626047, -35.996380499999987 ], [ 146.621559499999989, -35.9995221 ], [ 146.619896, -35.993753500000011 ], [ 146.6143051, -35.996466600000012 ], [ 146.6078262, -35.9863585 ], [ 146.61614, -35.982359399999986 ], [ 146.610781, -35.9800635 ], [ 146.6187219, -35.9759244 ], [ 146.61252589999998, -35.9728454 ], [ 146.607445, -35.9748815 ], [ 146.6036071, -35.9732295 ], [ 146.601160199999981, -35.9758645 ], [ 146.599446199999988, -35.9707875 ], [ 146.5951514, -35.974251599999988 ], [ 146.5841528, -35.974973799999987 ], [ 146.58702169999998, -35.9815168 ], [ 146.5839727, -35.983850799999985 ], [ 146.576529, -35.9785519 ], [ 146.5692732, -35.979158 ], [ 146.5671463, -35.975134 ], [ 146.56238639999998, -35.9769041 ], [ 146.565880199999981, -35.9707061 ], [ 146.562952599999988, -35.9676925 ], [ 146.5589615, -35.9711776 ], [ 146.558966400000031, -35.9789741 ], [ 146.5519415, -35.9798052 ], [ 146.5550394, -35.9840161 ], [ 146.5505564, -35.9876292 ], [ 146.5559643, -35.9891691 ], [ 146.5495865, -35.9924442 ], [ 146.5377987, -35.9822163 ], [ 146.5322988, -35.984286399999988 ], [ 146.5324377, -35.9758233 ], [ 146.526061799999979, -35.9700694 ], [ 146.5196099, -35.9695534 ], [ 146.521949799999987, -35.9641264 ], [ 146.519686899999982, -35.9605914 ], [ 146.511969, -35.9641655 ], [ 146.5018131, -35.958151 ], [ 146.4963272, -35.9732597 ], [ 146.5006802, -35.9792306 ], [ 146.4924933, -35.9854117 ], [ 146.4979903, -35.986104700000013 ], [ 146.502140199999985, -35.9831746 ], [ 146.5041022, -35.9882386 ], [ 146.4927114, -35.9913367 ], [ 146.4884394, -35.9899438 ], [ 146.4872034, -35.9852878 ], [ 146.479437499999989, -35.9850768 ], [ 146.477109499999983, -35.9822649 ], [ 146.4731696, -35.9837509 ], [ 146.4699986, -35.9809019 ], [ 146.466813699999989, -35.9837529 ], [ 146.4659336, -35.9800539 ], [ 146.4700886, -35.9764379 ], [ 146.4621966, -35.9705739 ], [ 146.4619596, -35.9649919 ], [ 146.456334699999985, -35.9665409 ], [ 146.4542337, -35.9621469 ], [ 146.4476747, -35.965011 ], [ 146.4423568, -35.976216 ], [ 146.4376189, -35.967249 ], [ 146.426061, -35.9638491 ], [ 146.421542, -35.9660251 ], [ 146.425175, -35.9730141 ], [ 146.419305, -35.9734421 ], [ 146.420369, -35.9781461 ], [ 146.414226899999989, -35.975808099999988 ], [ 146.412438899999984, -35.9815951 ], [ 146.4158539, -35.9839621 ], [ 146.402968, -35.9887672 ], [ 146.3980321, -35.998089199999988 ], [ 146.3991404, -36.0071862 ], [ 146.387540299999984, -36.0074111 ], [ 146.3806112, -36.0128817 ], [ 146.3795992, -36.028113800000014 ], [ 146.387623, -36.035132700000013 ], [ 146.3825659, -36.0395981 ], [ 146.3761044, -36.038485500000014 ], [ 146.379274400000014, -36.0450499 ], [ 146.3686899, -36.0508496 ], [ 146.3575746, -36.0405491 ], [ 146.3519622, -36.0425979 ] ] ] } },
{ "type": "Feature", "properties": { "lga_code": "23430", "lga_name": "Kingston (Vic.)", "area_sqkm": 91.3676 }, "geometry": { "type": "Polygon", "coordinates": [ [ [ 145.14129, -37.9313198 ], [ 145.0824819, -37.9239848 ], [ 145.0795392, -37.938738899999983 ], [ 145.0343794, -37.932993 ], [ 145.055273199999988, -37.967659 ], [ 145.051697, -37.9868067 ], [ 145.072075899999987, -37.9973489 ], [ 145.0958291, -38.021358899999989 ], [ 145.1127894, -38.051961899999988 ], [ 145.1195941, -38.0732059 ], [ 145.125359, -38.0710488 ], [ 145.1256176, -38.071643299999984 ], [ 145.1198622, -38.073747699999984 ], [ 145.122792799999985, -38.084986799999989 ], [ 145.126972199999983, -38.0816909 ], [ 145.1486707, -38.0833972 ], [ 145.1498219, -38.0750407 ], [ 145.1546387, -38.0756494 ], [ 145.1562595, -38.0673823 ], [ 145.150275599999986, -38.067286299999985 ], [ 145.133521699999989, -38.0253667 ], [ 145.1393048, -38.0187696 ], [ 145.145916799999981, -37.9835991 ], [ 145.129603799999984, -37.9615471 ], [ 145.1365875, -37.9604843 ], [ 145.140087699999981, -37.9423527 ], [ 145.14129, -37.9313198 ] ] ] } },
{ "type": "Feature", "properties": { "lga_code": "23670", "lga_name": "Knox", "area_sqkm": 113.9114 }, "geometry": { "type": "Polygon", "coordinates": [ [ [ 145.233255899999989, -37.9418771 ], [ 145.2796267, -37.9475832 ], [ 145.2931868, -37.964855 ], [ 145.299883199999982, -37.9314491 ], [ 145.303872899999988, -37.9334154 ], [ 145.298689699999983, -37.911680200000013 ], [ 145.2927257, -37.9072123 ], [ 145.294526499999989, -37.9003323 ], [ 145.3050165, -37.9057003 ], [ 145.3092585, -37.9039623 ], [ 145.309469400000012, -37.8994692 ], [ 145.313879400000019, -37.9016221 ], [ 145.3241641, -37.899926 ], [ 145.316107099999982, -37.892476 ], [ 145.304540799999984, -37.8879717 ], [ 145.308501799999988, -37.871052899999988 ], [ 145.3021488, -37.8642031 ], [ 145.316455599999983, -37.8626978 ], [ 145.3242175, -37.8670526 ], [ 145.3331934, -37.8615546 ], [ 145.335992399999981, -37.8631226 ], [ 145.3341738, -37.8579661 ], [ 145.3366256, -37.8561729 ], [ 145.343468299999984, -37.8623155 ], [ 145.347578199999987, -37.8586066 ], [ 145.3321292, -37.8510085 ], [ 145.332834599999984, -37.8474217 ], [ 145.3086717, -37.8426635 ], [ 145.293526899999989, -37.8340477 ], [ 145.2814745, -37.833029 ], [ 145.278759, -37.8357756 ], [ 145.256516799999986, -37.835790500000016 ], [ 145.232033199999989, -37.840063300000018 ], [ 145.2163998, -37.8382316 ], [ 145.205863699999981, -37.8541813 ], [ 145.2075309, -37.856103 ], [ 145.1947179, -37.8653829 ], [ 145.190857900000026, -37.8789558 ], [ 145.2007509, -37.894407899999983 ], [ 145.208346899999981, -37.8990349 ], [ 145.2033719, -37.9033169 ], [ 145.205868899999984, -37.9105519 ], [ 145.2027779, -37.9191839 ], [ 145.206429899999989, -37.9311699 ], [ 145.2112009, -37.935701899999984 ], [ 145.21832790000002, -37.9367519 ], [ 145.2291999, -37.9520629 ], [ 145.233255899999989, -37.9418771 ] ] ] } },
{ "type": "Feature", "properties": { "lga_code": "23810", "lga_name": "Latrobe (Vic.)", "area_sqkm": 1425.613 }, "geometry": { "type": "Polygon", "coordinates": [ [ [ 146.5277083, -38.0842142 ], [ 146.475723499999987, -38.075295 ], [ 146.4789829, -38.1037868 ], [ 146.4244147, -38.0965281 ], [ 146.422986, -38.1216522 ], [ 146.424885, -38.1245252 ], [ 146.4290949, -38.1240192 ], [ 146.4256119, -38.1196452 ], [ 146.42948389999998, -38.1185272 ], [ 146.4309179, -38.1256302 ], [ 146.426282, -38.129834199999983 ], [ 146.395001799999989, -38.138821499999985 ], [ 146.381781, -38.1334507 ], [ 146.373509, -38.1196378 ], [ 146.373773, -38.113014799999988 ], [ 146.361353300000019, -38.1070762 ], [ 146.328604399999989, -38.1198025 ], [ 146.290402699999987, -38.1104979 ], [ 146.2734208, -38.125342 ], [ 146.2753983, -38.1329968 ], [ 146.2714217, -38.137307 ], [ 146.256083099999984, -38.1433619 ], [ 146.252447099999983, -38.1517661 ], [ 146.256547499999982, -38.163906499999989 ], [ 146.2482704, -38.1724781 ], [ 146.2233267, -38.1778659 ], [ 146.225968099999989, -38.1878342 ], [ 146.2236026, -38.200472799999986 ], [ 146.2275204, -38.202470599999984 ], [ 146.2176327, -38.212474899999989 ], [ 146.216048699999988, -38.2191676 ], [ 146.2341466, -38.221784899999989 ], [ 146.2323093, -38.2305361 ], [ 146.2466647, -38.2326213 ], [ 146.247685, -38.2278661 ], [ 146.2677218, -38.2324681 ], [ 146.2729506, -38.224864099999984 ], [ 146.2913364, -38.2271721 ], [ 146.286299499999984, -38.230738099999989 ], [ 146.287159600000024, -38.2395401 ], [ 146.2746994, -38.2532144 ], [ 146.258239299999985, -38.2647872 ], [ 146.262292299999984, -38.2726003 ], [ 146.256086600000032, -38.279204899999989 ], [ 146.252302899999989, -38.298624699999984 ], [ 146.239543199999986, -38.3066439 ], [ 146.2285727, -38.3238771 ], [ 146.2505205, -38.326638 ], [ 146.2435267, -38.3561089 ], [ 146.2315045, -38.3541933 ], [ 146.223491699999983, -38.3658589 ], [ 146.210513599999985, -38.3703824 ], [ 146.219903099999982, -38.3744079 ], [ 146.2366677, -38.375631 ], [ 146.2408747, -38.379159 ], [ 146.234394899999984, -38.3806461 ], [ 146.2287509, -38.4135057 ], [ 146.232847300000032, -38.4140212 ], [ 146.223197699999986, -38.4399448 ], [ 146.272190599999988, -38.4464092 ], [ 146.269588100000021, -38.456866699999978 ], [ 146.2371858, -38.4528939 ], [ 146.2355111, -38.4602406 ], [ 146.2399182, -38.4608359 ], [ 146.2384293, -38.4679559 ], [ 146.2625731, -38.470976799999988 ], [ 146.254763199999985, -38.496096699999981 ], [ 146.2918034, -38.500105 ], [ 146.29100459999998, -38.5046815 ], [ 146.2852957, -38.5063558 ], [ 146.286545599999982, -38.5138394 ], [ 146.2836178, -38.5170029 ], [ 146.2845034, -38.523568 ], [ 146.290552599999984, -38.5279059 ], [ 146.3133216, -38.5195519 ], [ 146.330092, -38.532114799999988 ], [ 146.3443591, -38.5363259 ], [ 146.3682083, -38.5332408 ], [ 146.374838499999981, -38.5268462 ], [ 146.367574, -38.520434 ], [ 146.36695229999998, -38.513437 ], [ 146.3732995, -38.5075494 ], [ 146.3840189, -38.5039815 ], [ 146.3802939, -38.4975082 ], [ 146.393280899999979, -38.4949139 ], [ 146.4036075, -38.4852655 ], [ 146.412231, -38.4868269 ], [ 146.4239004, -38.4824929 ], [ 146.427646899999985, -38.4744782 ], [ 146.4247341, -38.472274299999988 ], [ 146.4481827, -38.463232299999987 ], [ 146.4566726, -38.4654662 ], [ 146.4591609, -38.4591463 ], [ 146.472642899999983, -38.4591375 ], [ 146.48278879999998, -38.455863699999981 ], [ 146.4853909, -38.45245950000001 ], [ 146.480746499999981, -38.4499804 ], [ 146.484690299999983, -38.4490823 ], [ 146.4810752, -38.4440593 ], [ 146.4891965, -38.4392663 ], [ 146.4915509, -38.4470485 ], [ 146.49793, -38.4460035 ], [ 146.4997894, -38.4419719 ], [ 146.5273154, -38.438515300000013 ], [ 146.526094299999983, -38.4320596 ], [ 146.5323388, -38.4297907 ], [ 146.5469771, -38.4314089 ], [ 146.565236299999981, -38.4292824 ], [ 146.568593, -38.424825599999984 ], [ 146.563015899999982, -38.422359600000014 ], [ 146.566278899999986, -38.4205114 ], [ 146.56571409999998, -38.4126359 ], [ 146.578971, -38.4143549 ], [ 146.5905381, -38.3544586 ], [ 146.5942656, -38.350481 ], [ 146.5931416, -38.344136 ], [ 146.5982816, -38.341861 ], [ 146.602296599999988, -38.334314899999988 ], [ 146.5977306, -38.310528 ], [ 146.621864599999981, -38.2929319 ], [ 146.6226906, -38.288595 ], [ 146.6198096, -38.287319 ], [ 146.629596599999985, -38.272522 ], [ 146.6279836, -38.26893 ], [ 146.6323826, -38.258413 ], [ 146.651595600000036, -38.241159 ], [ 146.6569126, -38.240416 ], [ 146.655538600000028, -38.224351 ], [ 146.6647036, -38.222371 ], [ 146.6687216, -38.217092 ], [ 146.6776496, -38.215805 ], [ 146.682371599999982, -38.210153 ], [ 146.6786156, -38.206864 ], [ 146.6798096, -38.202657 ], [ 146.7082556, -38.172149 ], [ 146.7121846, -38.155143 ], [ 146.7041616, -38.152901 ], [ 146.702363599999984, -38.149104 ], [ 146.6970456, -38.156607 ], [ 146.6894106, -38.150708 ], [ 146.68666060000001, -38.151477 ], [ 146.6873066, -38.14949 ], [ 146.6751176, -38.153849 ], [ 146.668582599999979, -38.151969 ], [ 146.667870599999986, -38.154963 ], [ 146.6675376, -38.152454 ], [ 146.6636236, -38.15311 ], [ 146.6648136, -38.150878 ], [ 146.646606599999984, -38.151804 ], [ 146.6446006, -38.14831 ], [ 146.6477146, -38.147397 ], [ 146.6384866, -38.146148 ], [ 146.6327356, -38.152803 ], [ 146.6250006, -38.153055 ], [ 146.624375599999979, -38.157819 ], [ 146.6176466, -38.1576779 ], [ 146.6054016, -38.163114899999989 ], [ 146.6052196, -38.158403 ], [ 146.600767599999983, -38.161963 ], [ 146.5966986, -38.155515 ], [ 146.593888599999985, -38.157693 ], [ 146.589171599999986, -38.154094 ], [ 146.5795606, -38.1556979 ], [ 146.5712194, -38.153402099999987 ], [ 146.5719991, -38.1465862 ], [ 146.577289, -38.145380100000011 ], [ 146.576785, -38.1432742 ], [ 146.5844509, -38.1440221 ], [ 146.5778895, -38.1263455 ], [ 146.5845096, -38.120487 ], [ 146.5838872, -38.1163074 ], [ 146.590550600000029, -38.114617 ], [ 146.5936285, -38.1020477 ], [ 146.6161586, -38.068699 ], [ 146.6510561, -38.0733587 ], [ 146.6534804, -38.0611823 ], [ 146.662383399999982, -38.057511399999989 ], [ 146.663056499999982, -38.054212199999988 ], [ 146.6243536, -38.0492287 ], [ 146.626543, -38.0350153 ], [ 146.65285609999998, -38.0108139 ], [ 146.6555716, -37.9967707 ], [ 146.6454766, -37.9982259 ], [ 146.6382446, -37.9955249 ], [ 146.624067599999989, -37.975307 ], [ 146.6272176, -37.971464 ], [ 146.617777599999982, -37.971564 ], [ 146.611496599999981, -37.979663 ], [ 146.6097567, -37.97641 ], [ 146.613195599999983, -37.973681 ], [ 146.6078626, -37.971564 ], [ 146.6054447, -37.974922 ], [ 146.5985436, -37.97402 ], [ 146.5986806, -37.980219 ], [ 146.591716599999984, -37.9745269 ], [ 146.5872646, -37.978088 ], [ 146.575266299999981, -38.03005 ], [ 146.566985800000026, -38.0306796 ], [ 146.569733499999984, -38.0353268 ], [ 146.567294799999985, -38.040030699999988 ], [ 146.572418699999986, -38.0432564 ], [ 146.5695139, -38.058086299999985 ], [ 146.5347923, -38.0569449 ], [ 146.5277083, -38.0842142 ] ] ] } },
{ "type": "Feature", "properties": { "lga_code": "23940", "lga_name": "Loddon", "area_sqkm": 6696.4447 }, "geometry": { "type": "Polygon", "coordinates": [ [ [ 143.7282506, -35.9324682 ], [ 143.6178253, -35.9348378 ], [ 143.6180608, -35.9693977 ], [ 143.5273937, -35.969813099999989 ], [ 143.5132169, -35.9752434 ], [ 143.475694799999985, -35.9752862 ], [ 143.4757002, -35.983134199999988 ], [ 143.481692399999986, -35.9831421 ], [ 143.482205099999987, -36.1016891 ], [ 143.5115983, -36.1013335 ], [ 143.511517, -36.1332916 ], [ 143.5037031, -36.1368638 ], [ 143.5135229, -36.152078500000016 ], [ 143.5135477, -36.1732643 ], [ 143.536658599999981, -36.174026499999982 ], [ 143.5317229, -36.2033256 ], [ 143.5496708, -36.2053168 ], [ 143.5470925, -36.2198378 ], [ 143.568738199999984, -36.2222347 ], [ 143.5606693, -36.225152799999989 ], [ 143.5373845, -36.2464141 ], [ 143.5235853, -36.2498127 ], [ 143.5236396, -36.2645923 ], [ 143.508036, -36.2649733 ], [ 143.513962, -36.2950734 ], [ 143.4821356, -36.2950356 ], [ 143.4760224, -36.3348712 ], [ 143.486108699999988, -36.3394577 ], [ 143.4785081, -36.376122 ], [ 143.4677203, -36.3749331 ], [ 143.468256199999985, -36.371759 ], [ 143.438865300000032, -36.3684045 ], [ 143.4390708, -36.3907984 ], [ 143.446405699999985, -36.3916763 ], [ 143.4411092, -36.4223716 ], [ 143.4439047, -36.422306099999986 ], [ 143.441611699999982, -36.4365761 ], [ 143.446619299999981, -36.4370377 ], [ 143.445083499999981, -36.4460287 ], [ 143.4403485, -36.4455158 ], [ 143.4430286, -36.4502978 ], [ 143.4411298, -36.4601889 ], [ 143.4317169, -36.462261 ], [ 143.430508, -36.469446 ], [ 143.412170800000013, -36.467649300000012 ], [ 143.4067896, -36.4999254 ], [ 143.386738899999983, -36.4980115 ], [ 143.3882379, -36.4934025 ], [ 143.3326243, -36.4888157 ], [ 143.3162093, -36.4766186 ], [ 143.3162864, -36.483206699999982 ], [ 143.327187399999985, -36.493865700000015 ], [ 143.324502599999988, -36.4991118 ], [ 143.328593499999982, -36.4997508 ], [ 143.3339066, -36.5123898 ], [ 143.3526182, -36.5142958 ], [ 143.3488834, -36.5176068 ], [ 143.3772241, -36.5341458 ], [ 143.3791261, -36.5384868 ], [ 143.386325, -36.536962699999989 ], [ 143.386158099999989, -36.5417988 ], [ 143.390746, -36.5420687 ], [ 143.400518799999986, -36.5515837 ], [ 143.4212435, -36.5571096 ], [ 143.4192615, -36.5609496 ], [ 143.4262104, -36.5630466 ], [ 143.430789299999986, -36.5735196 ], [ 143.4285674, -36.5774986 ], [ 143.4397602, -36.591711600000018 ], [ 143.4366742, -36.5956846 ], [ 143.4404251, -36.5985976 ], [ 143.4350562, -36.6036757 ], [ 143.4398511, -36.6060287 ], [ 143.436534199999983, -36.6083497 ], [ 143.4410962, -36.6103967 ], [ 143.4385122, -36.6145728 ], [ 143.442420199999987, -36.6136787 ], [ 143.4429251, -36.6178297 ], [ 143.4479541, -36.6184427 ], [ 143.450953, -36.6246637 ], [ 143.452043, -36.6216327 ], [ 143.4639718, -36.617873599999989 ], [ 143.477250699999985, -36.6261696 ], [ 143.486350499999986, -36.6257226 ], [ 143.4848806, -36.628598599999982 ], [ 143.4895185, -36.6347626 ], [ 143.4869445, -36.638626599999988 ], [ 143.491734399999984, -36.6408795 ], [ 143.4937444, -36.6496006 ], [ 143.4988313, -36.6520576 ], [ 143.498017299999987, -36.6579046 ], [ 143.5021543, -36.6579826 ], [ 143.499001199999981, -36.672557499999989 ], [ 143.5011951, -36.6752955 ], [ 143.4947962, -36.6813615 ], [ 143.49656109999998, -36.6875865 ], [ 143.4886813, -36.6915906 ], [ 143.4877463, -36.7039867 ], [ 143.4749095, -36.710914899999985 ], [ 143.4739295, -36.717657 ], [ 143.468282499999987, -36.721731099999985 ], [ 143.4704965, -36.7234111 ], [ 143.460667699999988, -36.7325132 ], [ 143.4664646, -36.7382942 ], [ 143.459697799999987, -36.7451483 ], [ 143.463360099999989, -36.7553369 ], [ 143.495654299999984, -36.755420899999983 ], [ 143.49544, -36.740841 ], [ 143.539439499999986, -36.7404413 ], [ 143.5483333, -36.7428917 ], [ 143.55035190000001, -36.739741299999984 ], [ 143.5685283, -36.7417907 ], [ 143.5737902, -36.729007499999987 ], [ 143.6284202, -36.7357727 ], [ 143.6328092, -36.7283056 ], [ 143.6324263, -36.7211 ], [ 143.6696379, -36.7236858 ], [ 143.6650191, -36.7411056 ], [ 143.674501, -36.7422926 ], [ 143.671936, -36.7567869 ], [ 143.667370299999988, -36.7562747 ], [ 143.675489299999981, -36.7723958 ], [ 143.680249299999986, -36.799182 ], [ 143.677870399999989, -36.814261099999989 ], [ 143.6858844, -36.8193772 ], [ 143.7021681, -36.8236542 ], [ 143.7177983, -36.8375743 ], [ 143.758857299999988, -36.8429328 ], [ 143.754253200000022, -36.860866799999989 ], [ 143.7568479, -36.8677791 ], [ 143.790179099999989, -36.8746443 ], [ 143.802772899999979, -36.874081 ], [ 143.8463864, -36.88046 ], [ 143.8492154, -36.8848599 ], [ 143.8585324, -36.8857837 ], [ 143.8558276, -36.9000208 ], [ 143.862485599999985, -36.9008477 ], [ 143.876436399999989, -36.9022425 ], [ 143.87776820000002, -36.8944148 ], [ 143.892102099999988, -36.8939163 ], [ 143.891705, -36.8818882 ], [ 144.0253902, -36.897998 ], [ 144.027301, -36.8906488 ], [ 144.030264200000033, -36.8910061 ], [ 144.0331158, -36.8854697 ], [ 144.049518799999987, -36.7990459 ], [ 144.0466496, -36.798685 ], [ 144.0479427, -36.7922357 ], [ 144.0593302, -36.7815371 ], [ 144.0623186, -36.7666761 ], [ 144.071285499999988, -36.7664262 ], [ 144.0756609, -36.7431247 ], [ 144.068255, -36.7317922 ], [ 144.059846099999987, -36.7307387 ], [ 144.0620734, -36.7193964 ], [ 144.068727, -36.7202147 ], [ 144.0687011, -36.661992 ], [ 144.1258129, -36.662008 ], [ 144.1258881, -36.6473001 ], [ 144.140496899999988, -36.647298499999984 ], [ 144.1404033, -36.618422799999983 ], [ 144.1847344, -36.6184679 ], [ 144.174371800000017, -36.582305 ], [ 144.1626502, -36.5655592 ], [ 144.1704633, -36.5244128 ], [ 144.1993443, -36.5244788 ], [ 144.199343199999987, -36.516372499999981 ], [ 144.2044793, -36.5163579 ], [ 144.209675299999986, -36.487507 ], [ 144.3437587, -36.4870825 ], [ 144.3440999, -36.385206499999981 ], [ 144.330044499999985, -36.3850601 ], [ 144.331839799999983, -36.327705 ], [ 144.281735, -36.3277101 ], [ 144.2816432, -36.2626074 ], [ 144.273770399999989, -36.2550055 ], [ 144.2750754, -36.2473513 ], [ 144.269792699999982, -36.237651 ], [ 144.273517699999985, -36.235428 ], [ 144.270855399999988, -36.2318329 ], [ 144.2729888, -36.2293897 ], [ 144.2667911, -36.2247833 ], [ 144.2706729, -36.2198304 ], [ 144.272237099999984, -36.2020744 ], [ 144.2788201, -36.1945296 ], [ 144.276749699999982, -36.1881487 ], [ 144.2823668, -36.1816087 ], [ 144.281078, -36.1739305 ], [ 144.289096299999983, -36.166686 ], [ 144.2850708, -36.1584407 ], [ 144.286530199999987, -36.1534303 ], [ 144.283175799999981, -36.1523236 ], [ 144.2868168, -36.1488064 ], [ 144.289242799999982, -36.1291745 ], [ 144.2955029, -36.1227954 ], [ 144.302264799999989, -36.125420100000014 ], [ 144.3051448, -36.1154929 ], [ 144.308524799999986, -36.113956 ], [ 144.3090594, -36.105356899999983 ], [ 144.3148277, -36.100262 ], [ 144.3186743, -36.1011853 ], [ 144.3131094, -36.0754531 ], [ 144.306451899999985, -36.071976899999989 ], [ 144.307884, -36.0650427 ], [ 144.303939499999984, -36.0612912 ], [ 144.3093193, -36.0531876 ], [ 144.3176, -36.050275400000018 ], [ 144.3164844, -36.0441905 ], [ 144.3088535, -36.0427222 ], [ 144.3066895, -36.031875 ], [ 144.3002315, -36.0299402 ], [ 144.2910076, -36.0189154 ], [ 144.2799473, -36.013270399999989 ], [ 144.2769492, -35.9939806 ], [ 144.291408599999983, -35.9844143 ], [ 144.2600565, -35.948994 ], [ 144.263313499999981, -35.9331224 ], [ 144.259685099999984, -35.9271177 ], [ 144.2492987, -35.9300473 ], [ 144.237466899999987, -35.9201551 ], [ 144.22995659999998, -35.9223535 ], [ 144.2236332, -35.916612399999984 ], [ 144.2169585, -35.9188214 ], [ 144.2058046, -35.916543799999985 ], [ 144.1921437, -35.9124538 ], [ 144.187293, -35.9075561 ], [ 144.1834108, -35.9172109 ], [ 144.183143699999988, -35.9242377 ], [ 144.188329100000033, -35.928684 ], [ 144.184998, -35.9352778 ], [ 144.187284799999986, -35.937009 ], [ 144.1854325, -35.9465943 ], [ 144.160556499999984, -35.9466024 ], [ 144.1587396, -35.9491824 ], [ 143.941083, -35.9494076 ], [ 143.941532599999988, -35.9528284 ], [ 143.922571399999981, -35.952796200000016 ], [ 143.922613899999988, -35.940262100000012 ], [ 143.9184717, -35.940241599999986 ], [ 143.9184731, -35.9373967 ], [ 143.8617159, -35.934873099999983 ], [ 143.869220499999983, -35.9273276 ], [ 143.875029399999988, -35.9260135 ], [ 143.8705554, -35.9227984 ], [ 143.873997, -35.9160608 ], [ 143.823727599999984, -35.9120781 ], [ 143.8003266, -35.9059713 ], [ 143.7283957, -35.9058521 ], [ 143.7282506, -35.9324682 ] ] ] } },
{ "type": "Feature", "properties": { "lga_code": "24130", "lga_name": "Macedon Ranges", "area_sqkm": 1748.284 }, "geometry": { "type": "Polygon", "coordinates": [ [ [ 144.3272944, -37.255681 ], [ 144.3197279, -37.2714866 ], [ 144.3208277, -37.279344300000012 ], [ 144.3185168, -37.2838427 ], [ 144.3146911, -37.2835626 ], [ 144.3104056, -37.2927727 ], [ 144.312579, -37.2951706 ], [ 144.330256, -37.302067 ], [ 144.3403415, -37.3096544 ], [ 144.3690986, -37.3200773 ], [ 144.380265799999989, -37.329737699999988 ], [ 144.395742500000011, -37.3315674 ], [ 144.3927708, -37.3581359 ], [ 144.4190374, -37.3604943 ], [ 144.4157928, -37.396244 ], [ 144.3819729, -37.3933141 ], [ 144.3778073, -37.4159041 ], [ 144.382592499999987, -37.4237114 ], [ 144.3792841, -37.4387754 ], [ 144.4169397, -37.4466143 ], [ 144.4185536, -37.453594100000011 ], [ 144.426401799999979, -37.4588675 ], [ 144.4333045, -37.4503774 ], [ 144.4465418, -37.4483314 ], [ 144.4502091, -37.450637 ], [ 144.457684199999989, -37.4389945 ], [ 144.464146199999988, -37.4368279 ], [ 144.466359399999988, -37.4281955 ], [ 144.472425099999981, -37.4315448 ], [ 144.4593209, -37.4970878 ], [ 144.4698953, -37.5075723 ], [ 144.4691185, -37.5212305 ], [ 144.463111199999986, -37.5284158 ], [ 144.465758199999982, -37.5366788 ], [ 144.458039099999979, -37.5422568 ], [ 144.459212, -37.5463808 ], [ 144.556231199999985, -37.558887200000015 ], [ 144.561182299999984, -37.5524035 ], [ 144.6716516, -37.5677085 ], [ 144.6324153, -37.530108299999988 ], [ 144.638058, -37.4994888 ], [ 144.64503449999998, -37.495030799999988 ], [ 144.6527835, -37.4994857 ], [ 144.663384899999983, -37.4987539 ], [ 144.665629300000035, -37.5011276 ], [ 144.6678791, -37.4982299 ], [ 144.673779199999984, -37.5004194 ], [ 144.681768, -37.498016299999989 ], [ 144.677778100000012, -37.496356299999988 ], [ 144.678781, -37.4941143 ], [ 144.6838919, -37.4925432 ], [ 144.684988, -37.4955582 ], [ 144.6892919, -37.4933052 ], [ 144.6916817, -37.486681099999984 ], [ 144.6977737, -37.489166 ], [ 144.6961986, -37.485049 ], [ 144.700810499999989, -37.4819289 ], [ 144.701957599999986, -37.4852629 ], [ 144.7046704, -37.4823519 ], [ 144.712273399999987, -37.4826338 ], [ 144.7126725, -37.4876848 ], [ 144.7188344, -37.4873478 ], [ 144.7207953, -37.4831527 ], [ 144.732526299999989, -37.4873186 ], [ 144.739518300000015, -37.4938436 ], [ 144.740139199999987, -37.4892696 ], [ 144.7502173, -37.4965846 ], [ 144.7575364, -37.494825199999987 ], [ 144.759772199999986, -37.5015946 ], [ 144.762791599999986, -37.499551 ], [ 144.766896, -37.5050105 ], [ 144.7703871, -37.5017855 ], [ 144.870511199999981, -37.5155226 ], [ 144.8715451, -37.5132138 ], [ 144.8666318, -37.511522499999984 ], [ 144.8689949, -37.5095408 ], [ 144.8663359, -37.506847799999989 ], [ 144.870987099999979, -37.5057338 ], [ 144.867725799999988, -37.5033938 ], [ 144.8728238, -37.5046039 ], [ 144.8754922, -37.5021098 ], [ 144.877618, -37.505382799999985 ], [ 144.88319, -37.5050018 ], [ 144.880745499999989, -37.5009812 ], [ 144.8876007, -37.4970275 ], [ 144.8869532, -37.4935981 ], [ 144.8950518, -37.4936086 ], [ 144.8913478, -37.4904409 ], [ 144.8960023, -37.4887014 ], [ 144.8914408, -37.486383 ], [ 144.893473199999988, -37.4777865 ], [ 144.8987048, -37.478616 ], [ 144.8972014, -37.4742438 ], [ 144.900118100000014, -37.4753233 ], [ 144.8998885, -37.469674900000015 ], [ 144.9050643, -37.4685274 ], [ 144.9056517, -37.4646901 ], [ 144.8987656, -37.465578 ], [ 144.8917725, -37.4608802 ], [ 144.897948099999979, -37.458949499999989 ], [ 144.897801099999981, -37.4507748 ], [ 144.894324499999982, -37.4499583 ], [ 144.8999892, -37.442510499999983 ], [ 144.897264, -37.438882 ], [ 144.9014416, -37.4362103 ], [ 144.8981796, -37.4311607 ], [ 144.9015272, -37.430262799999987 ], [ 144.895425300000028, -37.4281509 ], [ 144.8951217, -37.4243927 ], [ 144.9028375, -37.4232363 ], [ 144.904119800000018, -37.4202241 ], [ 144.8985528, -37.4158787 ], [ 144.9037046, -37.4133781 ], [ 144.898507500000022, -37.4075111 ], [ 144.9040827, -37.4065462 ], [ 144.90680949999998, -37.4021192 ], [ 144.911711699999984, -37.3815665 ], [ 144.921236599999986, -37.3632671 ], [ 144.9150885, -37.3624054 ], [ 144.9177962, -37.3479747 ], [ 144.8921641, -37.3451729 ], [ 144.8851449, -37.3346428 ], [ 144.877787899999987, -37.337052799999988 ], [ 144.874155900000034, -37.3307158 ], [ 144.8662955, -37.3290832 ], [ 144.864519, -37.3241958 ], [ 144.8584536, -37.3266632 ], [ 144.8563466, -37.322977200000011 ], [ 144.8492243, -37.3223032 ], [ 144.855799599999983, -37.2854611 ], [ 144.84568, -37.2900858 ], [ 144.825217399999985, -37.2840522 ], [ 144.822293699999989, -37.271979899999984 ], [ 144.829049, -37.2356552 ], [ 144.8256815, -37.2313947 ], [ 144.8166833, -37.2301778 ], [ 144.8200756, -37.2191921 ], [ 144.811189, -37.217397 ], [ 144.812358499999988, -37.21391280000001 ], [ 144.785726899999986, -37.2130667 ], [ 144.777746800000017, -37.2198208 ], [ 144.7775647, -37.2150495 ], [ 144.7695757, -37.215109 ], [ 144.76884579999998, -37.2207291 ], [ 144.731384099999985, -37.2205325 ], [ 144.703817500000014, -37.2129451 ], [ 144.716104, -37.2087825 ], [ 144.7160972, -37.1835716 ], [ 144.7118135, -37.1764275 ], [ 144.7102571, -37.159527799999985 ], [ 144.726549399999982, -37.159613199999988 ], [ 144.7257147, -37.1438729 ], [ 144.73113859999998, -37.1444378 ], [ 144.735223599999983, -37.1265009 ], [ 144.728011, -37.1256012 ], [ 144.7162691, -37.1179578 ], [ 144.715368899999987, -37.1003237 ], [ 144.69737, -37.1001688 ], [ 144.6913133, -37.1078899 ], [ 144.602228599999989, -37.107235 ], [ 144.5739293, -37.0991165 ], [ 144.5519581, -37.1070791 ], [ 144.5419301, -37.1135683 ], [ 144.5447743, -37.1226561 ], [ 144.5412657, -37.1220849 ], [ 144.533453, -37.1407129 ], [ 144.529032199999989, -37.143873899999988 ], [ 144.52727969999998, -37.177288499999989 ], [ 144.5218128, -37.1784365 ], [ 144.5143233, -37.174374799999988 ], [ 144.3673465, -37.1572562 ], [ 144.3668231, -37.1640898 ], [ 144.3725053, -37.1672389 ], [ 144.377210099999985, -37.1757474 ], [ 144.380509499999988, -37.1752455 ], [ 144.37554369999998, -37.1808696 ], [ 144.362993, -37.1793869 ], [ 144.3603387, -37.1940343 ], [ 144.3753558, -37.1958055 ], [ 144.376128699999981, -37.2022284 ], [ 144.361378799999983, -37.2081273 ], [ 144.3439926, -37.2262126 ], [ 144.33354319999998, -37.2568647 ], [ 144.3272944, -37.255681 ] ] ] } },
{ "type": "Feature", "properties": { "lga_code": "24210", "lga_name": "Manningham", "area_sqkm": 113.3479 }, "geometry": { "type": "Polygon", "coordinates": [ [ [ 145.132825199999985, -37.7953263 ], [ 145.1838893, -37.8060962 ], [ 145.185028, -37.8012075 ], [ 145.190292299999982, -37.8055419 ], [ 145.205431, -37.8055975 ], [ 145.2135361, -37.811753 ], [ 145.217212, -37.7908698 ], [ 145.220256899999981, -37.7925624 ], [ 145.22272479999998, -37.7889267 ], [ 145.2359712, -37.7900733 ], [ 145.2405752, -37.76475 ], [ 145.26538979999998, -37.7669074 ], [ 145.2782086, -37.7618315 ], [ 145.289578399999982, -37.7628058 ], [ 145.289718199999982, -37.7526675 ], [ 145.2816714, -37.742567099999981 ], [ 145.2835201, -37.7325234 ], [ 145.2915923, -37.7283082 ], [ 145.293938, -37.722876500000012 ], [ 145.2932855, -37.709524 ], [ 145.289110599999987, -37.708956 ], [ 145.2923174, -37.70243 ], [ 145.2862819, -37.703499299999983 ], [ 145.2827356, -37.708552 ], [ 145.2869737, -37.714917099999987 ], [ 145.283600799999988, -37.718843199999981 ], [ 145.2812908, -37.7138061 ], [ 145.2723589, -37.7158422 ], [ 145.2757748, -37.710044100000012 ], [ 145.2723327, -37.7038151 ], [ 145.267943799999983, -37.7032931 ], [ 145.270420799999982, -37.705535100000013 ], [ 145.2682399, -37.7074671 ], [ 145.25481, -37.7100563 ], [ 145.256014099999987, -37.7142673 ], [ 145.2486733, -37.7207195 ], [ 145.2432383, -37.7189395 ], [ 145.2424925, -37.7254156 ], [ 145.2355155, -37.7202926 ], [ 145.23660959999998, -37.727051699999983 ], [ 145.2422695, -37.7280787 ], [ 145.2420837, -37.7360547 ], [ 145.2362647, -37.7314678 ], [ 145.228875800000026, -37.7316249 ], [ 145.2299079, -37.738715 ], [ 145.220215, -37.7361242 ], [ 145.2054206, -37.7417277 ], [ 145.202484400000031, -37.7374943 ], [ 145.2113972, -37.7357462 ], [ 145.215364099999988, -37.7319161 ], [ 145.2119861, -37.729628 ], [ 145.201637299999987, -37.7303491 ], [ 145.197433499999988, -37.7413383 ], [ 145.1918796, -37.7379883 ], [ 145.1939505, -37.7318292 ], [ 145.1817993, -37.7297444 ], [ 145.177490799999987, -37.7384495 ], [ 145.1761324, -37.7349043 ], [ 145.1650219, -37.7342505 ], [ 145.162427899999983, -37.7377166 ], [ 145.155381, -37.7339356 ], [ 145.1499772, -37.7384066 ], [ 145.1377446, -37.7382558 ], [ 145.133146899999986, -37.7427993 ], [ 145.1229756, -37.7404059 ], [ 145.1202728, -37.748092 ], [ 145.1231578, -37.7475519 ], [ 145.1260647, -37.751064899999982 ], [ 145.1226088, -37.7491859 ], [ 145.1129009, -37.7552371 ], [ 145.105915899999985, -37.754427099999987 ], [ 145.097856799999988, -37.7489461 ], [ 145.092464899999982, -37.7540943 ], [ 145.0826089, -37.7513634 ], [ 145.08186, -37.7562345 ], [ 145.079632, -37.7538575 ], [ 145.077287, -37.7556575 ], [ 145.0803851, -37.7579945 ], [ 145.0736211, -37.7577837 ], [ 145.0792102, -37.7622586 ], [ 145.076467400000013, -37.7673548 ], [ 145.0715344, -37.7671418 ], [ 145.0766954, -37.773393 ], [ 145.0695354, -37.772123 ], [ 145.0671185, -37.7809223 ], [ 145.078328299999981, -37.776848 ], [ 145.081459699999982, -37.7791721 ], [ 145.0953211, -37.779418299999989 ], [ 145.109797499999985, -37.794822700000012 ], [ 145.1241214, -37.7987465 ], [ 145.132825199999985, -37.7953263 ] ] ] } },
{ "type": "Feature", "properties": { "lga_code": "24250", "lga_name": "Mansfield", "area_sqkm": 3843.8535 }, "geometry": { "type": "Polygon", "coordinates": [ [ [ 145.8267902, -37.1024527 ], [ 145.8394485, -37.112446 ], [ 145.84903749999998, -37.1154284 ], [ 145.8568909, -37.109912 ], [ 145.857870099999985, -37.1124076 ], [ 145.8805209, -37.113343799999974 ], [ 145.8865625, -37.1211355 ], [ 145.890458, -37.12119 ], [ 145.889030199999979, -37.1251415 ], [ 145.892312, -37.1252143 ], [ 145.888071199999985, -37.134411 ], [ 145.8915121, -37.1462302 ], [ 145.882575100000025, -37.154238 ], [ 145.876859, -37.149832799999984 ], [ 145.868833199999983, -37.1509055 ], [ 145.8647058, -37.142583 ], [ 145.8623172, -37.140987399999986 ], [ 145.8616404, -37.146316 ], [ 145.8536444, -37.143506599999988 ], [ 145.8690193, -37.153389699999984 ], [ 145.8686305, -37.1642732 ], [ 145.8770793, -37.1682199 ], [ 145.8452503, -37.1737314 ], [ 145.8474492, -37.1779909 ], [ 145.870811299999986, -37.174281099999988 ], [ 145.877490099999989, -37.1846408 ], [ 145.8651558, -37.1892312 ], [ 145.8613509, -37.1925431 ], [ 145.869618299999985, -37.1889408 ], [ 145.8696745, -37.193644299999988 ], [ 145.8715368, -37.188003 ], [ 145.8775167, -37.1866216 ], [ 145.883175199999982, -37.1884278 ], [ 145.8802862, -37.1981604 ], [ 145.8858716, -37.1956582 ], [ 145.892582, -37.1978274 ], [ 145.8960625, -37.1928506 ], [ 145.9009585, -37.1942265 ], [ 145.9046744, -37.199569499999988 ], [ 145.910302699999988, -37.200326 ], [ 145.9117769, -37.2102124 ], [ 145.9236752, -37.2130622 ], [ 145.9257254, -37.219256 ], [ 145.932733899999988, -37.2218058 ], [ 145.9343481, -37.2186123 ], [ 145.937462100000033, -37.2190425 ], [ 145.9649124, -37.2311149 ], [ 145.9738797, -37.2390315 ], [ 145.963434299999989, -37.247870799999987 ], [ 145.964108899999985, -37.253986799999986 ], [ 145.9682446, -37.255690699999988 ], [ 145.9673248, -37.2606136 ], [ 145.9700349, -37.263976 ], [ 145.9681388, -37.249508 ], [ 145.97592659999998, -37.241301 ], [ 145.9873045, -37.2371358 ], [ 145.9979749, -37.2402981 ], [ 145.998280099999988, -37.2313861 ], [ 146.002153, -37.2286182 ], [ 146.005070099999983, -37.2382657 ], [ 146.0165491, -37.2396854 ], [ 146.017994099999981, -37.2483315 ], [ 146.0230118, -37.2507646 ], [ 146.018309099999982, -37.2532829 ], [ 146.02427179999998, -37.254229499999987 ], [ 146.024585299999984, -37.2574813 ], [ 146.0184639, -37.2637891 ], [ 146.0149802, -37.2632096 ], [ 146.016109799999981, -37.267891799999987 ], [ 146.019792699999982, -37.2669546 ], [ 146.0169627, -37.278880199999982 ], [ 146.022040799999985, -37.2824015 ], [ 146.0250533, -37.2813535 ], [ 146.0288927, -37.2884365 ], [ 146.0334273, -37.289489899999978 ], [ 146.0342942, -37.2921447 ], [ 146.027744, -37.2981362 ], [ 146.0383683, -37.2945887 ], [ 146.03706649999998, -37.304807499999981 ], [ 146.0438446, -37.3141996 ], [ 146.0457774, -37.3124141 ], [ 146.0521506, -37.316735 ], [ 146.0511191, -37.325212299999983 ], [ 146.069603299999983, -37.3431992 ], [ 146.0654061, -37.3465414 ], [ 146.059471799999983, -37.3458584 ], [ 146.0639337, -37.3566167 ], [ 146.0562495, -37.3588801 ], [ 146.058156, -37.365312599999989 ], [ 146.054336800000016, -37.3668036 ], [ 146.059669499999984, -37.368656 ], [ 146.059849499999984, -37.3752692 ], [ 146.065805, -37.373717299999988 ], [ 146.069185399999981, -37.3805583 ], [ 146.0638966, -37.3817674 ], [ 146.0643307, -37.3850779 ], [ 146.0709454, -37.3849435 ], [ 146.0674836, -37.3900632 ], [ 146.0794573, -37.3925364 ], [ 146.0760171, -37.3964906 ], [ 146.0803292, -37.3975538 ], [ 146.0817026, -37.4034421 ], [ 146.0848043, -37.4011711 ], [ 146.0845862, -37.4054775 ], [ 146.090808, -37.405969 ], [ 146.0888237, -37.4120609 ], [ 146.0930443, -37.4109186 ], [ 146.094189199999988, -37.418095099999988 ], [ 146.105671, -37.4249808 ], [ 146.1192192, -37.4488806 ], [ 146.1302489, -37.4539723 ], [ 146.1325118, -37.460749699999987 ], [ 146.137627499999979, -37.461578799999984 ], [ 146.143630799999983, -37.467685099999983 ], [ 146.1348439, -37.4806701 ], [ 146.146803799999986, -37.5164023 ], [ 146.155345899999986, -37.5296474 ], [ 146.1642041, -37.531371799999988 ], [ 146.1706333, -37.5272756 ], [ 146.187102399999986, -37.5359031 ], [ 146.1867614, -37.544131199999981 ], [ 146.18280249999998, -37.5489982 ], [ 146.1924618, -37.5806495 ], [ 146.1895729, -37.585309599999988 ], [ 146.2044388, -37.5991339 ], [ 146.2323357, -37.6086129 ], [ 146.2389928, -37.6064909 ], [ 146.2556797, -37.61034690000001 ], [ 146.2778657, -37.6042019 ], [ 146.2987977, -37.5910619 ], [ 146.3123177, -37.5992659 ], [ 146.321944699999989, -37.5999299 ], [ 146.34665769999998, -37.6235739 ], [ 146.365028699999982, -37.6263039 ], [ 146.367911699999979, -37.629413899999982 ], [ 146.376565699999986, -37.628152899999989 ], [ 146.382646699999981, -37.6219639 ], [ 146.383444699999984, -37.6096529 ], [ 146.3898907, -37.6089099 ], [ 146.394054700000027, -37.603986899999988 ], [ 146.4000077, -37.6069969 ], [ 146.4040937, -37.6039929 ], [ 146.4264207, -37.618561899999982 ], [ 146.4350087, -37.6191379 ], [ 146.547107499999981, -37.3687404 ], [ 146.6470507, -37.163146 ], [ 146.335734299999984, -36.952965199999987 ], [ 146.3170747, -36.9531263 ], [ 146.31489160000001, -36.9484943 ], [ 146.304198899999989, -36.9484384 ], [ 146.2923178, -36.9418109 ], [ 146.2895368, -36.9355069 ], [ 146.280279799999988, -36.9344099 ], [ 146.2771378, -36.9314119 ], [ 146.278852799999981, -36.9247449 ], [ 146.2713829, -36.9188453 ], [ 146.2533713, -36.9126835 ], [ 146.2419167, -36.9161926 ], [ 146.2200621, -36.9138127 ], [ 146.205492199999981, -36.9035636 ], [ 146.1862314, -36.898597699999982 ], [ 146.1848834, -36.8925626 ], [ 146.171622499999984, -36.8920927 ], [ 146.1638065, -36.8861217 ], [ 146.1623136, -36.8885988 ], [ 146.1528667, -36.8879089 ], [ 146.1507757, -36.8838909 ], [ 146.154598599999986, -36.8843508 ], [ 146.15667449999998, -36.8784547 ], [ 146.1506066, -36.8741268 ], [ 146.136689800000028, -36.8722663 ], [ 146.1379719, -36.881335899999982 ], [ 146.1357049, -36.8793369 ], [ 146.124932799999982, -36.8845399 ], [ 146.12428079999998, -36.8796449 ], [ 146.1162299, -36.8762239 ], [ 146.1092392, -36.866573 ], [ 146.068284799999986, -36.8620743 ], [ 146.05962169999998, -36.9077888 ], [ 146.0547828, -36.9070188 ], [ 146.0416098, -36.900390900000012 ], [ 146.0283255, -36.8723818 ], [ 146.0216696, -36.8679998 ], [ 146.019491499999987, -36.8585067 ], [ 146.01028359999998, -36.8531637 ], [ 145.9997969, -36.8633439 ], [ 145.994123, -36.864505 ], [ 145.993088, -36.862364 ], [ 145.97838729999998, -36.8733212 ], [ 145.9651595, -36.8753144 ], [ 145.9601647, -36.8828045 ], [ 145.9604578, -36.8966247 ], [ 145.953778, -36.9047658 ], [ 145.9381792, -36.9023359 ], [ 145.929065899999983, -36.9046029 ], [ 145.9248409, -36.9257519 ], [ 145.9169947, -36.925537 ], [ 145.9181305, -36.9144663 ], [ 145.9065666, -36.9088987 ], [ 145.9032359, -36.8997312 ], [ 145.8977055, -36.8971326 ], [ 145.89239809999998, -36.8882526 ], [ 145.8788942, -36.8800229 ], [ 145.874062200000026, -36.8829917 ], [ 145.868241, -36.87986990000001 ], [ 145.8622157, -36.8820763 ], [ 145.860738199999986, -36.8785631 ], [ 145.856293699999981, -36.8854134 ], [ 145.8616318, -36.8853722 ], [ 145.861501800000013, -36.8942153 ], [ 145.866371099999981, -36.8942099 ], [ 145.866327300000023, -36.9022399 ], [ 145.861548299999981, -36.9022229 ], [ 145.8607203, -36.9103417 ], [ 145.7905393, -36.9324215 ], [ 145.7558656, -36.9323895 ], [ 145.755881099999982, -36.9277289 ], [ 145.747388, -36.927681299999989 ], [ 145.747109, -36.9235175 ], [ 145.727360799999985, -36.9235632 ], [ 145.7269655, -36.9273945 ], [ 145.704550499999982, -36.9243714 ], [ 145.6950637, -36.9305611 ], [ 145.6634525, -36.932825099999981 ], [ 145.650056899999981, -36.9459685 ], [ 145.6507747, -36.9656143 ], [ 145.6555531, -36.9738619 ], [ 145.6594, -36.977419399999988 ], [ 145.6719759, -36.979604600000016 ], [ 145.6711496, -36.9827717 ], [ 145.686344199999979, -36.9851756 ], [ 145.6816102, -37.0038589 ], [ 145.698399099999989, -37.0088467 ], [ 145.7015391, -37.024732699999987 ], [ 145.712780399999986, -37.030436699999989 ], [ 145.706550199999981, -37.0392365 ], [ 145.7258038, -37.0508314 ], [ 145.7348409, -37.0508136 ], [ 145.7348182, -37.054251199999982 ], [ 145.7593234, -37.0551096 ], [ 145.7729148, -37.071625399999981 ], [ 145.778312299999982, -37.0865313 ], [ 145.790584, -37.0948573 ], [ 145.7988643, -37.0968965 ], [ 145.8046395, -37.1036694 ], [ 145.8164539, -37.1081827 ], [ 145.8267902, -37.1024527 ] ], [ [ 146.419970799999987, -37.1064639 ], [ 146.426234699999981, -37.10058990000001 ], [ 146.4359528, -37.1083479 ], [ 146.4441608, -37.1047699 ], [ 146.458765799999981, -37.1130469 ], [ 146.465586699999989, -37.1106199 ], [ 146.4657948, -37.099675899999987 ], [ 146.4820158, -37.1058559 ], [ 146.490643799999987, -37.102154899999981 ], [ 146.4926867, -37.109099 ], [ 146.5018648, -37.1122519 ], [ 146.5022947, -37.1171059 ], [ 146.508341699999988, -37.114911 ], [ 146.5138967, -37.119533 ], [ 146.515859799999987, -37.1153099 ], [ 146.5099868, -37.1064819 ], [ 146.5216107, -37.1065769 ], [ 146.5238478, -37.1035809 ], [ 146.528667300000023, -37.1076793 ], [ 146.5338193, -37.1053839 ], [ 146.5325013, -37.1021893 ], [ 146.5361251, -37.0991049 ], [ 146.5400401, -37.100381 ], [ 146.5430187, -37.0976099 ], [ 146.548067399999979, -37.101816199999988 ], [ 146.542743299999984, -37.106266 ], [ 146.5373214, -37.1062179 ], [ 146.5394465, -37.1098499 ], [ 146.530771499999986, -37.114726 ], [ 146.540762699999988, -37.1171569 ], [ 146.5400098, -37.123554899999988 ], [ 146.518662700000021, -37.1244899 ], [ 146.5220328, -37.131653 ], [ 146.512695799999989, -37.1311479 ], [ 146.5169497, -37.1361079 ], [ 146.50863769999998, -37.134307899999989 ], [ 146.5100678, -37.1379879 ], [ 146.5067618, -37.1391679 ], [ 146.51062779999998, -37.141548 ], [ 146.5084248, -37.143382 ], [ 146.51346479999998, -37.1447249 ], [ 146.5144537, -37.1501099 ], [ 146.503759799999983, -37.1488239 ], [ 146.5012227, -37.1513779 ], [ 146.4904067, -37.145715 ], [ 146.48619979999998, -37.1510549 ], [ 146.48031469999998, -37.1507719 ], [ 146.4791064, -37.161926 ], [ 146.4320438, -37.1648819 ], [ 146.414105799999987, -37.1465259 ], [ 146.417866799999985, -37.1390519 ], [ 146.434617799999984, -37.136449899999988 ], [ 146.4337098, -37.131274899999987 ], [ 146.4396298, -37.1193719 ], [ 146.4279728, -37.1162449 ], [ 146.4270718, -37.120043899999985 ], [ 146.4232878, -37.1203139 ], [ 146.4159798, -37.1141889 ], [ 146.395485799999989, -37.1107649 ], [ 146.3980258, -37.106358899999989 ], [ 146.419970799999987, -37.1064639 ] ] ] } },
{ "type": "Feature", "properties": { "lga_code": "24330", "lga_name": "Maribyrnong", "area_sqkm": 31.2258 }, "geometry": { "type": "Polygon", "coordinates": [ [ [ 144.9018552, -37.765838300000013 ], [ 144.8937253, -37.765727299999988 ], [ 144.8847534, -37.761496299999983 ], [ 144.8856504, -37.7564242 ], [ 144.8823305, -37.755831199999989 ], [ 144.8724056, -37.762350299999987 ], [ 144.872841599999987, -37.7722316 ], [ 144.865131599999984, -37.7722906 ], [ 144.860663599999981, -37.7761277 ], [ 144.851361699999984, -37.7702196 ], [ 144.848220699999985, -37.7730997 ], [ 144.8448048, -37.7935431 ], [ 144.8425179, -37.7972971 ], [ 144.8392299, -37.7969171 ], [ 144.8558789, -37.8148691 ], [ 144.85984, -37.8138203 ], [ 144.857794899999988, -37.824433899999988 ], [ 144.8810958, -37.825284100000012 ], [ 144.886894700000028, -37.8225661 ], [ 144.8949312, -37.8269871 ], [ 144.895862699999981, -37.8217835 ], [ 144.9061375, -37.8222389 ], [ 144.908231199999989, -37.8045917 ], [ 144.916495, -37.7979986 ], [ 144.902895199999989, -37.7907446 ], [ 144.903990099999987, -37.7845685 ], [ 144.8977212, -37.7803505 ], [ 144.8958552, -37.7732464 ], [ 144.9021052, -37.7694203 ], [ 144.9018552, -37.765838300000013 ] ] ] } },
{ "type": "Feature", "properties": { "lga_code": "24410", "lga_name": "Maroondah", "area_sqkm": 61.4097 }, "geometry": { "type": "Polygon", "coordinates": [ [ [ 145.280555, -37.8332845 ], [ 145.293526899999989, -37.8340477 ], [ 145.3086717, -37.8426635 ], [ 145.3179793, -37.8439057 ], [ 145.3168135, -37.818145599999987 ], [ 145.3042934, -37.8215248 ], [ 145.3091382, -37.7954078 ], [ 145.3052716, -37.784339300000013 ], [ 145.3078794, -37.7775266 ], [ 145.297345799999988, -37.7703698 ], [ 145.300347099999982, -37.767381199999981 ], [ 145.2959062, -37.766387 ], [ 145.296438599999988, -37.7634401 ], [ 145.2782086, -37.7618315 ], [ 145.26538979999998, -37.7669074 ], [ 145.2405752, -37.76475 ], [ 145.2359712, -37.7900733 ], [ 145.22272479999998, -37.7889267 ], [ 145.220256899999981, -37.7925624 ], [ 145.217212, -37.7908698 ], [ 145.2133522, -37.841009199999988 ], [ 145.217122, -37.8380982 ], [ 145.2320645, -37.8400616 ], [ 145.256516799999986, -37.835790500000016 ], [ 145.278759, -37.8357756 ], [ 145.280555, -37.8332845 ] ] ] } },
{ "type": "Feature", "properties": { "lga_code": "24600", "lga_name": "Melbourne", "area_sqkm": 37.5452 }, "geometry": { "type": "Polygon", "coordinates": [ [ [ 144.940526399999982, -37.825726599999982 ], [ 144.9713274, -37.8298819 ], [ 144.9806485, -37.8502062 ], [ 144.984207699999985, -37.8506542 ], [ 144.991357, -37.8097181 ], [ 144.973193899999984, -37.8079098 ], [ 144.9757215, -37.7930339 ], [ 144.9683959, -37.792247 ], [ 144.969523399999986, -37.7856066 ], [ 144.963592899999981, -37.784990899999976 ], [ 144.9621898, -37.7786879 ], [ 144.938774699999982, -37.7754349 ], [ 144.9382057, -37.7889668 ], [ 144.921314699999982, -37.7874453 ], [ 144.9135916, -37.7793771 ], [ 144.9082377, -37.782518099999983 ], [ 144.902895199999989, -37.7907446 ], [ 144.916507, -37.7983486 ], [ 144.909279199999986, -37.802398699999983 ], [ 144.9065354, -37.8215799 ], [ 144.8971178, -37.8336689 ], [ 144.898368, -37.8411909 ], [ 144.9071509, -37.8494758 ], [ 144.9029769, -37.8394514 ], [ 144.9064864, -37.839362899999983 ], [ 144.9126444, -37.8499858 ], [ 144.9173288, -37.8474504 ], [ 144.912473899999981, -37.840978799999988 ], [ 144.915427, -37.8386098 ], [ 144.9132775, -37.8340248 ], [ 144.9234232, -37.8281005 ], [ 144.940526399999982, -37.825726599999982 ] ] ] } },
{ "type": "Feature", "properties": { "lga_code": "24650", "lga_name": "Melton", "area_sqkm": 527.5374 }, "geometry": { "type": "Polygon", "coordinates": [ [ [ 144.5887689, -37.793117 ], [ 144.7509757, -37.8104498 ], [ 144.7572444, -37.7482015 ], [ 144.7628924, -37.739818799999988 ], [ 144.7681571, -37.7097179 ], [ 144.751990399999983, -37.705635799999989 ], [ 144.7583574, -37.680924 ], [ 144.742305, -37.6600208 ], [ 144.7243624, -37.6267562 ], [ 144.7009084, -37.6054039 ], [ 144.6716516, -37.5677085 ], [ 144.5611068, -37.5524161 ], [ 144.539125499999983, -37.574285699999983 ], [ 144.536395199999987, -37.5894216 ], [ 144.527548600000017, -37.5982377 ], [ 144.5283201, -37.601925699999981 ], [ 144.5257972, -37.6009216 ], [ 144.5226994, -37.604586399999988 ], [ 144.5279126, -37.614132 ], [ 144.519286199999982, -37.6279373 ], [ 144.520954099999983, -37.6398593 ], [ 144.516728799999981, -37.642927 ], [ 144.5211276, -37.6659253 ], [ 144.515287299999983, -37.6682556 ], [ 144.518611599999986, -37.6702758 ], [ 144.5173084, -37.6744749 ], [ 144.5152712, -37.6726755 ], [ 144.5120743, -37.6755902 ], [ 144.517917499999982, -37.6923405 ], [ 144.5145537, -37.697668299999989 ], [ 144.5193874, -37.7061452 ], [ 144.502071799999982, -37.708508 ], [ 144.495649, -37.7043577 ], [ 144.490588799999983, -37.7056848 ], [ 144.477683899999988, -37.7809995 ], [ 144.532689, -37.7872591 ], [ 144.5488029, -37.7971283 ], [ 144.5675824, -37.7988804 ], [ 144.5775663, -37.804123499999989 ], [ 144.577418599999987, -37.8068971 ], [ 144.582360099999988, -37.8014381 ], [ 144.578192199999989, -37.7993861 ], [ 144.5887689, -37.793117 ] ] ] } },
{ "type": "Feature", "properties": { "lga_code": "24700", "lga_name": "Merri-bek", "area_sqkm": 50.9522 }, "geometry": { "type": "Polygon", "coordinates": [ [ [ 144.9885242, -37.776394 ], [ 144.9792459, -37.7542099 ], [ 144.9820219, -37.745502799999983 ], [ 144.978973, -37.742721799999984 ], [ 144.985273799999987, -37.721356300000011 ], [ 144.978194, -37.7203531 ], [ 144.9808688, -37.714604799999989 ], [ 144.9770245, -37.713637 ], [ 144.977119, -37.7101968 ], [ 144.9808281, -37.7073488 ], [ 144.9785459, -37.7047178 ], [ 144.982524899999987, -37.702943799999986 ], [ 144.9787164, -37.6943209 ], [ 144.9705644, -37.6927313 ], [ 144.971363699999984, -37.690926499999989 ], [ 144.9049171, -37.6938472 ], [ 144.888074099999983, -37.7058683 ], [ 144.8884658, -37.7107717 ], [ 144.898220499999979, -37.70918420000001 ], [ 144.902317499999981, -37.7166775 ], [ 144.909365399999984, -37.7173615 ], [ 144.9106033, -37.7219056 ], [ 144.924762, -37.728970799999985 ], [ 144.924324, -37.7323878 ], [ 144.934734, -37.7439088 ], [ 144.928558, -37.7456998 ], [ 144.926725, -37.7514488 ], [ 144.9349049, -37.7532228 ], [ 144.933003899999989, -37.7588518 ], [ 144.938414199999983, -37.760911 ], [ 144.9352284, -37.7706051 ], [ 144.9384483, -37.7715451 ], [ 144.9370801, -37.7777611 ], [ 144.938774699999982, -37.7754349 ], [ 144.9781169, -37.780195 ], [ 144.9788911, -37.7752946 ], [ 144.9885242, -37.776394 ] ] ] } },
{ "type": "Feature", "properties": { "lga_code": "24780", "lga_name": "Mildura", "area_sqkm": 22081.9206 }, "geometry": { "type": "Polygon", "coordinates": [ [ [ 140.9636889, -33.980636400000016 ], [ 140.966231500000021, -35.3891287 ], [ 140.963109100000025, -35.7485211 ], [ 141.499764299999981, -35.7485694 ], [ 141.4994656, -35.4984982 ], [ 141.9974876, -35.498422299999987 ], [ 141.9974832, -35.4634893 ], [ 142.0814342, -35.4645769 ], [ 142.09133989999998, -35.4693381 ], [ 142.100643099999985, -35.4663574 ], [ 142.1154711, -35.4698138 ], [ 142.126774, -35.4729189 ], [ 142.131366899999989, -35.4782921 ], [ 142.142219399999988, -35.4801316 ], [ 142.151520399999981, -35.4765532 ], [ 142.1668568, -35.4784303 ], [ 142.168513499999989, -35.449850699999978 ], [ 142.206838299999987, -35.4500758 ], [ 142.1736463, -35.3758619 ], [ 142.1821539, -35.3669355 ], [ 142.1741806, -35.3623943 ], [ 142.179090699999989, -35.3539946 ], [ 142.1990663, -35.3537258 ], [ 142.1812903, -35.331843699999986 ], [ 142.183739299999985, -35.3294758 ], [ 142.1812639, -35.3222361 ], [ 142.1889514, -35.3225672 ], [ 142.1951024, -35.3131409 ], [ 142.2007303, -35.3150526 ], [ 142.2224206, -35.3109349 ], [ 142.2439353, -35.3109442 ], [ 142.2449145, -35.3074476 ], [ 142.2572701, -35.2998235 ], [ 142.2894248, -35.2908506 ], [ 142.2913199, -35.295490900000011 ], [ 142.30124189999998, -35.2935723 ], [ 142.3143916, -35.2973595 ], [ 142.3638293, -35.2921376 ], [ 142.3741627, -35.296986 ], [ 142.403354, -35.2953808 ], [ 142.4033072, -35.3029302 ], [ 142.4116952, -35.303840199999989 ], [ 142.581361900000019, -35.3023965 ], [ 142.6117918, -35.3049822 ], [ 142.6159312, -35.3038795 ], [ 142.6132902, -35.301167299999989 ], [ 142.61596320000001, -35.2974673 ], [ 142.6109773, -35.2833702 ], [ 142.610774599999985, -35.2445977 ], [ 142.6081821, -35.2415819 ], [ 142.6118366, -35.2386087 ], [ 142.6124486, -35.230240699999989 ], [ 142.6091506, -35.2204797 ], [ 142.6112886, -35.208162399999985 ], [ 142.6081886, -35.2050081 ], [ 142.61147, -35.1943487 ], [ 142.6871746, -35.194246 ], [ 142.734519399999982, -35.1980746 ], [ 142.736457100000024, -35.1444391 ], [ 142.742968499999989, -35.1150198 ], [ 142.697151599999984, -35.114532 ], [ 142.6961674, -34.9392608 ], [ 142.6934148, -34.9345166 ], [ 142.697293299999984, -34.9242727 ], [ 142.6973678, -34.886922399999989 ], [ 142.6912643, -34.8837965 ], [ 142.653386400000016, -34.8843008 ], [ 142.6509132, -34.8866886 ], [ 142.64122039999998, -34.883977900000012 ], [ 142.644234899999987, -34.8726526 ], [ 142.6354169, -34.8640401 ], [ 142.5186181, -34.8639027 ], [ 142.517050899999987, -34.7548094 ], [ 142.5078495, -34.7489678 ], [ 142.5123103, -34.7415952 ], [ 142.4995654, -34.739104 ], [ 142.501298099999985, -34.7334517 ], [ 142.5130514, -34.7231083 ], [ 142.5099017, -34.7136472 ], [ 142.5189562, -34.7029327 ], [ 142.51235029999998, -34.7005113 ], [ 142.504524800000013, -34.7041306 ], [ 142.4997507, -34.7031248 ], [ 142.499601399999989, -34.699087099999986 ], [ 142.5100114, -34.6966515 ], [ 142.513675299999989, -34.6922038 ], [ 142.5078139, -34.6826 ], [ 142.5001695, -34.6824894 ], [ 142.497273399999983, -34.6765424 ], [ 142.500237299999981, -34.6701872 ], [ 142.5138332, -34.6666529 ], [ 142.515862199999987, -34.6636701 ], [ 142.510548299999982, -34.6577396 ], [ 142.5056788, -34.6569351 ], [ 142.4995945, -34.6648371 ], [ 142.4869591, -34.6634275 ], [ 142.487566099999981, -34.66686 ], [ 142.4957416, -34.6672378 ], [ 142.493124, -34.672188600000013 ], [ 142.4741196, -34.6717121 ], [ 142.4716606, -34.651783 ], [ 142.476081500000021, -34.642658599999983 ], [ 142.4836511, -34.6364217 ], [ 142.4802564, -34.6353945 ], [ 142.4710835, -34.6401221 ], [ 142.4652954, -34.634213599999981 ], [ 142.456463, -34.6363121 ], [ 142.4523049, -34.633093099999989 ], [ 142.463804899999985, -34.6269954 ], [ 142.458382299999982, -34.6175791 ], [ 142.4682637, -34.6129205 ], [ 142.4613138, -34.6065523 ], [ 142.4692187, -34.6015116 ], [ 142.471270799999985, -34.5926638 ], [ 142.458369799999986, -34.587561799999982 ], [ 142.472711299999986, -34.5766819 ], [ 142.4679744, -34.5642821 ], [ 142.454794, -34.5575779 ], [ 142.4487637, -34.5595973 ], [ 142.451614299999989, -34.5727823 ], [ 142.458587199999982, -34.5806702 ], [ 142.4549374, -34.584555 ], [ 142.4497087, -34.5829401 ], [ 142.4449296, -34.5754766 ], [ 142.4301843, -34.5747801 ], [ 142.4260689, -34.5623352 ], [ 142.4088545, -34.568896599999988 ], [ 142.4064081, -34.563122299999989 ], [ 142.4106975, -34.5534606 ], [ 142.4056529, -34.541557499999989 ], [ 142.3998369, -34.546944499999988 ], [ 142.390217399999983, -34.5491058 ], [ 142.3767115, -34.540972 ], [ 142.3781895, -34.532132 ], [ 142.3712059, -34.5348346 ], [ 142.3676074, -34.5300012 ], [ 142.370260299999984, -34.5263286 ], [ 142.3998418, -34.5231438 ], [ 142.393641, -34.516168 ], [ 142.380699099999987, -34.5194664 ], [ 142.3749488, -34.5152707 ], [ 142.386772, -34.4990374 ], [ 142.394830400000018, -34.4936258 ], [ 142.3777336, -34.4913831 ], [ 142.3723922, -34.4956857 ], [ 142.369728399999985, -34.5038058 ], [ 142.359525, -34.498590799999981 ], [ 142.3597852, -34.4912145 ], [ 142.364274099999989, -34.4847014 ], [ 142.3747047, -34.4769933 ], [ 142.384169499999985, -34.4780778 ], [ 142.379273800000021, -34.466691 ], [ 142.3723417, -34.4716835 ], [ 142.3644074, -34.4693144 ], [ 142.356346400000035, -34.472283299999987 ], [ 142.353341, -34.469568699999989 ], [ 142.3651428, -34.4473888 ], [ 142.3608293, -34.4404868 ], [ 142.367943100000019, -34.4354015 ], [ 142.3599039, -34.4319202 ], [ 142.364545599999985, -34.422690900000013 ], [ 142.3518435, -34.4222745 ], [ 142.360701, -34.4117549 ], [ 142.3525789, -34.407927199999989 ], [ 142.356483199999985, -34.400413 ], [ 142.3509756, -34.396616 ], [ 142.3639034, -34.3856667 ], [ 142.373934, -34.3881375 ], [ 142.3680635, -34.3706374 ], [ 142.3782761, -34.3647374 ], [ 142.374853299999984, -34.3624342 ], [ 142.3661577, -34.3650733 ], [ 142.3635372, -34.3621457 ], [ 142.371323599999982, -34.357835300000012 ], [ 142.3838388, -34.3634353 ], [ 142.3897581, -34.3627861 ], [ 142.391506099999987, -34.3600989 ], [ 142.386327699999981, -34.3552405 ], [ 142.384464799999989, -34.3469012 ], [ 142.388309, -34.3430411 ], [ 142.396787499999988, -34.3439401 ], [ 142.397089699999981, -34.338639199999989 ], [ 142.391163799999987, -34.3343309 ], [ 142.373240899999985, -34.3315079 ], [ 142.3684432, -34.3268995 ], [ 142.347165, -34.337203 ], [ 142.3309314, -34.3393644 ], [ 142.3216165, -34.336922799999982 ], [ 142.316263599999985, -34.3301073 ], [ 142.301659699999988, -34.329042199999989 ], [ 142.2943929, -34.323437 ], [ 142.28388, -34.3265541 ], [ 142.27999939999998, -34.319787399999989 ], [ 142.28403, -34.3107463 ], [ 142.288263299999983, -34.3064337 ], [ 142.2988934, -34.30569 ], [ 142.2861389, -34.296523099999987 ], [ 142.27367910000001, -34.3040078 ], [ 142.2673389, -34.2952706 ], [ 142.253063699999984, -34.3061263 ], [ 142.2359004, -34.3069603 ], [ 142.231936, -34.3021469 ], [ 142.2324716, -34.296736 ], [ 142.243695799999983, -34.2919116 ], [ 142.248852199999988, -34.2849705 ], [ 142.2447206, -34.2771805 ], [ 142.2489989, -34.2650409 ], [ 142.241863599999988, -34.258047 ], [ 142.232312, -34.2552489 ], [ 142.2347771, -34.249426500000013 ], [ 142.2435864, -34.2457558 ], [ 142.2440369, -34.232444 ], [ 142.235340399999984, -34.2237345 ], [ 142.2437866, -34.2165043 ], [ 142.2437276, -34.209856699999989 ], [ 142.2365245, -34.2037517 ], [ 142.2337272, -34.2083369 ], [ 142.2294746, -34.2080417 ], [ 142.2282074, -34.189913 ], [ 142.219108899999981, -34.1810508 ], [ 142.198587, -34.183482699999985 ], [ 142.18361969999998, -34.1756592 ], [ 142.178315199999986, -34.1837295 ], [ 142.1661546, -34.1829101 ], [ 142.1634105, -34.176382900000014 ], [ 142.1665357, -34.1713825 ], [ 142.1592616, -34.1714693 ], [ 142.1655835, -34.1521113 ], [ 142.146373899999986, -34.1489586 ], [ 142.1398208, -34.1590082 ], [ 142.1351678, -34.1607252 ], [ 142.1203492, -34.1566914 ], [ 142.119619799999981, -34.1748951 ], [ 142.1054179, -34.177512 ], [ 142.0930663, -34.171902 ], [ 142.0827773, -34.1735319 ], [ 142.0775456, -34.1573328 ], [ 142.065352499999989, -34.1505972 ], [ 142.066608699999989, -34.144678099999986 ], [ 142.0771838, -34.138697899999983 ], [ 142.0756448, -34.1314053 ], [ 142.062605099999985, -34.1258524 ], [ 142.0493351, -34.1255391 ], [ 142.037020499999983, -34.1297823 ], [ 142.0295863, -34.1261253 ], [ 142.0288588, -34.1189539 ], [ 142.042148700000013, -34.105986699999988 ], [ 142.0377776, -34.099803799999989 ], [ 142.026618499999984, -34.106669 ], [ 142.01331829999998, -34.1053679 ], [ 142.0161019, -34.116417299999988 ], [ 142.024921299999988, -34.1220566 ], [ 142.0222523, -34.125217499999984 ], [ 142.0128982, -34.1253438 ], [ 141.998478399999982, -34.1185362 ], [ 141.993013099999985, -34.121286 ], [ 141.98490289999998, -34.1129283 ], [ 141.9782419, -34.1126027 ], [ 141.9697487, -34.1198848 ], [ 141.970443499999988, -34.136094199999988 ], [ 141.9623842, -34.135986299999985 ], [ 141.9450104, -34.1194644 ], [ 141.9392206, -34.1234408 ], [ 141.9383091, -34.1361367 ], [ 141.9329961, -34.1382243 ], [ 141.9256356, -34.1345914 ], [ 141.9297904, -34.1257762 ], [ 141.922598199999982, -34.114557399999988 ], [ 141.9133273, -34.1155286 ], [ 141.9006929, -34.1111849 ], [ 141.8847508, -34.1149714 ], [ 141.8887963, -34.124402499999988 ], [ 141.8766335, -34.1374044 ], [ 141.8677698, -34.1286384 ], [ 141.8532641, -34.131220199999987 ], [ 141.8507004, -34.1242938 ], [ 141.8413902, -34.1324385 ], [ 141.786452199999985, -34.1116724 ], [ 141.776893299999983, -34.1168648 ], [ 141.774686299999985, -34.1138395 ], [ 141.777904399999983, -34.1017614 ], [ 141.7627369, -34.1113349 ], [ 141.7569537, -34.1120831 ], [ 141.75263, -34.1062295 ], [ 141.761843299999981, -34.097524 ], [ 141.7582592, -34.0967705 ], [ 141.7526177, -34.1023967 ], [ 141.746349399999986, -34.1033908 ], [ 141.7296981, -34.090882799999982 ], [ 141.725463599999983, -34.0951466 ], [ 141.729942199999982, -34.1054284 ], [ 141.7202948, -34.114576 ], [ 141.713288299999988, -34.1130477 ], [ 141.710587, -34.0986065 ], [ 141.707421899999986, -34.0960546 ], [ 141.688577399999986, -34.102303800000016 ], [ 141.677456299999989, -34.1012114 ], [ 141.6546788, -34.1166755 ], [ 141.6326594, -34.1214716 ], [ 141.6300636, -34.1296829 ], [ 141.6321259, -34.140124899999989 ], [ 141.6279892, -34.1454039 ], [ 141.6213166, -34.1451673 ], [ 141.6118246, -34.1390103 ], [ 141.6209671, -34.149272499999988 ], [ 141.618544899999989, -34.1562741 ], [ 141.612549299999984, -34.1567641 ], [ 141.6045862, -34.1491018 ], [ 141.5953077, -34.154792799999989 ], [ 141.5844909, -34.1513906 ], [ 141.585621799999984, -34.1564988 ], [ 141.5979596, -34.155429199999986 ], [ 141.6029657, -34.1622407 ], [ 141.6025674, -34.1687811 ], [ 141.5893901, -34.177340500000014 ], [ 141.592840199999983, -34.181914299999981 ], [ 141.604954099999986, -34.1839204 ], [ 141.603291499999983, -34.191215600000014 ], [ 141.5958397, -34.191775 ], [ 141.5897497, -34.1868803 ], [ 141.5881201, -34.1959787 ], [ 141.583928499999985, -34.1988034 ], [ 141.5604754, -34.1908864 ], [ 141.556502, -34.1972805 ], [ 141.5477445, -34.200828 ], [ 141.5335532, -34.1914212 ], [ 141.530811699999987, -34.1955454 ], [ 141.536438799999985, -34.204918299999989 ], [ 141.53387, -34.2106833 ], [ 141.5100773, -34.216466 ], [ 141.5061551, -34.210484799999982 ], [ 141.517205, -34.2067864 ], [ 141.518583, -34.203146099999984 ], [ 141.5066766, -34.1906059 ], [ 141.5187503, -34.1808969 ], [ 141.5108526, -34.1776923 ], [ 141.5004973, -34.158778 ], [ 141.4949728, -34.1545977 ], [ 141.487380799999983, -34.1548534 ], [ 141.4828085, -34.1634118 ], [ 141.4711983, -34.159191 ], [ 141.4689591, -34.1642407 ], [ 141.463988, -34.165828799999986 ], [ 141.450649699999985, -34.1609905 ], [ 141.448829, -34.1674543 ], [ 141.444546299999985, -34.1680019 ], [ 141.4328085, -34.159927199999984 ], [ 141.4339077, -34.1458909 ], [ 141.4171624, -34.1507645 ], [ 141.40741079999998, -34.1463874 ], [ 141.4060768, -34.141945799999988 ], [ 141.4103246, -34.1321737 ], [ 141.408254, -34.1278427 ], [ 141.4033708, -34.127191400000015 ], [ 141.388125, -34.134717 ], [ 141.3815936, -34.1221292 ], [ 141.369700199999983, -34.120190299999983 ], [ 141.371776899999986, -34.1263977 ], [ 141.368765199999984, -34.1271013 ], [ 141.3589859, -34.1107102 ], [ 141.3485115, -34.1122978 ], [ 141.3464142, -34.1243342 ], [ 141.3329489, -34.1306394 ], [ 141.331429899999989, -34.1359734 ], [ 141.3249442, -34.1387686 ], [ 141.3231221, -34.1331459 ], [ 141.325928299999987, -34.1268526 ], [ 141.3167769, -34.1272464 ], [ 141.313536299999981, -34.1248471 ], [ 141.3174582, -34.112400199999989 ], [ 141.300797499999987, -34.1137051 ], [ 141.2985507, -34.1069468 ], [ 141.2837084, -34.103861599999988 ], [ 141.2686989, -34.0921168 ], [ 141.259572, -34.0781212 ], [ 141.252095699999984, -34.0788854 ], [ 141.247451, -34.088067 ], [ 141.2425493, -34.0873282 ], [ 141.2416777, -34.0819365 ], [ 141.2472235, -34.0731953 ], [ 141.241814100000028, -34.0613012 ], [ 141.237530199999981, -34.0639161 ], [ 141.236194399999988, -34.0706648 ], [ 141.2284752, -34.0736376 ], [ 141.2222419, -34.0689322 ], [ 141.2221257, -34.0616634 ], [ 141.2157631, -34.0653813 ], [ 141.210919499999989, -34.0611959 ], [ 141.205914299999989, -34.0617095 ], [ 141.199838, -34.0721181 ], [ 141.1874555, -34.0792806 ], [ 141.1944435, -34.0875943 ], [ 141.1862365, -34.091963199999988 ], [ 141.1786195, -34.0885473 ], [ 141.1746752, -34.0733201 ], [ 141.1658617, -34.0831988 ], [ 141.158884199999989, -34.0845696 ], [ 141.153677, -34.0821049 ], [ 141.153187299999985, -34.0689019 ], [ 141.1438547, -34.0677856 ], [ 141.153449699999982, -34.0641757 ], [ 141.151111899999989, -34.059642 ], [ 141.1531182, -34.054507799999989 ], [ 141.1449949, -34.0563844 ], [ 141.142980599999987, -34.063520699999984 ], [ 141.1376459, -34.0616148 ], [ 141.137314299999986, -34.0575476 ], [ 141.1203447, -34.0648528 ], [ 141.106924099999986, -34.0610411 ], [ 141.1010607, -34.0511885 ], [ 141.094244799999984, -34.0506437 ], [ 141.087263299999989, -34.05716 ], [ 141.095567499999987, -34.0606532 ], [ 141.097594, -34.070021899999986 ], [ 141.094922699999984, -34.0747856 ], [ 141.089224299999984, -34.0766833 ], [ 141.0828024, -34.070897599999988 ], [ 141.0849174, -34.0622749 ], [ 141.071957699999984, -34.062896200000012 ], [ 141.0656076, -34.0500489 ], [ 141.061721799999987, -34.0549657 ], [ 141.0490265, -34.0611127 ], [ 141.0424706, -34.0610881 ], [ 141.039453, -34.0513945 ], [ 141.043446499999988, -34.0426902 ], [ 141.0343432, -34.0357214 ], [ 141.03108450000002, -34.0412869 ], [ 141.0322784, -34.0469865 ], [ 141.023677099999986, -34.0511369 ], [ 141.027461, -34.057476099999988 ], [ 141.023268299999984, -34.0596864 ], [ 141.0184343, -34.0560078 ], [ 141.0170234, -34.0472511 ], [ 141.001876399999986, -34.0390903 ], [ 141.0037826, -34.0275911 ], [ 141.0123179, -34.0246413 ], [ 140.998145599999987, -34.0196846 ], [ 140.9934498, -34.0310428 ], [ 140.988438, -34.0307638 ], [ 140.9854169, -34.020499699999988 ], [ 140.98046, -34.0159996 ], [ 140.986753599999986, -34.0102237 ], [ 140.975327099999987, -34.0093075 ], [ 140.9808277, -34.0045925 ], [ 140.980581699999988, -33.9999825 ], [ 140.968764599999986, -33.9966991 ], [ 140.9702007, -33.9843678 ], [ 140.9636889, -33.980636400000016 ] ] ] } },
{ "type": "Feature", "properties": { "lga_code": "24850", "lga_name": "Mitchell", "area_sqkm": 2862.0837 }, "geometry": { "type": "Polygon", "coordinates": [ [ [ 144.5397178, -37.0203169 ], [ 144.549081, -37.0421915 ], [ 144.5428537, -37.043556599999988 ], [ 144.544886599999984, -37.0528286 ], [ 144.5498665, -37.0524789 ], [ 144.550294899999983, -37.055459299999988 ], [ 144.545483099999984, -37.0568518 ], [ 144.5442928, -37.0675425 ], [ 144.536920899999984, -37.0698776 ], [ 144.53993, -37.0755996 ], [ 144.5364821, -37.0835808 ], [ 144.542677199999986, -37.088219599999988 ], [ 144.538281, -37.0880198 ], [ 144.5346255, -37.0999718 ], [ 144.5304329, -37.1002868 ], [ 144.5340505, -37.1028958 ], [ 144.531966899999986, -37.105170799999989 ], [ 144.5349417, -37.1107908 ], [ 144.5413237, -37.1147983 ], [ 144.5519581, -37.1070791 ], [ 144.5739293, -37.0991165 ], [ 144.602228599999989, -37.107235 ], [ 144.6913133, -37.1078899 ], [ 144.69737, -37.1001688 ], [ 144.715368899999987, -37.1003237 ], [ 144.7162691, -37.1179578 ], [ 144.728011, -37.1256012 ], [ 144.735223599999983, -37.1265009 ], [ 144.73113859999998, -37.1444378 ], [ 144.7257147, -37.1438729 ], [ 144.726549399999982, -37.159613199999988 ], [ 144.7102571, -37.159527799999985 ], [ 144.7118135, -37.1764275 ], [ 144.7160972, -37.1835716 ], [ 144.716104, -37.2087825 ], [ 144.703817500000014, -37.2129451 ], [ 144.731384099999985, -37.2205325 ], [ 144.76884579999998, -37.2207291 ], [ 144.7695757, -37.215109 ], [ 144.7775647, -37.2150495 ], [ 144.777746800000017, -37.2198208 ], [ 144.785726899999986, -37.2130667 ], [ 144.812358499999988, -37.21391280000001 ], [ 144.811189, -37.217397 ], [ 144.8200756, -37.2191921 ], [ 144.8166833, -37.2301778 ], [ 144.8256815, -37.2313947 ], [ 144.829049, -37.2356552 ], [ 144.822293699999989, -37.271979899999984 ], [ 144.825217399999985, -37.2840522 ], [ 144.84568, -37.2900858 ], [ 144.855799599999983, -37.2854611 ], [ 144.8492243, -37.3223032 ], [ 144.8563466, -37.322977200000011 ], [ 144.8584536, -37.3266632 ], [ 144.864519, -37.3241958 ], [ 144.8662955, -37.3290832 ], [ 144.874155900000034, -37.3307158 ], [ 144.877787899999987, -37.337052799999988 ], [ 144.8851449, -37.3346428 ], [ 144.8921641, -37.3451729 ], [ 144.9177962, -37.3479747 ], [ 144.9150885, -37.3624054 ], [ 144.921236599999986, -37.3632671 ], [ 144.911711699999984, -37.3815665 ], [ 144.90680949999998, -37.4021192 ], [ 144.9040827, -37.4065462 ], [ 144.898507500000022, -37.4075111 ], [ 144.9037046, -37.4133781 ], [ 144.8985528, -37.4158787 ], [ 144.904119800000018, -37.4202241 ], [ 144.9028375, -37.4232363 ], [ 144.8951217, -37.4243927 ], [ 144.895425300000028, -37.4281509 ], [ 144.9015272, -37.430262799999987 ], [ 144.8981796, -37.4311607 ], [ 144.9014416, -37.4362103 ], [ 144.897264, -37.438882 ], [ 144.8999892, -37.442510499999983 ], [ 144.894324499999982, -37.4499583 ], [ 144.897801099999981, -37.4507748 ], [ 144.897948099999979, -37.458949499999989 ], [ 144.8917725, -37.4608802 ], [ 144.8987656, -37.465578 ], [ 144.9056517, -37.4646901 ], [ 144.9051245, -37.468289 ], [ 144.8998885, -37.469674900000015 ], [ 144.900298099999986, -37.4750943 ], [ 144.8968482, -37.474988199999984 ], [ 144.8987048, -37.478616 ], [ 144.893473199999988, -37.4777865 ], [ 144.8914408, -37.486383 ], [ 144.8960023, -37.4887014 ], [ 144.8913478, -37.4904409 ], [ 144.8950518, -37.4936086 ], [ 144.8871655, -37.4933961 ], [ 144.8876007, -37.4970275 ], [ 144.880816, -37.5022254 ], [ 144.991933599999982, -37.5153768 ], [ 144.9971019, -37.508454799999981 ], [ 145.002053599999982, -37.5097204 ], [ 145.0072398, -37.5021731 ], [ 144.986971499999981, -37.499873 ], [ 144.9940408, -37.4811639 ], [ 145.000773, -37.4423668 ], [ 145.072899899999982, -37.4505429 ], [ 145.0678844, -37.4460499 ], [ 145.06778, -37.438608099999982 ], [ 145.080802299999988, -37.4398328 ], [ 145.0792888, -37.426332 ], [ 145.104654499999981, -37.412404699999989 ], [ 145.1076816, -37.4082911 ], [ 145.1050889, -37.405538899999989 ], [ 145.111075199999988, -37.4017372 ], [ 145.115286, -37.4102002 ], [ 145.1249755, -37.4102499 ], [ 145.129764, -37.4189735 ], [ 145.1413025, -37.4282368 ], [ 145.146241799999984, -37.4282668 ], [ 145.150327899999979, -37.4148992 ], [ 145.1545648, -37.4128671 ], [ 145.161777299999983, -37.414943 ], [ 145.1658961, -37.4131278 ], [ 145.1785164, -37.42359110000001 ], [ 145.1865057, -37.4221474 ], [ 145.188679399999984, -37.4367506 ], [ 145.18557149999998, -37.4437954 ], [ 145.200244199999986, -37.4440259 ], [ 145.2222783, -37.4725862 ], [ 145.224769899999984, -37.4581449 ], [ 145.2293588, -37.4586474 ], [ 145.227720399999981, -37.45446470000001 ], [ 145.233968899999979, -37.447226899999983 ], [ 145.236271099999982, -37.4358544 ], [ 145.2656255, -37.4193408 ], [ 145.26582639999998, -37.3726906 ], [ 145.2578675, -37.3714505 ], [ 145.2565157, -37.367954100000013 ], [ 145.2713779, -37.3680479 ], [ 145.274241, -37.3555142 ], [ 145.2701491, -37.3554942 ], [ 145.270218, -37.3473531 ], [ 145.2760447, -37.3398096 ], [ 145.2704909, -37.3388972 ], [ 145.279356, -37.3379549 ], [ 145.2793557, -37.332368 ], [ 145.270304, -37.3272449 ], [ 145.273313, -37.3271812 ], [ 145.270591699999983, -37.3268881 ], [ 145.266114900000019, -37.3275078 ], [ 145.261974399999986, -37.3296685 ], [ 145.261941899999982, -37.317365199999983 ], [ 145.256702, -37.3173952 ], [ 145.25669689999998, -37.3110602 ], [ 145.251881, -37.3110683 ], [ 145.251866799999988, -37.3049392 ], [ 145.227449, -37.3050825 ], [ 145.227320099999986, -37.2942487 ], [ 145.1953882, -37.294106899999989 ], [ 145.195555499999983, -37.2782828 ], [ 145.18692489999998, -37.2782326 ], [ 145.187025299999988, -37.2717232 ], [ 145.1805867, -37.2717575 ], [ 145.180646800000034, -37.2644027 ], [ 145.171831199999986, -37.2662897 ], [ 145.1719363, -37.2784897 ], [ 145.168105, -37.281365799999989 ], [ 145.163009, -37.277614799999988 ], [ 145.1676894, -37.2635021 ], [ 145.1731355, -37.2611478 ], [ 145.165844, -37.2537498 ], [ 145.171617, -37.2470094 ], [ 145.167779699999983, -37.2402331 ], [ 145.17720989999998, -37.235923299999982 ], [ 145.1638125, -37.2157579 ], [ 145.1720288, -37.2167905 ], [ 145.1748843, -37.2048977 ], [ 145.1911409, -37.2037981 ], [ 145.1963869, -37.2060831 ], [ 145.1963748, -37.199876 ], [ 145.202170699999982, -37.199829 ], [ 145.202024600000016, -37.1871569 ], [ 145.207464499999986, -37.1870938 ], [ 145.2075395, -37.1911039 ], [ 145.219443399999989, -37.1910707 ], [ 145.219522399999988, -37.1861017 ], [ 145.2253743, -37.1860676 ], [ 145.229494099999982, -37.1800485 ], [ 145.241138, -37.1769664 ], [ 145.241091899999986, -37.1686103 ], [ 145.231727, -37.1675204 ], [ 145.231737899999985, -37.1572554 ], [ 145.235035899999986, -37.1572783 ], [ 145.228850699999981, -37.1375563 ], [ 145.230441, -37.1332408 ], [ 145.231747, -37.137399799999983 ], [ 145.243208, -37.1439148 ], [ 145.2432006, -37.141474099999989 ], [ 145.2441416, -37.1433462 ], [ 145.252375, -37.141223899999979 ], [ 145.257201899999984, -37.1349709 ], [ 145.2677281, -37.1361589 ], [ 145.273022, -37.1418408 ], [ 145.278908, -37.1430458 ], [ 145.279038, -37.1395249 ], [ 145.284614, -37.1385329 ], [ 145.2846108, -37.1290646 ], [ 145.290429499999988, -37.1148965 ], [ 145.2883024, -37.0995854 ], [ 145.303147199999984, -37.0996082 ], [ 145.304351199999985, -37.1037083 ], [ 145.321043, -37.1037851 ], [ 145.320707, -37.1003701 ], [ 145.35282239999998, -37.101379799999989 ], [ 145.3558774, -37.0976388 ], [ 145.3662122, -37.0976206 ], [ 145.3664011, -37.0910406 ], [ 145.3722151, -37.0939055 ], [ 145.374748899999986, -37.076162399999987 ], [ 145.3927366, -37.0762732 ], [ 145.392797, -37.0437369 ], [ 145.4053822, -37.0385049 ], [ 145.411089, -37.0305457 ], [ 145.4296109, -37.0207129 ], [ 145.4277102, -37.0060142 ], [ 145.422708699999987, -37.0045481 ], [ 145.425895, -36.9991162 ], [ 145.416391, -36.9942261 ], [ 145.407439300000021, -36.994135199999981 ], [ 145.4039721, -36.989884199999985 ], [ 145.4054193, -36.9850019 ], [ 145.4007221, -36.9818989 ], [ 145.3884057, -36.9833209 ], [ 145.38729619999998, -36.9770589 ], [ 145.372938299999987, -36.9752719 ], [ 145.3654013, -36.984891 ], [ 145.3643012, -36.9919797 ], [ 145.3583165, -36.9922704 ], [ 145.3581333, -36.9856467 ], [ 145.348256, -36.981180699999989 ], [ 145.339979900000031, -36.983445 ], [ 145.332155699999987, -36.994314099999983 ], [ 145.3315556, -37.0027394 ], [ 145.3225066, -37.000508 ], [ 145.322946900000034, -37.0110179 ], [ 145.312500799999981, -37.0169107 ], [ 145.3040574, -37.0160318 ], [ 145.3024122, -37.0117476 ], [ 145.308462, -37.0077446 ], [ 145.302780399999989, -37.0063791 ], [ 145.3021202, -37.002110699999989 ], [ 145.2914628, -37.0049399 ], [ 145.2908778, -36.9959078 ], [ 145.2861661, -36.9941446 ], [ 145.285575, -36.966966 ], [ 145.293189, -36.96084410000001 ], [ 145.2923372, -36.9521598 ], [ 145.278719099999989, -36.9519723 ], [ 145.264251100000024, -36.946663 ], [ 145.2605309, -36.93574 ], [ 145.240800299999989, -36.9244621 ], [ 145.234789799999987, -36.9099294 ], [ 145.226815099999982, -36.9141313 ], [ 145.2098274, -36.9443379 ], [ 145.198434099999986, -36.9418646 ], [ 145.1268953, -36.9415419 ], [ 145.1276139, -36.9325936 ], [ 145.1326387, -36.9282856 ], [ 145.121407399999981, -36.927999899999989 ], [ 145.117763199999985, -36.9234151 ], [ 145.1222247, -36.919268399999986 ], [ 145.1159873, -36.9164532 ], [ 145.1277269, -36.9096118 ], [ 145.120745, -36.9075398 ], [ 145.124139099999979, -36.9007569 ], [ 145.121313099999981, -36.893966 ], [ 145.1178974, -36.8962455 ], [ 145.1191895, -36.893056 ], [ 145.106686, -36.8929406 ], [ 145.08569, -36.8774565 ], [ 145.0870156, -36.868981399999988 ], [ 145.0660513, -36.866126200000011 ], [ 145.0439304, -36.8537185 ], [ 145.029859499999986, -36.8533459 ], [ 145.0114228, -36.8463206 ], [ 144.9982508, -36.8463697 ], [ 144.987013700000034, -36.8361167 ], [ 144.9332502, -36.835473 ], [ 144.9319859, -36.849825299999985 ], [ 144.9424511, -36.851175 ], [ 144.944028, -36.8571361 ], [ 144.929498, -36.860495 ], [ 144.909866099999988, -36.8586051 ], [ 144.88147, -36.8662233 ], [ 144.87428079999998, -36.8758049 ], [ 144.8717619, -36.8744419 ], [ 144.85843939999998, -36.8812293 ], [ 144.8535693, -36.8802372 ], [ 144.8372422, -36.892716200000017 ], [ 144.822391899999985, -36.8996959 ], [ 144.804272699999984, -36.9258751 ], [ 144.800212599999981, -36.939421899999978 ], [ 144.806322199999983, -36.955629699999989 ], [ 144.802368699999988, -36.9567826 ], [ 144.791273499999988, -36.952017 ], [ 144.7965788, -36.9655263 ], [ 144.765999, -36.9736186 ], [ 144.7534569, -36.962980699999981 ], [ 144.748522399999985, -36.9677576 ], [ 144.7506201, -36.9753275 ], [ 144.747853099999986, -36.9780709 ], [ 144.73402729999998, -36.9821323 ], [ 144.7345551, -36.9800158 ], [ 144.71827159999998, -36.9747009 ], [ 144.709350799999982, -36.988642 ], [ 144.6985713, -36.9941967 ], [ 144.6882134, -36.994552599999984 ], [ 144.691326299999986, -37.0057006 ], [ 144.6884431, -37.0109697 ], [ 144.6622678, -37.0086647 ], [ 144.650478599999985, -37.0152441 ], [ 144.643696899999981, -37.005432899999988 ], [ 144.6322136, -37.001994 ], [ 144.59707, -37.0039531 ], [ 144.5970265, -37.0084017 ], [ 144.593676300000027, -37.0099428 ], [ 144.583588, -37.0056833 ], [ 144.5834495, -37.0100844 ], [ 144.5603648, -37.0099502 ], [ 144.556070399999982, -37.0139789 ], [ 144.5453704, -37.013140799999981 ], [ 144.5397178, -37.0203169 ] ] ] } },
{ "type": "Feature", "properties": { "lga_code": "24900", "lga_name": "Moira", "area_sqkm": 4045.9201 }, "geometry": { "type": "Polygon", "coordinates": [ [ [ 145.032983, -35.8482033 ], [ 145.0245828, -35.847116899999989 ], [ 145.020685900000018, -35.8557076 ], [ 145.0133855, -35.8576495 ], [ 145.0056961, -35.855554599999984 ], [ 145.000585, -35.849316799999983 ], [ 144.9998651, -35.8548299 ], [ 144.9932782, -35.8522052 ], [ 144.993185899999986, -35.8560226 ], [ 144.9897316, -35.854675900000011 ], [ 144.991285299999987, -35.859036499999988 ], [ 144.9849934, -35.857504199999987 ], [ 144.9708018, -35.8610357 ], [ 144.968184899999983, -35.8658291 ], [ 144.9724607, -35.8745002 ], [ 144.9696822, -35.8785131 ], [ 144.974960899999985, -35.8838318 ], [ 144.964751399999983, -35.8958901 ], [ 144.966985099999988, -35.9051772 ], [ 144.952803499999987, -35.9166225 ], [ 144.948923, -35.9315887 ], [ 144.957429099999985, -35.960884799999988 ], [ 144.931391, -35.9682226 ], [ 144.924050199999982, -35.981386199999989 ], [ 144.92401959999998, -35.9896093 ], [ 144.9297006, -35.9905847 ], [ 144.936227, -35.9995287 ], [ 144.946456899999987, -36.0051085 ], [ 144.945505299999979, -36.0121726 ], [ 144.9545757, -36.0188089 ], [ 144.961837, -36.0182025 ], [ 144.9681673, -36.0425851 ], [ 144.983099, -36.049417799999986 ], [ 144.9870939, -36.0634027 ], [ 144.982178299999987, -36.0719825 ], [ 144.948296, -36.0828907 ], [ 144.936465799999979, -36.0757918 ], [ 144.93771719999998, -36.0699723 ], [ 144.93262009999998, -36.067036 ], [ 144.908540499999987, -36.0640311 ], [ 144.9038731, -36.0608578 ], [ 144.9016129, -36.0636125 ], [ 144.8890562, -36.063626299999989 ], [ 144.875017899999989, -36.0576362 ], [ 144.863377, -36.0591147 ], [ 144.8614925, -36.0717186 ], [ 144.8576032, -36.0689719 ], [ 144.860547199999985, -36.0664466 ], [ 144.8563177, -36.0656138 ], [ 144.8538802, -36.069509300000014 ], [ 144.856479899999982, -36.073539900000014 ], [ 144.849571, -36.0711897 ], [ 144.8471825, -36.0728684 ], [ 144.850616299999984, -36.081322 ], [ 144.84196559999998, -36.082960199999988 ], [ 144.843921100000017, -36.0922616 ], [ 144.839797299999987, -36.0944138 ], [ 144.8431481, -36.0957541 ], [ 144.8426244, -36.099873 ], [ 144.8353535, -36.0985069 ], [ 144.830910099999983, -36.104546899999988 ], [ 144.8416231, -36.1017678 ], [ 144.847713, -36.109488799999987 ], [ 144.849247, -36.1023457 ], [ 144.852880900000031, -36.1066617 ], [ 144.852156, -36.103766700000016 ], [ 144.857568900000018, -36.1031877 ], [ 144.8580239, -36.0991257 ], [ 144.849513, -36.0993987 ], [ 144.8519911, -36.0951428 ], [ 144.849727, -36.0933577 ], [ 144.854505, -36.092953699999988 ], [ 144.852645, -36.0901577 ], [ 144.8602469, -36.0897327 ], [ 144.8611549, -36.0846486 ], [ 144.867543899999987, -36.092703599999986 ], [ 144.8697029, -36.0885256 ], [ 144.874372900000026, -36.0900476 ], [ 144.87556189999998, -36.0944196 ], [ 144.8820819, -36.0892215 ], [ 144.884387799999985, -36.0928365 ], [ 144.8939277, -36.0930554 ], [ 144.8907638, -36.0858805 ], [ 144.8963068, -36.0886134 ], [ 144.896580699999987, -36.0794674 ], [ 144.901139699999987, -36.0837564 ], [ 144.9038636, -36.077801299999976 ], [ 144.9056206, -36.084503300000023 ], [ 144.9096305, -36.083535199999986 ], [ 144.9144224, -36.0881721 ], [ 144.9189173, -36.088347100000014 ], [ 144.9163614, -36.0913761 ], [ 144.9202373, -36.094564 ], [ 144.9253343, -36.092464 ], [ 144.9242012, -36.0988539 ], [ 144.9305192, -36.100313899999989 ], [ 144.9269732, -36.1054448 ], [ 144.9325801, -36.1047338 ], [ 144.931313099999983, -36.1092208 ], [ 144.9361141, -36.1091037 ], [ 144.939254, -36.1135326 ], [ 144.942912, -36.1096676 ], [ 144.9527809, -36.113693499999989 ], [ 144.960134899999986, -36.1068925 ], [ 144.967013799999989, -36.1104524 ], [ 144.9630048, -36.1123284 ], [ 144.96671379999998, -36.1135604 ], [ 144.9636188, -36.1162664 ], [ 144.9690838, -36.1203774 ], [ 144.974927799999989, -36.119193299999985 ], [ 144.9722898, -36.125530300000015 ], [ 144.9814307, -36.1270173 ], [ 144.9794847, -36.1235953 ], [ 144.9845267, -36.1252162 ], [ 144.9833937, -36.121859199999989 ], [ 144.989333599999981, -36.1148752 ], [ 144.995324499999981, -36.1145911 ], [ 144.992147599999981, -36.1176971 ], [ 144.9947755, -36.1195241 ], [ 144.9931986, -36.1239731 ], [ 145.0037854, -36.128572 ], [ 144.9989225, -36.133979 ], [ 145.0018475, -36.13452 ], [ 145.001222499999983, -36.139432 ], [ 145.0038165, -36.136464 ], [ 145.011749399999985, -36.1389809 ], [ 145.0094335, -36.1410489 ], [ 145.0125865, -36.1459679 ], [ 145.00756149999998, -36.146067899999984 ], [ 145.0066645, -36.150045899999988 ], [ 145.0086885, -36.1515039 ], [ 145.0110305, -36.1473529 ], [ 145.0144024, -36.1522539 ], [ 145.010905399999984, -36.1551839 ], [ 145.0153162, -36.1613458 ], [ 145.017979199999985, -36.1610387 ], [ 145.016913300000027, -36.1548498 ], [ 145.0234672, -36.1591737 ], [ 145.0212273, -36.1541758 ], [ 145.027344299999982, -36.1542827 ], [ 145.028670299999987, -36.1480318 ], [ 145.0301672, -36.1555137 ], [ 145.0369593, -36.1517427 ], [ 145.035433200000028, -36.1556547 ], [ 145.039662199999981, -36.1542456 ], [ 145.0393542, -36.1587406 ], [ 145.041652199999987, -36.1549076 ], [ 145.0425961, -36.157518500000016 ], [ 145.046968099999987, -36.1571655 ], [ 145.046254, -36.1614354 ], [ 145.0606728, -36.1640671 ], [ 145.0622367, -36.171191 ], [ 145.0630577, -36.16748 ], [ 145.067288599999983, -36.169257899999977 ], [ 145.0700306, -36.1657919 ], [ 145.0770925, -36.164637899999988 ], [ 145.077046599999989, -36.1617098 ], [ 145.081641499999989, -36.1654139 ], [ 145.0910695, -36.1577349 ], [ 145.0892475, -36.1619309 ], [ 145.095647499999984, -36.1650369 ], [ 145.1000224, -36.1637619 ], [ 145.106086399999981, -36.1691289 ], [ 145.1115723, -36.1668309 ], [ 145.1141773, -36.1762409 ], [ 145.1213972, -36.1797579 ], [ 145.1243982, -36.1767399 ], [ 145.1279112, -36.1831079 ], [ 145.1327451, -36.17893380000001 ], [ 145.127615099999986, -36.176449799999986 ], [ 145.132277099999982, -36.174807799999989 ], [ 145.130158099999989, -36.1707888 ], [ 145.1358641, -36.1752438 ], [ 145.1383161, -36.1711938 ], [ 145.135361099999983, -36.168313799999986 ], [ 145.1387181, -36.166232799999975 ], [ 145.129934099999986, -36.161763799999989 ], [ 145.1341951, -36.1616928 ], [ 145.132164099999983, -36.157047799999987 ], [ 145.1344011, -36.1553968 ], [ 145.135685099999989, -36.1576808 ], [ 145.137939099999983, -36.1540328 ], [ 145.1402871, -36.1590738 ], [ 145.1445511, -36.155819799999989 ], [ 145.146235099999984, -36.1626958 ], [ 145.1571501, -36.157669800000015 ], [ 145.1657351, -36.1606958 ], [ 145.1658021, -36.1673798 ], [ 145.172857099999987, -36.1654038 ], [ 145.1694201, -36.1680528 ], [ 145.1750791, -36.1681899 ], [ 145.1721011, -36.169913799999989 ], [ 145.1724841, -36.1767098 ], [ 145.1825553, -36.1849468 ], [ 145.184292, -36.182259599999988 ], [ 145.1809901, -36.1781718 ], [ 145.1902211, -36.1799658 ], [ 145.1959091, -36.174569800000015 ], [ 145.1876561, -36.174492799999989 ], [ 145.190924099999989, -36.1713108 ], [ 145.189033099999989, -36.165238799999983 ], [ 145.1985501, -36.1649188 ], [ 145.1925531, -36.1634379 ], [ 145.194360099999983, -36.1588318 ], [ 145.200719099999986, -36.1576358 ], [ 145.195092099999982, -36.1619939 ], [ 145.203500099999985, -36.161397799999989 ], [ 145.2047131, -36.1671338 ], [ 145.2084721, -36.1678209 ], [ 145.2066801, -36.1648789 ], [ 145.2120711, -36.158667799999982 ], [ 145.2163591, -36.1655978 ], [ 145.2207411, -36.16052280000001 ], [ 145.227578099999988, -36.1585968 ], [ 145.2300071, -36.1612189 ], [ 145.221271100000024, -36.162794800000015 ], [ 145.2230251, -36.1704538 ], [ 145.2290351, -36.1648298 ], [ 145.229370099999983, -36.1708788 ], [ 145.2333411, -36.1646728 ], [ 145.2376581, -36.1645948 ], [ 145.232082099999985, -36.1677778 ], [ 145.234772099999986, -36.1756649 ], [ 145.2373651, -36.177504799999987 ], [ 145.2364641, -36.1737458 ], [ 145.2399651, -36.1716268 ], [ 145.2404291, -36.178770899999989 ], [ 145.2433991, -36.1802298 ], [ 145.245445099999984, -36.1757029 ], [ 145.2486901, -36.187545799999988 ], [ 145.255677100000014, -36.1842178 ], [ 145.25160409999998, -36.1919318 ], [ 145.2581511, -36.192705900000021 ], [ 145.260264799999987, -36.1993116 ], [ 145.6316072, -36.1991662 ], [ 145.6315263, -36.299061599999987 ], [ 146.0309437, -36.2989955 ], [ 146.0312037, -36.2654299 ], [ 146.036909, -36.2550502 ], [ 146.131430599999987, -36.2551086 ], [ 146.1310579, -36.1867776 ], [ 146.2236273, -36.1868623 ], [ 146.2209287, -36.1829549 ], [ 146.234060699999986, -36.182983699999987 ], [ 146.233147699999989, -36.1882957 ], [ 146.236681799999985, -36.1905447 ], [ 146.2392356, -36.1810386 ], [ 146.244779599999987, -36.1815645 ], [ 146.2419246, -36.179676500000014 ], [ 146.2465525, -36.1768725 ], [ 146.2427586, -36.1701125 ], [ 146.2451886, -36.1674335 ], [ 146.239839599999982, -36.1686736 ], [ 146.238971599999985, -36.1716196 ], [ 146.237576599999983, -36.1693376 ], [ 146.2303576, -36.1704217 ], [ 146.228852599999982, -36.1671017 ], [ 146.2362516, -36.1648776 ], [ 146.2382427, -36.157676599999988 ], [ 146.2349357, -36.1540767 ], [ 146.239699700000017, -36.1517766 ], [ 146.236530700000031, -36.146942699999983 ], [ 146.240847699999989, -36.1481686 ], [ 146.2371547, -36.142346599999989 ], [ 146.238666699999982, -36.1393136 ], [ 146.2424087, -36.1414045 ], [ 146.243530599999985, -36.1390695 ], [ 146.2387396, -36.1357536 ], [ 146.24132160000002, -36.1332496 ], [ 146.235797599999984, -36.1284886 ], [ 146.2300032, -36.1286625 ], [ 146.2282856, -36.1316918 ], [ 146.204633699999988, -36.1259472 ], [ 146.2059846, -36.1127372 ], [ 146.2093585, -36.1120831 ], [ 146.2102055, -36.1153821 ], [ 146.2158495, -36.114505 ], [ 146.2133375, -36.109177 ], [ 146.216401499999989, -36.1065449 ], [ 146.20484159999998, -36.1052572 ], [ 146.2106785, -36.1028751 ], [ 146.209422499999988, -36.099415100000016 ], [ 146.212665499999986, -36.098321 ], [ 146.2099155, -36.096986099999988 ], [ 146.2164534, -36.097319899999988 ], [ 146.2147764, -36.092089 ], [ 146.213111400000031, -36.094061 ], [ 146.2100524, -36.0918731 ], [ 146.2152404, -36.089029 ], [ 146.196675699999986, -36.0855824 ], [ 146.201621599999982, -36.0803232 ], [ 146.202878699999985, -36.0704462 ], [ 146.1961838, -36.0600633 ], [ 146.1992047, -36.0469692 ], [ 146.1966067, -36.0439052 ], [ 146.1921528, -36.0475303 ], [ 146.1855229, -36.0455765 ], [ 146.181705, -36.0511986 ], [ 146.1784821, -36.0507816 ], [ 146.175174, -36.0404967 ], [ 146.178348199999988, -36.02887 ], [ 146.1734107, -36.019407 ], [ 146.1631472, -36.0242364 ], [ 146.15678939999998, -36.021322100000013 ], [ 146.153879099999983, -36.0250009 ], [ 146.1463838, -36.020432 ], [ 146.1457687, -36.0137472 ], [ 146.131536, -36.019526799999987 ], [ 146.1316962, -36.010527599999989 ], [ 146.14065530000002, -36.008940699999989 ], [ 146.1344691, -36.0025318 ], [ 146.1252417, -36.0100766 ], [ 146.124472299999979, -36.0142889 ], [ 146.119331, -36.0140652 ], [ 146.118724, -36.0180013 ], [ 146.1076841, -36.014355399999985 ], [ 146.112384, -36.0067982 ], [ 146.105474099999981, -36.007902299999984 ], [ 146.100777199999982, -36.0130415 ], [ 146.091476299999982, -36.0094636 ], [ 146.0895874, -36.0131437 ], [ 146.0966403, -36.0172837 ], [ 146.092205399999983, -36.0212529 ], [ 146.0756448, -36.018163800000011 ], [ 146.07355579999998, -36.0096236 ], [ 146.0713859, -36.015642799999988 ], [ 146.0593012, -36.0145348 ], [ 146.0563692, -35.9992314 ], [ 146.0523522, -35.9954524 ], [ 146.048427299999986, -36.0031446 ], [ 146.043538399999989, -35.999694399999989 ], [ 146.0390735, -36.0017925 ], [ 146.031981600000023, -35.9946924 ], [ 146.02038779999998, -36.0005825 ], [ 146.016149, -36.006948799999989 ], [ 146.0058721, -36.003555599999984 ], [ 146.001824199999987, -36.0082479 ], [ 145.9894554, -36.0130057 ], [ 145.9774597, -36.0093312 ], [ 145.9720759, -36.015734 ], [ 145.969345799999985, -36.0131951 ], [ 145.9734804, -36.008407 ], [ 145.9713195, -36.0056389 ], [ 145.962194499999981, -36.0093556 ], [ 145.9583424, -36.006960099999986 ], [ 145.964823699999982, -35.996757099999989 ], [ 145.952521599999983, -35.9924774 ], [ 145.9517333, -35.9834495 ], [ 145.945749799999987, -35.9837961 ], [ 145.9459971, -35.9791316 ], [ 145.951077199999986, -35.9766134 ], [ 145.9441766, -35.9668612 ], [ 145.954212, -35.9647614 ], [ 145.953721699999988, -35.9615424 ], [ 145.9460796, -35.9613208 ], [ 145.9346305, -35.972679099999986 ], [ 145.928006, -35.973933799999983 ], [ 145.9250011, -35.9715455 ], [ 145.9282605, -35.9673305 ], [ 145.925827199999986, -35.9645503 ], [ 145.9148956, -35.9645291 ], [ 145.913821399999989, -35.9695488 ], [ 145.90609, -35.963249200000014 ], [ 145.902939299999986, -35.968842599999988 ], [ 145.900761599999981, -35.9615157 ], [ 145.910320800000022, -35.955948400000011 ], [ 145.9026993, -35.9524827 ], [ 145.8944324, -35.9532364 ], [ 145.889994299999984, -35.9573094 ], [ 145.8705698, -35.9554627 ], [ 145.8606011, -35.9605265 ], [ 145.854047799999989, -35.959913799999988 ], [ 145.8536708, -35.9659231 ], [ 145.847914, -35.9684286 ], [ 145.859319, -35.971552099999982 ], [ 145.858003, -35.9752716 ], [ 145.853808, -35.976596499999978 ], [ 145.8455544, -35.973447 ], [ 145.8485953, -35.9808865 ], [ 145.840026599999987, -35.983230399999989 ], [ 145.8360831, -35.9821008 ], [ 145.8358187, -35.9768369 ], [ 145.827553699999982, -35.9754248 ], [ 145.8244501, -35.9793012 ], [ 145.828751400000016, -35.9801863 ], [ 145.828258, -35.982969300000015 ], [ 145.8113586, -35.9840891 ], [ 145.8166788, -35.988396299999984 ], [ 145.810041100000035, -35.9913542 ], [ 145.806738, -35.9885419 ], [ 145.8079859, -35.983749 ], [ 145.7934506, -35.9828042 ], [ 145.792738, -35.972788099999988 ], [ 145.78803019999998, -35.9752383 ], [ 145.7845575, -35.9719765 ], [ 145.7768891, -35.9724283 ], [ 145.78139539999998, -35.9637775 ], [ 145.7782172, -35.9602305 ], [ 145.7683189, -35.9630737 ], [ 145.766111199999983, -35.9666748 ], [ 145.7579031, -35.958075399999984 ], [ 145.7461152, -35.9642253 ], [ 145.744321899999989, -35.9591219 ], [ 145.7307147, -35.9584768 ], [ 145.7368059, -35.9548057 ], [ 145.734145399999989, -35.9512888 ], [ 145.724764599999986, -35.9540834 ], [ 145.7167713, -35.9505815 ], [ 145.717293499999982, -35.945033599999988 ], [ 145.7264635, -35.9463392 ], [ 145.726306599999987, -35.942298699999974 ], [ 145.7202805, -35.934436299999987 ], [ 145.7144241, -35.9373759 ], [ 145.706695699999983, -35.932037 ], [ 145.6973334, -35.9364886 ], [ 145.6957689, -35.9257794 ], [ 145.7032744, -35.9256894 ], [ 145.69818669999998, -35.9209644 ], [ 145.687320299999982, -35.9239204 ], [ 145.685857400000032, -35.9306028 ], [ 145.673870599999987, -35.9258799 ], [ 145.679059099999989, -35.916816 ], [ 145.669126899999981, -35.9195732 ], [ 145.6685631, -35.9128776 ], [ 145.661533900000023, -35.912402799999988 ], [ 145.6574544, -35.9006733 ], [ 145.6511887, -35.8996745 ], [ 145.6472899, -35.8930764 ], [ 145.639736199999987, -35.8942263 ], [ 145.636784899999981, -35.8892974 ], [ 145.631743199999988, -35.8880591 ], [ 145.62957609999998, -35.880091899999989 ], [ 145.6203272, -35.883871599999985 ], [ 145.6281395, -35.8753964 ], [ 145.6230182, -35.8730569 ], [ 145.6171272, -35.8755046 ], [ 145.6148634, -35.8725575 ], [ 145.62832659999998, -35.867762299999988 ], [ 145.626353099999989, -35.8627452 ], [ 145.615994199999989, -35.8648622 ], [ 145.6096527, -35.8702976 ], [ 145.601754199999988, -35.8678438 ], [ 145.6054373, -35.8744499 ], [ 145.601141, -35.874995 ], [ 145.5954748, -35.8696908 ], [ 145.5980347, -35.8614445 ], [ 145.5867974, -35.8612317 ], [ 145.5924695, -35.8555013 ], [ 145.593236599999983, -35.8490642 ], [ 145.581569, -35.8482418 ], [ 145.5746695, -35.837783500000015 ], [ 145.5640171, -35.8341766 ], [ 145.566845799999982, -35.8264841 ], [ 145.5580027, -35.8282174 ], [ 145.5598962, -35.8226775 ], [ 145.5570654, -35.818848 ], [ 145.5629475, -35.816141799999983 ], [ 145.5628414, -35.8134359 ], [ 145.546747200000027, -35.8128815 ], [ 145.5424255, -35.8216371 ], [ 145.5387696, -35.8218 ], [ 145.5365487, -35.8173643 ], [ 145.541894899999988, -35.8088919 ], [ 145.5352456, -35.8081707 ], [ 145.53570209999998, -35.8019917 ], [ 145.5267992, -35.8070756 ], [ 145.5281559, -35.8115188 ], [ 145.521659799999981, -35.8186423 ], [ 145.5025618, -35.8094355 ], [ 145.4955487, -35.808996799999989 ], [ 145.4919827, -35.815063299999984 ], [ 145.477950199999981, -35.8108302 ], [ 145.474545299999988, -35.8123736 ], [ 145.4721343, -35.8092174 ], [ 145.4625322, -35.8268562 ], [ 145.4506643, -35.821405 ], [ 145.4481398, -35.8304131 ], [ 145.441799399999979, -35.8356456 ], [ 145.4363615, -35.8297114 ], [ 145.4291567, -35.8344305 ], [ 145.425474, -35.8289154 ], [ 145.419879900000012, -35.8281607 ], [ 145.4136346, -35.8313347 ], [ 145.420482599999985, -35.8372706 ], [ 145.409726899999981, -35.8365486 ], [ 145.410631199999983, -35.8485998 ], [ 145.40483, -35.850865499999983 ], [ 145.387156299999987, -35.8501288 ], [ 145.3773704, -35.8587655 ], [ 145.3606619, -35.861189 ], [ 145.3554067, -35.8670546 ], [ 145.350072100000034, -35.8604474 ], [ 145.3414914, -35.862371599999982 ], [ 145.3244592, -35.8506731 ], [ 145.3121955, -35.8556703 ], [ 145.3090464, -35.8604521 ], [ 145.30167670000003, -35.858467699999984 ], [ 145.296547799999985, -35.8605533 ], [ 145.2926631, -35.8538085 ], [ 145.28402, -35.8564547 ], [ 145.285023599999988, -35.8506408 ], [ 145.2786657, -35.853342900000015 ], [ 145.2727046, -35.8451897 ], [ 145.2670804, -35.8524329 ], [ 145.2583587, -35.8506297 ], [ 145.264188, -35.84223 ], [ 145.259651599999984, -35.8394281 ], [ 145.2607223, -35.8354126 ], [ 145.2529644, -35.8350067 ], [ 145.246183699999989, -35.8303078 ], [ 145.2404957, -35.8336586 ], [ 145.2352731, -35.8296686 ], [ 145.229142199999984, -35.8333343 ], [ 145.225035199999979, -35.832171 ], [ 145.220100100000025, -35.8366993 ], [ 145.2243714, -35.8395861 ], [ 145.2227896, -35.842437799999985 ], [ 145.2159308, -35.84141 ], [ 145.215227699999986, -35.836235 ], [ 145.207384599999983, -35.8379604 ], [ 145.1978131, -35.834786 ], [ 145.1933946, -35.8376238 ], [ 145.1898128, -35.834254599999987 ], [ 145.182636699999989, -35.8352392 ], [ 145.1810193, -35.8420134 ], [ 145.171757899999989, -35.838705 ], [ 145.168091299999986, -35.8425317 ], [ 145.1534618, -35.8430325 ], [ 145.1591764, -35.8310638 ], [ 145.1474787, -35.8334882 ], [ 145.139585, -35.8285255 ], [ 145.136642199999983, -35.8342575 ], [ 145.134038799999985, -35.8273712 ], [ 145.1286335, -35.826852 ], [ 145.1276899, -35.8207035 ], [ 145.1262797, -35.8297267 ], [ 145.122954599999986, -35.8280616 ], [ 145.122327399999989, -35.8207909 ], [ 145.1153421, -35.8260253 ], [ 145.1140974, -35.820535099999987 ], [ 145.103990899999985, -35.8285403 ], [ 145.0994364, -35.8257755 ], [ 145.091928199999984, -35.8359435 ], [ 145.0891708, -35.8311396 ], [ 145.093412699999988, -35.8278998 ], [ 145.090004199999981, -35.8254437 ], [ 145.077429599999988, -35.8273952 ], [ 145.076486099999983, -35.8318091 ], [ 145.074126399999983, -35.8267192 ], [ 145.071832299999983, -35.833216799999974 ], [ 145.0610614, -35.8372964 ], [ 145.0538506, -35.8351589 ], [ 145.0508678, -35.8387246 ], [ 145.049718499999983, -35.8336576 ], [ 145.0409819, -35.8416405 ], [ 145.0388054, -35.8383592 ], [ 145.037583, -35.8457952 ], [ 145.032983, -35.8482033 ] ] ] } },
{ "type": "Feature", "properties": { "lga_code": "24970", "lga_name": "Monash", "area_sqkm": 81.4829 }, "geometry": { "type": "Polygon", "coordinates": [ [ [ 145.156733799999984, -37.9331325 ], [ 145.220109899999983, -37.9395399 ], [ 145.206419899999986, -37.931148899999982 ], [ 145.2027779, -37.9191839 ], [ 145.205868899999984, -37.9105519 ], [ 145.2033719, -37.9033169 ], [ 145.208346899999981, -37.8990349 ], [ 145.201747899999987, -37.8954679 ], [ 145.190872899999988, -37.8805699 ], [ 145.195709699999981, -37.865163 ], [ 145.0951169, -37.853336399999989 ], [ 145.088232, -37.8929633 ], [ 145.078188, -37.8871384 ], [ 145.0741726, -37.9081267 ], [ 145.0852405, -37.9094936 ], [ 145.0824819, -37.9239848 ], [ 145.1416185, -37.931361 ], [ 145.1433745, -37.9245482 ], [ 145.156733799999984, -37.9331325 ] ] ] } },
{ "type": "Feature", "properties": { "lga_code": "25060", "lga_name": "Moonee Valley", "area_sqkm": 43.1384 }, "geometry": { "type": "Polygon", "coordinates": [ [ [ 144.924727, -37.72893280000001 ], [ 144.909886299999982, -37.7212406 ], [ 144.909365399999984, -37.7173615 ], [ 144.902317499999981, -37.7166775 ], [ 144.898220499999979, -37.70918420000001 ], [ 144.8881983, -37.7108701 ], [ 144.870387300000033, -37.7213101 ], [ 144.8461414, -37.7473393 ], [ 144.8483606, -37.7598854 ], [ 144.853875599999981, -37.762465399999989 ], [ 144.8526587, -37.7732157 ], [ 144.860663599999981, -37.7761277 ], [ 144.865131599999984, -37.7722906 ], [ 144.872841599999987, -37.7722316 ], [ 144.872562599999981, -37.7620983 ], [ 144.8846724, -37.7558932 ], [ 144.8847534, -37.761496299999983 ], [ 144.8937253, -37.765727299999988 ], [ 144.9017782, -37.7656243 ], [ 144.9021052, -37.7694203 ], [ 144.8958552, -37.7732464 ], [ 144.8977212, -37.7803505 ], [ 144.903990099999987, -37.7845685 ], [ 144.902718, -37.7896418 ], [ 144.9135916, -37.7793771 ], [ 144.921314699999982, -37.7874453 ], [ 144.9403681, -37.787606 ], [ 144.9365034, -37.7757152 ], [ 144.9384483, -37.7715451 ], [ 144.9352284, -37.7706051 ], [ 144.938414199999983, -37.760911 ], [ 144.933003899999989, -37.7588518 ], [ 144.9349049, -37.7532228 ], [ 144.926725, -37.7514488 ], [ 144.928558, -37.7456998 ], [ 144.934734, -37.7439088 ], [ 144.924324, -37.7323878 ], [ 144.924727, -37.72893280000001 ] ] ] } },
{ "type": "Feature", "properties": { "lga_code": "25150", "lga_name": "Moorabool", "area_sqkm": 2110.5504 }, "geometry": { "type": "Polygon", "coordinates": [ [ [ 143.9358665, -37.6505594 ], [ 143.9270162, -37.6582838 ], [ 143.913873, -37.6602557 ], [ 143.9230909, -37.6689746 ], [ 143.9487346, -37.6732974 ], [ 143.944148899999988, -37.6940866 ], [ 143.939483, -37.6968536 ], [ 143.9382392, -37.7091687 ], [ 143.9196345, -37.7099509 ], [ 143.8981109, -37.7159732 ], [ 143.8925509, -37.7122413 ], [ 143.8828691, -37.7130334 ], [ 143.887698, -37.713219 ], [ 143.8985912, -37.723768299999989 ], [ 143.8927927, -37.7243577 ], [ 143.89595, -37.729028 ], [ 143.8928784, -37.7281036 ], [ 143.892171, -37.732968 ], [ 143.8959845, -37.7334436 ], [ 143.897735499999982, -37.7432389 ], [ 143.8953314, -37.7446054 ], [ 143.903415599999988, -37.7516809 ], [ 143.896501799999982, -37.7527503 ], [ 143.8998167, -37.759687300000017 ], [ 143.8962664, -37.7659377 ], [ 143.901706, -37.7654763 ], [ 143.9011242, -37.7678075 ], [ 143.8978842, -37.7678848 ], [ 143.8935477, -37.7748292 ], [ 143.8830428, -37.7744052 ], [ 143.8837503, -37.7784401 ], [ 143.8935847, -37.7838461 ], [ 143.8925789, -37.7872817 ], [ 143.898515299999985, -37.7918406 ], [ 143.9002055, -37.7834344 ], [ 143.9128289, -37.7943363 ], [ 143.91634209999998, -37.7925274 ], [ 143.913617599999981, -37.800213899999989 ], [ 143.9194626, -37.8035312 ], [ 143.9189902, -37.8107974 ], [ 143.9297489, -37.8153292 ], [ 143.9392133, -37.8153724 ], [ 143.93922, -37.8236437 ], [ 143.9586133, -37.8232535 ], [ 143.9580676, -37.8274381 ], [ 143.9792928, -37.8276132 ], [ 143.989335, -37.822726499999987 ], [ 144.0175011, -37.822689 ], [ 144.049693, -37.8262018 ], [ 144.0545961, -37.832281799999976 ], [ 144.0602178, -37.7957574 ], [ 144.1222852, -37.8029868 ], [ 144.122825399999982, -37.7987051 ], [ 144.1293943, -37.797522 ], [ 144.2182789, -37.8069921 ], [ 144.216909, -37.8095686 ], [ 144.2325074, -37.811278 ], [ 144.2334956, -37.8090501 ], [ 144.2470636, -37.8125772 ], [ 144.2481094, -37.8096503 ], [ 144.263616499999983, -37.8116456 ], [ 144.265163699999988, -37.8159543 ], [ 144.2960219, -37.819551499999982 ], [ 144.294254699999982, -37.8289149 ], [ 144.301158499999985, -37.830699199999984 ], [ 144.3052164, -37.8365573 ], [ 144.312876, -37.835821 ], [ 144.3228358, -37.8446998 ], [ 144.3316897, -37.8462647 ], [ 144.3430114, -37.8430346 ], [ 144.3450502, -37.8453108 ], [ 144.346976399999988, -37.8419026 ], [ 144.3533133, -37.8452905 ], [ 144.3619938, -37.810816299999985 ], [ 144.3991246, -37.815219 ], [ 144.406363, -37.8009208 ], [ 144.405525, -37.807386799999989 ], [ 144.416018, -37.809603799999984 ], [ 144.414817, -37.8165358 ], [ 144.421059, -37.8203398 ], [ 144.4179471, -37.8269248 ], [ 144.423006, -37.8338908 ], [ 144.421815, -37.8465738 ], [ 144.43019, -37.8579718 ], [ 144.434118, -37.8546868 ], [ 144.444067, -37.8640208 ], [ 144.448990899999984, -37.837048 ], [ 144.466850099999988, -37.8390816 ], [ 144.490588799999983, -37.7056848 ], [ 144.495649, -37.7043577 ], [ 144.502071799999982, -37.708508 ], [ 144.5193874, -37.7061452 ], [ 144.5145537, -37.697668299999989 ], [ 144.517917499999982, -37.6923405 ], [ 144.5120743, -37.6755902 ], [ 144.5152712, -37.6726755 ], [ 144.5173084, -37.6744749 ], [ 144.518611599999986, -37.6702758 ], [ 144.515287299999983, -37.6682556 ], [ 144.5211276, -37.6659253 ], [ 144.516728799999981, -37.642927 ], [ 144.520954099999983, -37.6398593 ], [ 144.519286199999982, -37.6279373 ], [ 144.5279126, -37.614132 ], [ 144.5226994, -37.604586399999988 ], [ 144.5257972, -37.6009216 ], [ 144.5283201, -37.601925699999981 ], [ 144.527548600000017, -37.5982377 ], [ 144.536395199999987, -37.5894216 ], [ 144.539125499999983, -37.574285699999983 ], [ 144.556231199999985, -37.558887200000015 ], [ 144.4837039, -37.5508076 ], [ 144.457685199999986, -37.5445728 ], [ 144.465758199999982, -37.5366788 ], [ 144.4628908, -37.5293746 ], [ 144.4691185, -37.5212305 ], [ 144.4698953, -37.5075723 ], [ 144.4593209, -37.4970878 ], [ 144.472425099999981, -37.4315448 ], [ 144.4704735, -37.428782499999983 ], [ 144.465230099999985, -37.4290548 ], [ 144.464146199999988, -37.4368279 ], [ 144.457684199999989, -37.4389945 ], [ 144.4502091, -37.450637 ], [ 144.4465418, -37.4483314 ], [ 144.4333045, -37.4503774 ], [ 144.425915799999984, -37.4588555 ], [ 144.4183185, -37.4532866 ], [ 144.4169397, -37.4466143 ], [ 144.3472825, -37.4321245 ], [ 144.3473134, -37.4286414 ], [ 144.341114399999981, -37.4260195 ], [ 144.345723099999987, -37.4179164 ], [ 144.334879, -37.408865399999989 ], [ 144.327623099999983, -37.4101845 ], [ 144.3265121, -37.4063595 ], [ 144.3214581, -37.4062886 ], [ 144.317679199999986, -37.4025046 ], [ 144.3117935, -37.415594800000015 ], [ 144.2999369, -37.428035 ], [ 144.295108, -37.4289701 ], [ 144.298051, -37.4359901 ], [ 144.2947311, -37.4343512 ], [ 144.291260099999988, -37.4369372 ], [ 144.2687053, -37.4275773 ], [ 144.2507587, -37.428684400000016 ], [ 144.234678200000019, -37.4165149 ], [ 144.2270322, -37.4160978 ], [ 144.22562019999998, -37.4234536 ], [ 144.198110499999984, -37.4201161 ], [ 144.2010291, -37.4093287 ], [ 144.1963022, -37.4088198 ], [ 144.188767499999983, -37.4147349 ], [ 144.1717148, -37.417292 ], [ 144.168164, -37.420379 ], [ 144.165145, -37.418333 ], [ 144.1479923, -37.4199122 ], [ 144.1328471, -37.4301612 ], [ 144.1072345, -37.4286003 ], [ 144.1114776, -37.4339203 ], [ 144.106883899999985, -37.4402234 ], [ 144.1010421, -37.4458544 ], [ 144.0871444, -37.4458274 ], [ 144.0877925, -37.4517735 ], [ 144.0835662, -37.4503168 ], [ 144.0786559, -37.462637499999985 ], [ 144.0629213, -37.4688776 ], [ 144.0590862, -37.4659866 ], [ 144.0551577, -37.4700329 ], [ 144.0423535, -37.4637948 ], [ 144.0370303, -37.486272299999982 ], [ 144.021441399999986, -37.4864655 ], [ 144.0236366, -37.4838746 ], [ 143.9885736, -37.4776186 ], [ 143.985880100000031, -37.4773219 ], [ 143.986705799999982, -37.4797422 ], [ 143.9378864, -37.4741887 ], [ 143.9319394, -37.5348773 ], [ 143.9502685, -37.5494628 ], [ 143.9507016, -37.559848399999986 ], [ 143.941304700000018, -37.5621653 ], [ 143.9416836, -37.5725944 ], [ 143.936534199999983, -37.5699809 ], [ 143.936669099999989, -37.5750618 ], [ 143.9294333, -37.5774575 ], [ 143.9218998, -37.5758856 ], [ 143.9186598, -37.579721299999989 ], [ 143.914576399999987, -37.5794648 ], [ 143.9160929, -37.583650900000016 ], [ 143.9048008, -37.5823824 ], [ 143.902579, -37.5969797 ], [ 143.898065, -37.5964697 ], [ 143.8958424, -37.607540799999981 ], [ 143.8990325, -37.6165388 ], [ 143.9096714, -37.621636699999982 ], [ 143.9133505, -37.626750699999988 ], [ 143.914534799999984, -37.645102699999981 ], [ 143.9182394, -37.648047300000016 ], [ 143.9358665, -37.6505594 ] ] ] } },
{ "type": "Feature", "properties": { "lga_code": "25340", "lga_name": "Mornington Peninsula", "area_sqkm": 723.992 }, "geometry": { "type": "MultiPolygon", "coordinates": [ [ [ [ 144.8886029, -38.502747899999989 ], [ 144.8880049, -38.5026728 ], [ 144.8880517, -38.5029528 ], [ 144.8886029, -38.502747899999989 ] ] ], [ [ [ 144.888576900000032, -38.4999859 ], [ 144.8896278, -38.5007499 ], [ 144.889596899999987, -38.4998679 ], [ 144.888576900000032, -38.4999859 ] ] ], [ [ [ 144.885698, -38.4951828 ], [ 144.8858899, -38.4950468 ], [ 144.885684699999985, -38.4950868 ], [ 144.885698, -38.4951828 ] ] ], [ [ [ 144.885713899999985, -38.4946108 ], [ 144.886063799999988, -38.4946268 ], [ 144.8860407, -38.494536799999985 ], [ 144.885713899999985, -38.4946108 ] ] ], [ [ [ 144.739834, -38.3559208 ], [ 144.7400518, -38.355972799999989 ], [ 144.740122, -38.3557339 ], [ 144.739834, -38.3559208 ] ] ], [ [ [ 144.7403931, -38.3558758 ], [ 144.7410468, -38.355939899999981 ], [ 144.7410907, -38.3558589 ], [ 144.7403931, -38.3558758 ] ] ], [ [ [ 144.8860008, -38.4974068 ], [ 144.886148099999986, -38.4972118 ], [ 144.885838799999988, -38.4973368 ], [ 144.8860008, -38.4974068 ] ] ], [ [ [ 144.8855857, -38.4969658 ], [ 144.8857578, -38.496854800000015 ], [ 144.885572, -38.4969018 ], [ 144.8855857, -38.4969658 ] ] ], [ [ [ 144.8853921, -38.4956708 ], [ 144.885608, -38.495570799999989 ], [ 144.885399899999982, -38.4955918 ], [ 144.8853921, -38.4956708 ] ] ], [ [ [ 144.7875488, -38.3933818 ], [ 144.7878508, -38.3935689 ], [ 144.7877399, -38.3933158 ], [ 144.7875488, -38.3933818 ] ] ], [ [ [ 144.7401998, -38.3585229 ], [ 144.740304899999984, -38.3583439 ], [ 144.740189, -38.3584439 ], [ 144.7401998, -38.3585229 ] ] ], [ [ [ 144.884726, -38.4961869 ], [ 144.8853028, -38.4959918 ], [ 144.884830800000032, -38.4958738 ], [ 144.884726, -38.4961869 ] ] ], [ [ [ 144.8845, -38.4959588 ], [ 144.884566899999982, -38.4956238 ], [ 144.8843819, -38.4959449 ], [ 144.8845, -38.4959588 ] ] ], [ [ [ 144.739998899999989, -38.3571649 ], [ 144.7403909, -38.357143799999982 ], [ 144.7400788, -38.3570218 ], [ 144.739998899999989, -38.3571649 ] ] ], [ [ [ 144.7407531, -38.3583458 ], [ 144.7406948, -38.3581438 ], [ 144.740469, -38.3582709 ], [ 144.7407531, -38.3583458 ] ] ], [ [ [ 144.731415799999979, -38.3502368 ], [ 144.731365, -38.3503858 ], [ 144.73146, -38.3503628 ], [ 144.731415799999979, -38.3502368 ] ] ], [ [ [ 144.733990799999987, -38.3524389 ], [ 144.734362, -38.3522388 ], [ 144.7342979, -38.3521879 ], [ 144.733990799999987, -38.3524389 ] ] ], [ [ [ 144.736028799999985, -38.3544678 ], [ 144.7362689, -38.354360799999981 ], [ 144.7361091, -38.3542738 ], [ 144.736028799999985, -38.3544678 ] ] ], [ [ [ 144.906822799999986, -38.4932748 ], [ 144.9073319, -38.4937219 ], [ 144.9074129, -38.4933148 ], [ 144.906822799999986, -38.4932748 ] ] ], [ [ [ 144.9062451, -38.4931148 ], [ 144.906856, -38.4931028 ], [ 144.906861, -38.492908799999981 ], [ 144.9062451, -38.4931148 ] ] ], [ [ [ 144.907424, -38.493096799999982 ], [ 144.9070889, -38.4930488 ], [ 144.907417899999984, -38.4931428 ], [ 144.907424, -38.493096799999982 ] ] ], [ [ [ 144.8942358, -38.4935428 ], [ 144.8944889, -38.4932909 ], [ 144.894311, -38.4932498 ], [ 144.8942358, -38.4935428 ] ] ], [ [ [ 145.0369117, -38.2148978 ], [ 145.0324258, -38.2126599 ], [ 145.031697899999983, -38.2235599 ], [ 145.025508, -38.2264929 ], [ 145.028595699999983, -38.2390158 ], [ 145.025615599999981, -38.2533391 ], [ 145.008052, -38.2701269 ], [ 145.0013167, -38.2708618 ], [ 144.9997309, -38.2775118 ], [ 144.9828358, -38.2963998 ], [ 144.9944476, -38.305082699999986 ], [ 144.986632, -38.318352799999985 ], [ 144.9744269, -38.3272859 ], [ 144.945314800000034, -38.3408559 ], [ 144.859633, -38.3670348 ], [ 144.8285257, -38.3701858 ], [ 144.774552799999981, -38.3594568 ], [ 144.76323, -38.353541799999988 ], [ 144.763463, -38.3482698 ], [ 144.7457277, -38.3400671 ], [ 144.7390111, -38.324596799999988 ], [ 144.7189158, -38.3177378 ], [ 144.707349099999988, -38.3177818 ], [ 144.680230300000034, -38.3052055 ], [ 144.6672065, -38.3081325 ], [ 144.6552357, -38.3051465 ], [ 144.6529008, -38.3015278 ], [ 144.651703699999985, -38.3037655 ], [ 144.6903485, -38.328842699999988 ], [ 144.727645099999989, -38.3461015 ], [ 144.735996799999981, -38.352376799999988 ], [ 144.736364, -38.3543538 ], [ 144.741755, -38.3539339 ], [ 144.7435128, -38.3597379 ], [ 144.752372799999989, -38.3639339 ], [ 144.753318899999982, -38.3676818 ], [ 144.7670698, -38.3739949 ], [ 144.8385798, -38.4303148 ], [ 144.8693839, -38.4571459 ], [ 144.886658899999986, -38.4772038 ], [ 144.883821, -38.4909658 ], [ 144.8868598, -38.4938929 ], [ 144.8880567, -38.4992839 ], [ 144.894663799999989, -38.491442799999987 ], [ 144.911158, -38.4892399 ], [ 144.9195427, -38.4946949 ], [ 144.9186468, -38.4970036 ], [ 144.932398, -38.4947808 ], [ 144.93741559999998, -38.4970693 ], [ 144.9363495, -38.4941883 ], [ 144.9434914, -38.4951102 ], [ 144.9427063, -38.491267199999989 ], [ 144.9488192, -38.4885351 ], [ 144.967308799999984, -38.4867037 ], [ 144.9766367, -38.4903216 ], [ 144.9843664, -38.4852605 ], [ 144.9939052, -38.4859064 ], [ 145.011005, -38.4796488 ], [ 145.0177449, -38.483164899999984 ], [ 145.0266967, -38.4832078 ], [ 145.031270899999981, -38.4870678 ], [ 145.033138899999983, -38.4846059 ], [ 145.02608, -38.480193899999989 ], [ 145.0251408, -38.4753189 ], [ 145.0321619, -38.4646809 ], [ 145.0329189, -38.455281899999981 ], [ 145.0471632, -38.4337675 ], [ 145.050478, -38.4298268 ], [ 145.0663439, -38.425128799999989 ], [ 145.07639, -38.425432899999983 ], [ 145.079333, -38.415817899999986 ], [ 145.096154499999983, -38.4024938 ], [ 145.11184129999998, -38.4009036 ], [ 145.1163402, -38.3950655 ], [ 145.134111, -38.390200199999988 ], [ 145.234577799999983, -38.4095995 ], [ 145.234758699999986, -38.4059964 ], [ 145.2332438, -38.4078345 ], [ 145.230536799999982, -38.407757499999988 ], [ 145.2328498, -38.4069855 ], [ 145.228273699999988, -38.3986274 ], [ 145.2215349, -38.3979725 ], [ 145.217758900000035, -38.3939394 ], [ 145.215204699999987, -38.3831003 ], [ 145.183992099999983, -38.3745735 ], [ 145.184782, -38.3717295 ], [ 145.192705, -38.372967399999986 ], [ 145.193767899999983, -38.366549299999988 ], [ 145.2145998, -38.3798272 ], [ 145.221757599999989, -38.3780162 ], [ 145.2234478, -38.3732608 ], [ 145.218909699999983, -38.3724859 ], [ 145.213469, -38.365895900000012 ], [ 145.213307, -38.357030899999984 ], [ 145.2187865, -38.3475909 ], [ 145.214772399999987, -38.3423679 ], [ 145.2064605, -38.34078 ], [ 145.198347499999983, -38.333798 ], [ 145.192854499999981, -38.324494 ], [ 145.1916228, -38.3206028 ], [ 145.1953135, -38.323751 ], [ 145.1980474, -38.321208 ], [ 145.19522139999998, -38.3144869 ], [ 145.1985555, -38.3155724 ], [ 145.200516900000025, -38.311697 ], [ 145.192940199999981, -38.2965439 ], [ 145.1998841, -38.2965568 ], [ 145.199992100000031, -38.2930648 ], [ 145.2062091, -38.3037869 ], [ 145.223025899999982, -38.3064488 ], [ 145.2279709, -38.29219590000001 ], [ 145.2210438, -38.2871089 ], [ 145.2256597, -38.2724148 ], [ 145.2399797, -38.2614409 ], [ 145.250126699999981, -38.247253799999989 ], [ 145.2617367, -38.2424128 ], [ 145.2533077, -38.2356659 ], [ 145.255337, -38.2264229 ], [ 145.251318699999985, -38.2266708 ], [ 145.2542258, -38.2235969 ], [ 145.2265471, -38.2189376 ], [ 145.2154533, -38.2087162 ], [ 145.2157727, -38.200639 ], [ 145.181822399999987, -38.1990512 ], [ 145.1590679, -38.1815576 ], [ 145.1523933, -38.1944656 ], [ 145.1396677, -38.1972639 ], [ 145.133539700000028, -38.195655 ], [ 145.128757799999988, -38.200074 ], [ 145.0979108, -38.1623913 ], [ 145.088293099999987, -38.163542399999983 ], [ 145.08403389999998, -38.1710158 ], [ 145.0785569, -38.1735578 ], [ 145.061694099999983, -38.2011885 ], [ 145.0449577, -38.213391799999989 ], [ 145.0369117, -38.2148978 ] ] ] ] } },
{ "type": "Feature", "properties": { "lga_code": "25430", "lga_name": "Mount Alexander", "area_sqkm": 1529.6183 }, "geometry": { "type": "Polygon", "coordinates": [ [ [ 144.002856799999989, -37.0574627 ], [ 144.0125937, -37.0667456 ], [ 144.0120589, -37.0768117 ], [ 143.9994772, -37.0787959 ], [ 143.994513399999988, -37.084721 ], [ 143.9861498, -37.086796 ], [ 143.979709, -37.099382 ], [ 143.971968299999986, -37.0915534 ], [ 143.9646103, -37.1008267 ], [ 143.9628875, -37.1293065 ], [ 143.9551866, -37.1398837 ], [ 143.962955, -37.1487135 ], [ 143.9638641, -37.1632405 ], [ 143.958904499999989, -37.1683 ], [ 143.9626563, -37.1765206 ], [ 143.947836599999988, -37.1968829 ], [ 143.958874, -37.2204818 ], [ 143.970518, -37.228146699999989 ], [ 143.977019899999988, -37.2299766 ], [ 143.98054879999998, -37.2281756 ], [ 143.979869900000011, -37.2310446 ], [ 143.9839739, -37.2334436 ], [ 143.9872478, -37.2318475 ], [ 143.9937907, -37.2367465 ], [ 143.996807599999983, -37.2353914 ], [ 144.0005357, -37.2413104 ], [ 143.994923799999981, -37.2440795 ], [ 144.0014478, -37.2509645 ], [ 144.0013908, -37.2552425 ], [ 144.0167897, -37.2632104 ], [ 144.018395699999985, -37.2610884 ], [ 144.0220036, -37.2628014 ], [ 144.0234706, -37.2593323 ], [ 144.025207599999987, -37.2627464 ], [ 144.0330625, -37.2625113 ], [ 144.0386235, -37.2702283 ], [ 144.037650499999984, -37.2636802 ], [ 144.0419973, -37.2560401 ], [ 144.051008199999984, -37.250462 ], [ 144.062706, -37.2520969 ], [ 144.063567899999981, -37.2494948 ], [ 144.0606039, -37.2368257 ], [ 144.0660776, -37.2248636 ], [ 144.0675403, -37.210404599999983 ], [ 144.060089299999987, -37.2077166 ], [ 144.061202200000025, -37.2019696 ], [ 144.064015200000028, -37.2023356 ], [ 144.0743473, -37.1476465 ], [ 144.093444799999986, -37.1501431 ], [ 144.096302799999989, -37.1483631 ], [ 144.095978299999985, -37.15020329999998 ], [ 144.122347099999985, -37.1532888 ], [ 144.12141219999998, -37.1588178 ], [ 144.1460157, -37.1622978 ], [ 144.1570295, -37.1607196 ], [ 144.1566435, -37.1628466 ], [ 144.1734913, -37.1639234 ], [ 144.17875189999998, -37.1672426 ], [ 144.190452099999987, -37.1661261 ], [ 144.1851537, -37.195344399999989 ], [ 144.1907146, -37.1937803 ], [ 144.191909600000031, -37.196150299999985 ], [ 144.275322099999983, -37.205532 ], [ 144.2766361, -37.20905 ], [ 144.284258, -37.208001 ], [ 144.292168, -37.1635568 ], [ 144.3277627, -37.1668582 ], [ 144.3308788, -37.1718202 ], [ 144.3374976, -37.1656331 ], [ 144.3453016, -37.1697341 ], [ 144.3744763, -37.1731632 ], [ 144.3725053, -37.1672389 ], [ 144.3668231, -37.1640898 ], [ 144.3673465, -37.1572562 ], [ 144.5143233, -37.174374799999988 ], [ 144.5218128, -37.1784365 ], [ 144.52727969999998, -37.177288499999989 ], [ 144.526737199999985, -37.1507897 ], [ 144.5412657, -37.1220849 ], [ 144.545031, -37.1219086 ], [ 144.5304362, -37.1007158 ], [ 144.5346255, -37.0999718 ], [ 144.538281, -37.0880198 ], [ 144.542677199999986, -37.088219599999988 ], [ 144.5364821, -37.0835808 ], [ 144.53993, -37.0755996 ], [ 144.536920899999984, -37.0698776 ], [ 144.5442928, -37.0675425 ], [ 144.5443527, -37.060218200000016 ], [ 144.5205834, -37.0575065 ], [ 144.524103100000019, -37.0541413 ], [ 144.4926621, -37.050452700000015 ], [ 144.5062557, -36.9758754 ], [ 144.497819099999987, -36.971149 ], [ 144.491103, -36.961609599999989 ], [ 144.494136, -36.966964399999981 ], [ 144.4893357, -36.9714111 ], [ 144.488806499999981, -36.965717 ], [ 144.479826, -36.9608565 ], [ 144.4784565, -36.9539953 ], [ 144.4732578, -36.9542249 ], [ 144.470540199999988, -36.9496334 ], [ 144.4683938, -36.952219 ], [ 144.4601768, -36.9491577 ], [ 144.4629917, -36.9438732 ], [ 144.455991499999982, -36.9383601 ], [ 144.454316399999982, -36.9414979 ], [ 144.4495043, -36.9412304 ], [ 144.438120699999985, -36.9355983 ], [ 144.429829499999983, -36.9443409 ], [ 144.427901, -36.9381651 ], [ 144.42149809999998, -36.9384137 ], [ 144.4192215, -36.9324784 ], [ 144.4135039, -36.9299533 ], [ 144.4120409, -36.9234136 ], [ 144.4076586, -36.9229795 ], [ 144.3976427, -36.9353887 ], [ 144.4000504, -36.9395638 ], [ 144.3961253, -36.9552962 ], [ 144.386847, -36.9528136 ], [ 144.3821112, -36.957212399999989 ], [ 144.3782192, -36.9550374 ], [ 144.3796394, -36.9526977 ], [ 144.3130337, -36.9465391 ], [ 144.311597300000017, -36.943987 ], [ 144.3003329, -36.9426201 ], [ 144.2976775, -36.9569836 ], [ 144.24052039999998, -36.9505629 ], [ 144.2283246, -36.9223788 ], [ 144.2230045, -36.923624399999987 ], [ 144.2228321, -36.9214823 ], [ 143.891705, -36.8818882 ], [ 143.892102099999988, -36.8939163 ], [ 143.87776820000002, -36.8944148 ], [ 143.876436399999989, -36.9022425 ], [ 143.8664015, -36.901242499999988 ], [ 143.862975799999987, -36.9155058 ], [ 143.857459799999987, -36.9163059 ], [ 143.8465512, -36.9279523 ], [ 143.855611399999987, -36.9471013 ], [ 143.859888399999988, -36.9499522 ], [ 143.8518407, -36.957326099999989 ], [ 143.846303799999987, -36.9577135 ], [ 143.8456134, -36.9629122 ], [ 143.8364172, -36.9632621 ], [ 143.8359053, -36.9785903 ], [ 143.830644299999989, -36.9807189 ], [ 143.8842506, -36.9863123 ], [ 143.882293799999985, -36.9985584 ], [ 143.899703599999981, -37.0005423 ], [ 143.895705, -37.0235595 ], [ 143.8995352, -37.021093799999989 ], [ 143.9734508, -37.0293648 ], [ 143.989774899999986, -37.0477528 ], [ 143.991599, -37.0540338 ], [ 144.002856799999989, -37.0574627 ] ] ] } },
{ "type": "Feature", "properties": { "lga_code": "25490", "lga_name": "Moyne", "area_sqkm": 5481.686 }, "geometry": { "type": "Polygon", "coordinates": [ [ [ 141.846489, -38.0779534 ], [ 141.851335, -38.0802963 ], [ 141.851466099999982, -38.0864614 ], [ 141.8693874, -38.1130894 ], [ 141.869441, -38.1446616 ], [ 141.8509651, -38.144669899999982 ], [ 141.850870500000013, -38.1743834 ], [ 141.8509502, -38.2111474 ], [ 141.869595, -38.2107062 ], [ 141.8695649, -38.2642997 ], [ 141.9035107, -38.269858299999989 ], [ 141.9783426, -38.2981586 ], [ 142.0144846, -38.3168783 ], [ 142.0738197, -38.355884 ], [ 142.0983245, -38.3654949 ], [ 142.105869499999983, -38.3715258 ], [ 142.1130784, -38.371594699999982 ], [ 142.1241944, -38.3779987 ], [ 142.136459299999984, -38.3806995 ], [ 142.1457194, -38.3914565 ], [ 142.1472373, -38.3895675 ], [ 142.1533843, -38.3918684 ], [ 142.1803399, -38.390273099999987 ], [ 142.1888079, -38.394729 ], [ 142.2062836, -38.392611799999983 ], [ 142.2160446, -38.39478170000001 ], [ 142.2264944, -38.3916415 ], [ 142.2380413, -38.395690399999985 ], [ 142.243055199999986, -38.3921584 ], [ 142.2415713, -38.3945756 ], [ 142.244911299999984, -38.3964547 ], [ 142.255043, -38.3911762 ], [ 142.2439642, -38.3879713 ], [ 142.244329099999987, -38.378018199999985 ], [ 142.251009899999985, -38.3702471 ], [ 142.2615347, -38.3645729 ], [ 142.2801474, -38.362326599999989 ], [ 142.2859664, -38.3664806 ], [ 142.2942452, -38.3598364 ], [ 142.309377, -38.3563082 ], [ 142.316965, -38.359965199999984 ], [ 142.327967299999983, -38.3570797 ], [ 142.3344837, -38.3584079 ], [ 142.337157599999983, -38.3534248 ], [ 142.3536393, -38.3501216 ], [ 142.372524, -38.349469299999988 ], [ 142.4223625, -38.3723847 ], [ 142.43209109999998, -38.3535634 ], [ 142.4255651, -38.3507865 ], [ 142.428992599999987, -38.314387299999986 ], [ 142.4503406, -38.3160735 ], [ 142.4637923, -38.3134727 ], [ 142.465082, -38.3062149 ], [ 142.492604299999982, -38.3092397 ], [ 142.492031299999979, -38.312834699999982 ], [ 142.5098893, -38.312544699999989 ], [ 142.520307299999985, -38.325271699999981 ], [ 142.517843299999981, -38.3389037 ], [ 142.5226279, -38.33620759999998 ], [ 142.518969299999981, -38.3586247 ], [ 142.5310043, -38.3557017 ], [ 142.556364299999984, -38.359623699999986 ], [ 142.553898299999986, -38.3722467 ], [ 142.5724323, -38.3742427 ], [ 142.5700903, -38.3884817 ], [ 142.594177299999984, -38.3835627 ], [ 142.615431299999983, -38.3843637 ], [ 142.6092893, -38.3873647 ], [ 142.6209604, -38.3885903 ], [ 142.619923699999987, -38.3984714 ], [ 142.61708059999998, -38.3981094 ], [ 142.6204337, -38.4080394 ], [ 142.611398899999983, -38.4070845 ], [ 142.609652, -38.4168725 ], [ 142.606983099999979, -38.416641599999984 ], [ 142.6046853, -38.429739699999985 ], [ 142.6091073, -38.4305107 ], [ 142.6051904, -38.436548599999988 ], [ 142.611300299999982, -38.4372866 ], [ 142.6090166, -38.4501306 ], [ 142.6443684, -38.4709995 ], [ 142.66802629999998, -38.4890766 ], [ 142.6767772, -38.490552699999988 ], [ 142.675103299999989, -38.4938047 ], [ 142.6840343, -38.495119799999983 ], [ 142.6905654, -38.5033969 ], [ 142.695862399999982, -38.502929 ], [ 142.6999295, -38.512381099999985 ], [ 142.706137499999983, -38.5118051 ], [ 142.7206306, -38.5206831 ], [ 142.7570169, -38.5495492 ], [ 142.776159899999982, -38.561491 ], [ 142.779189799999983, -38.560778 ], [ 142.7779539, -38.562962 ], [ 142.787663899999984, -38.5691109 ], [ 142.791475900000023, -38.571278899999989 ], [ 142.796344799999986, -38.5696888 ], [ 142.795656899999983, -38.5722628 ], [ 142.800384799999989, -38.5743058 ], [ 142.8076078, -38.571522800000011 ], [ 142.816136699999987, -38.579448500000012 ], [ 142.823003699999987, -38.5764225 ], [ 142.8281307, -38.5808724 ], [ 142.8251967, -38.5847164 ], [ 142.8283777, -38.5870294 ], [ 142.8399066, -38.5873882 ], [ 142.8474436, -38.592467199999987 ], [ 142.8526805, -38.5920791 ], [ 142.8591324, -38.5986632 ], [ 142.857637499999981, -38.6052762 ], [ 142.868384099999986, -38.603600299999989 ], [ 142.8730172, -38.6100827 ], [ 142.878092899999984, -38.609860399999988 ], [ 142.8845811, -38.6006447 ], [ 142.8775598, -38.5964594 ], [ 142.8709048, -38.5826273 ], [ 142.8699882, -38.5677557 ], [ 142.853264199999984, -38.5570587 ], [ 142.8534822, -38.5510607 ], [ 142.847341199999988, -38.5501627 ], [ 142.8327282, -38.5379517 ], [ 142.8379353, -38.5251317 ], [ 142.834035199999988, -38.5191287 ], [ 142.8403252, -38.5180837 ], [ 142.8430453, -38.5124317 ], [ 142.855458199999987, -38.5115337 ], [ 142.8533842, -38.5064487 ], [ 142.8584942, -38.5040937 ], [ 142.858088200000026, -38.500032699999984 ], [ 142.8653262, -38.4993697 ], [ 142.8675312, -38.4928357 ], [ 142.8794202, -38.4941367 ], [ 142.8996339, -38.4867683 ], [ 142.8687742, -38.4830847 ], [ 142.8683192, -38.4854627 ], [ 142.8473653, -38.4807327 ], [ 142.879818299999982, -38.306195699999989 ], [ 142.856887199999989, -38.3116317 ], [ 142.8579498, -38.3057271 ], [ 142.8472549, -38.3059602 ], [ 142.839363099999986, -38.3129993 ], [ 142.834362199999987, -38.3084493 ], [ 142.826963299999989, -38.3144734 ], [ 142.8215463, -38.3107014 ], [ 142.817889399999984, -38.3128855 ], [ 142.8150439, -38.3073229 ], [ 142.8146073, -38.298390399999988 ], [ 142.8254494, -38.2970157 ], [ 142.844528199999985, -38.1967276 ], [ 142.858669, -38.1980305 ], [ 142.890730599999983, -38.1943473 ], [ 142.897242899999981, -38.165057 ], [ 142.8900352, -38.1527431 ], [ 142.895819, -38.1232367 ], [ 143.019381899999985, -38.1359898 ], [ 143.005770499999983, -38.1211858 ], [ 143.006234299999988, -38.1152976 ], [ 143.002498299999985, -38.1112476 ], [ 143.0049611, -38.1016165 ], [ 142.99275, -38.0881195 ], [ 142.9953539, -38.0837064 ], [ 142.992149899999987, -38.0797434 ], [ 142.999576599999983, -38.0711413 ], [ 143.006477499999988, -38.0701482 ], [ 143.0261659, -38.0580638 ], [ 143.014931, -38.0526769 ], [ 143.0134229, -38.0457959 ], [ 143.022694699999988, -38.0428417 ], [ 143.0199337, -38.0394867 ], [ 143.026672499999989, -38.0355086 ], [ 143.0343264, -38.0360455 ], [ 143.0357953, -38.0335265 ], [ 143.0314933, -38.0335165 ], [ 143.0340732, -38.0291585 ], [ 143.030701199999982, -38.0291175 ], [ 143.0304931, -38.0256055 ], [ 143.0341311, -38.0258665 ], [ 143.03187, -38.0230455 ], [ 143.0358268, -38.0191174 ], [ 143.031024699999989, -38.0139055 ], [ 143.0445666, -38.0126602 ], [ 143.0444755, -38.0091072 ], [ 143.0504364, -38.004886100000014 ], [ 143.0476903, -38.0035021 ], [ 143.050526099999985, -38.0000472 ], [ 143.0379423, -37.9964892 ], [ 143.036490200000031, -37.9913752 ], [ 143.0419071, -37.9864798 ], [ 143.0428861, -37.9888421 ], [ 143.049417, -37.9851229 ], [ 143.043486, -37.981152 ], [ 143.0471326, -37.9755255 ], [ 143.0528268, -37.9735327 ], [ 143.0518658, -37.9634235 ], [ 143.0562876, -37.9593995 ], [ 143.0603767, -37.9625365 ], [ 143.0694052, -37.9603917 ], [ 143.0702145, -37.9569533 ], [ 143.0767784, -37.954498199999975 ], [ 143.0756873, -37.9506341 ], [ 143.083022199999988, -37.947291 ], [ 143.075415, -37.937807 ], [ 143.0777029, -37.9327618 ], [ 143.07405989999998, -37.9289919 ], [ 143.08744729999998, -37.9246467 ], [ 143.083532599999984, -37.9221316 ], [ 143.097762099999983, -37.9071343 ], [ 143.092390099999989, -37.9034804 ], [ 143.084564299999982, -37.9075765 ], [ 143.0821383, -37.905906499999986 ], [ 143.079793199999983, -37.898179400000011 ], [ 143.0723012, -37.8958535 ], [ 143.079919099999984, -37.8936524 ], [ 143.073861, -37.886104399999979 ], [ 143.0827289, -37.8846433 ], [ 143.088943699999987, -37.8793291 ], [ 143.101238599999988, -37.8829511 ], [ 143.0953525, -37.8770101 ], [ 143.092709700000029, -37.8795891 ], [ 143.089012600000018, -37.876389099999983 ], [ 143.0870177, -37.8793502 ], [ 143.0813078, -37.8784602 ], [ 143.0832246, -37.872607099999989 ], [ 143.0795435, -37.8638231 ], [ 143.08427039999998, -37.8562749 ], [ 143.099434, -37.8506428 ], [ 143.099510899999984, -37.843347699999988 ], [ 143.1072139, -37.8436076 ], [ 143.1021759, -37.8396287 ], [ 143.1055638, -37.8382756 ], [ 143.1058266, -37.8335346 ], [ 143.0938758, -37.8293037 ], [ 143.076231299999989, -37.8156447 ], [ 143.0639946, -37.814233699999988 ], [ 143.06208239999998, -37.8249004 ], [ 143.0483073, -37.8233351 ], [ 143.044802299999986, -37.8160662 ], [ 143.031383399999982, -37.8145123 ], [ 143.0352643, -37.7927617 ], [ 143.013070299999981, -37.786895699999988 ], [ 143.016658299999989, -37.766686699999987 ], [ 143.0072453, -37.765537699999989 ], [ 142.9848313, -37.7728337 ], [ 142.962401299999982, -37.7871737 ], [ 142.951313299999981, -37.7895167 ], [ 142.9384383, -37.8016067 ], [ 142.9268463, -37.801279699999981 ], [ 142.9233743, -37.807158699999981 ], [ 142.9026211, -37.8166317 ], [ 142.8794068, -37.83657 ], [ 142.875346799999988, -37.83165 ], [ 142.8794728, -37.8084316 ], [ 142.8656484, -37.80689 ], [ 142.8614115, -37.8064389 ], [ 142.8607987, -37.8099193 ], [ 142.8422295, -37.8078513 ], [ 142.839692100000036, -37.8221256 ], [ 142.757740899999988, -37.8127281 ], [ 142.7498281, -37.819406300000011 ], [ 142.701742199999984, -37.834696 ], [ 142.6648317, -37.8299862 ], [ 142.673116, -37.8165398 ], [ 142.6626943, -37.8152342 ], [ 142.66106929999998, -37.8172867 ], [ 142.6522345, -37.8133004 ], [ 142.616496399999988, -37.809301 ], [ 142.612370299999981, -37.8111977 ], [ 142.597060299999981, -37.8093767 ], [ 142.5888004, -37.805848699999984 ], [ 142.552546399999983, -37.801316699999987 ], [ 142.5484654, -37.8213547 ], [ 142.533862299999981, -37.8269347 ], [ 142.5307053, -37.8430257 ], [ 142.4666924, -37.8349127 ], [ 142.450140399999981, -37.918417699999985 ], [ 142.439669400000014, -37.9152707 ], [ 142.432565400000016, -37.909319700000019 ], [ 142.423629399999982, -37.9091967 ], [ 142.409006399999981, -37.8981487 ], [ 142.413609399999984, -37.9322197 ], [ 142.2140767, -37.9344183 ], [ 142.2140547, -37.937301399999988 ], [ 142.2049107, -37.936001499999989 ], [ 142.1932404, -37.9390087 ], [ 142.1885714, -37.9371617 ], [ 142.1784034, -37.9409867 ], [ 142.178694399999983, -37.9446097 ], [ 142.1746604, -37.9461927 ], [ 142.167323399999987, -37.9451397 ], [ 142.1622194, -37.9400057 ], [ 142.161818399999987, -37.944206699999988 ], [ 142.1548094, -37.9466817 ], [ 142.1548134, -37.9518967 ], [ 142.135961399999985, -37.9498987 ], [ 142.133867399999986, -37.9564997 ], [ 142.1128424, -37.9567877 ], [ 142.114751399999989, -37.947012699999988 ], [ 142.031374199999988, -37.9481777 ], [ 142.0183595, -37.9581437 ], [ 142.0103964, -37.9558747 ], [ 142.0061044, -37.9595147 ], [ 141.9965614, -37.9589527 ], [ 141.985741499999989, -37.9711627 ], [ 141.9600524, -37.973191699999987 ], [ 141.9318284, -37.96209970000001 ], [ 141.915355399999982, -37.963841599999981 ], [ 141.8846675, -37.942534599999988 ], [ 141.8763435, -37.9405326 ], [ 141.871179499999982, -37.943424599999986 ], [ 141.8630225, -37.9425966 ], [ 141.833232, -37.9339557 ], [ 141.8170752, -37.9432848 ], [ 141.820093, -37.9614872 ], [ 141.8345627, -37.985512299999989 ], [ 141.834747, -38.0101035 ], [ 141.819722499999983, -38.038886 ], [ 141.846489, -38.0779534 ] ] ] } },
{ "type": "Feature", "properties": { "lga_code": "25620", "lga_name": "Murrindindi", "area_sqkm": 3879.7505 }, "geometry": { "type": "Polygon", "coordinates": [ [ [ 145.1911409, -37.2037981 ], [ 145.1748843, -37.2048977 ], [ 145.1720288, -37.2167905 ], [ 145.1638125, -37.2157579 ], [ 145.17720989999998, -37.235923299999982 ], [ 145.167779699999983, -37.2402331 ], [ 145.171617, -37.2470094 ], [ 145.165844, -37.2537498 ], [ 145.1731355, -37.2611478 ], [ 145.1676894, -37.2635021 ], [ 145.163009, -37.277614799999988 ], [ 145.168105, -37.281365799999989 ], [ 145.1719363, -37.2784897 ], [ 145.171831199999986, -37.2662897 ], [ 145.180646800000034, -37.2644027 ], [ 145.1805867, -37.2717575 ], [ 145.187025299999988, -37.2717232 ], [ 145.18692489999998, -37.2782326 ], [ 145.195555499999983, -37.2782828 ], [ 145.1953882, -37.294106899999989 ], [ 145.227320099999986, -37.2942487 ], [ 145.227449, -37.3050825 ], [ 145.251866799999988, -37.3049392 ], [ 145.251881, -37.3110683 ], [ 145.25669689999998, -37.3110602 ], [ 145.256702, -37.3173952 ], [ 145.261941899999982, -37.317365199999983 ], [ 145.261974399999986, -37.3296685 ], [ 145.266114900000019, -37.3275078 ], [ 145.270591699999983, -37.3268881 ], [ 145.273313, -37.3271812 ], [ 145.270304, -37.3272449 ], [ 145.2793557, -37.332368 ], [ 145.279356, -37.3379549 ], [ 145.2704909, -37.3388972 ], [ 145.2760447, -37.3398096 ], [ 145.270218, -37.3473531 ], [ 145.2701491, -37.3554942 ], [ 145.274241, -37.3555142 ], [ 145.2713779, -37.3680479 ], [ 145.2565157, -37.367954100000013 ], [ 145.2578675, -37.3714505 ], [ 145.26582639999998, -37.3726906 ], [ 145.2656255, -37.4193408 ], [ 145.236271099999982, -37.4358544 ], [ 145.233968899999979, -37.447226899999983 ], [ 145.227720399999981, -37.45446470000001 ], [ 145.2293588, -37.4586474 ], [ 145.224769899999984, -37.4581449 ], [ 145.2222783, -37.4725862 ], [ 145.241041699999982, -37.4777096 ], [ 145.2393247, -37.4877259 ], [ 145.2567162, -37.4919677 ], [ 145.251700699999986, -37.5106311 ], [ 145.2624485, -37.511888 ], [ 145.2644702, -37.5013289 ], [ 145.2754889, -37.5009728 ], [ 145.2763109, -37.496475699999984 ], [ 145.2943948, -37.4985686 ], [ 145.2928469, -37.5068667 ], [ 145.298009899999983, -37.5083157 ], [ 145.2970689, -37.5136817 ], [ 145.313836800000018, -37.5155466 ], [ 145.304779, -37.5219347 ], [ 145.314636799999988, -37.5229816 ], [ 145.3124209, -37.5246266 ], [ 145.3285096, -37.5291195 ], [ 145.328013699999985, -37.5319466 ], [ 145.333811699999984, -37.5325985 ], [ 145.3325998, -37.5395866 ], [ 145.338808699999987, -37.5401926 ], [ 145.3413448, -37.5434586 ], [ 145.3473788, -37.5441215 ], [ 145.3478687, -37.5412485 ], [ 145.3684365, -37.5453255 ], [ 145.3758283, -37.540528 ], [ 145.386613499999982, -37.5433812 ], [ 145.3895344, -37.5397251 ], [ 145.3939064, -37.5408801 ], [ 145.402198199999987, -37.5366119 ], [ 145.403459, -37.5271188 ], [ 145.4175578, -37.5262246 ], [ 145.4185258, -37.531485599999989 ], [ 145.426003799999989, -37.5349874 ], [ 145.432693500000028, -37.5308012 ], [ 145.4405365, -37.5334211 ], [ 145.437818, -37.5458642 ], [ 145.46775839999998, -37.5498089 ], [ 145.4699205, -37.5576589 ], [ 145.473448499999989, -37.5581289 ], [ 145.474194399999988, -37.5546419 ], [ 145.482009299999987, -37.554665800000016 ], [ 145.481996399999986, -37.5601178 ], [ 145.4968271, -37.5601917 ], [ 145.4968173, -37.563577699999989 ], [ 145.508762, -37.5636337 ], [ 145.502545, -37.5558757 ], [ 145.5079829, -37.5558926 ], [ 145.525360799999987, -37.563689599999989 ], [ 145.5280316, -37.5566815 ], [ 145.531480499999986, -37.5568535 ], [ 145.5375209, -37.562626099999989 ], [ 145.5402025, -37.5716481 ], [ 145.5476505, -37.5745794 ], [ 145.562603199999984, -37.593231199999984 ], [ 145.5732152, -37.5863009 ], [ 145.5780298, -37.572041 ], [ 145.587713799999989, -37.5668509 ], [ 145.5998736, -37.5660642 ], [ 145.6024803, -37.576040399999989 ], [ 145.6149255, -37.571031600000012 ], [ 145.632626, -37.5875512 ], [ 145.6406807, -37.589225100000014 ], [ 145.654100400000033, -37.6021654 ], [ 145.659295899999989, -37.6177799 ], [ 145.675858399999981, -37.6241823 ], [ 145.7373475, -37.5939786 ], [ 145.730578399999985, -37.5820939 ], [ 145.7382493, -37.5665816 ], [ 145.7553604, -37.5747515 ], [ 145.766090199999979, -37.5736127 ], [ 145.79085, -37.5620067 ], [ 145.809189799999984, -37.5643782 ], [ 145.809044, -37.5600381 ], [ 145.816251199999982, -37.5563114 ], [ 145.822071699999981, -37.539951599999988 ], [ 145.81991309999998, -37.5346071 ], [ 145.8242414, -37.533181 ], [ 145.826326099999989, -37.5281233 ], [ 145.834402399999988, -37.5317958 ], [ 145.8429648, -37.5289209 ], [ 145.847935799999988, -37.516416899999989 ], [ 145.8531008, -37.521186899999989 ], [ 145.858191799999986, -37.5171129 ], [ 145.8624898, -37.5181299 ], [ 145.868977799999982, -37.527429899999987 ], [ 145.873232799999982, -37.5249849 ], [ 145.8706798, -37.5134209 ], [ 145.8762068, -37.5078199 ], [ 145.872888800000027, -37.4936819 ], [ 145.881605800000017, -37.4921509 ], [ 145.877710799999988, -37.499164899999982 ], [ 145.8798888, -37.5048889 ], [ 145.88409679999998, -37.5062639 ], [ 145.8853248, -37.5129749 ], [ 145.879074799999984, -37.5112139 ], [ 145.877237799999989, -37.514256899999985 ], [ 145.882810799999987, -37.5266519 ], [ 145.8896973, -37.5322447 ], [ 146.1860107, -37.5348106 ], [ 146.1706333, -37.5272756 ], [ 146.1642041, -37.531371799999988 ], [ 146.1541245, -37.5287874 ], [ 146.1348439, -37.4806701 ], [ 146.143630799999983, -37.467685099999983 ], [ 146.137627499999979, -37.461578799999984 ], [ 146.1325118, -37.460749699999987 ], [ 146.1302489, -37.4539723 ], [ 146.1192192, -37.4488806 ], [ 146.105671, -37.4249808 ], [ 146.094189199999988, -37.418095099999988 ], [ 146.0930443, -37.4109186 ], [ 146.0888237, -37.4120609 ], [ 146.090808, -37.405969 ], [ 146.0845862, -37.4054775 ], [ 146.0848043, -37.4011711 ], [ 146.0817026, -37.4034421 ], [ 146.0803292, -37.3975538 ], [ 146.0760171, -37.3964906 ], [ 146.0794573, -37.3925364 ], [ 146.0675697, -37.3901435 ], [ 146.0709454, -37.3849435 ], [ 146.068938, -37.3835532 ], [ 146.064359199999984, -37.3851351 ], [ 146.0638966, -37.3817674 ], [ 146.069185399999981, -37.3805583 ], [ 146.065805, -37.373717299999988 ], [ 146.059849499999984, -37.3752692 ], [ 146.059669499999984, -37.368656 ], [ 146.054336800000016, -37.3668036 ], [ 146.058156, -37.365312599999989 ], [ 146.0562495, -37.3588801 ], [ 146.0639337, -37.3566167 ], [ 146.059471799999983, -37.3458584 ], [ 146.0654061, -37.3465414 ], [ 146.069603299999983, -37.3431992 ], [ 146.0511191, -37.325212299999983 ], [ 146.0521506, -37.316735 ], [ 146.0457774, -37.3124141 ], [ 146.0438446, -37.3141996 ], [ 146.03706649999998, -37.304807499999981 ], [ 146.0383683, -37.2945887 ], [ 146.0347222, -37.2941395 ], [ 146.0304026, -37.297835 ], [ 146.027744, -37.2981362 ], [ 146.0342942, -37.2921447 ], [ 146.0334273, -37.289489899999978 ], [ 146.0288927, -37.2884365 ], [ 146.0250533, -37.2813535 ], [ 146.022040799999985, -37.2824015 ], [ 146.0169627, -37.278880199999982 ], [ 146.019792699999982, -37.2669546 ], [ 146.016109799999981, -37.267891799999987 ], [ 146.0149802, -37.2632096 ], [ 146.0184639, -37.2637891 ], [ 146.024585299999984, -37.2574813 ], [ 146.02427179999998, -37.254229499999987 ], [ 146.018309099999982, -37.2532829 ], [ 146.0230118, -37.2507646 ], [ 146.017994099999981, -37.2483315 ], [ 146.0165491, -37.2396854 ], [ 146.005070099999983, -37.2382657 ], [ 146.002153, -37.2286182 ], [ 145.998280099999988, -37.2313861 ], [ 145.9979749, -37.2402981 ], [ 145.9873045, -37.2371358 ], [ 145.97592659999998, -37.241301 ], [ 145.9681388, -37.249508 ], [ 145.9700349, -37.263976 ], [ 145.963434299999989, -37.247870799999987 ], [ 145.9738797, -37.2390315 ], [ 145.9649124, -37.2311149 ], [ 145.937462100000033, -37.2190425 ], [ 145.9343481, -37.2186123 ], [ 145.932733899999988, -37.2218058 ], [ 145.9257254, -37.219256 ], [ 145.9236752, -37.2130622 ], [ 145.9117769, -37.2102124 ], [ 145.910302699999988, -37.200326 ], [ 145.9046744, -37.199569499999988 ], [ 145.9009585, -37.1942265 ], [ 145.8960625, -37.1928506 ], [ 145.892582, -37.1978274 ], [ 145.8858716, -37.1956582 ], [ 145.8802862, -37.1981604 ], [ 145.883175199999982, -37.1884278 ], [ 145.8775167, -37.1866216 ], [ 145.8715368, -37.188003 ], [ 145.871545699999984, -37.192114 ], [ 145.8696745, -37.193644299999988 ], [ 145.869618299999985, -37.1889408 ], [ 145.8613509, -37.1925431 ], [ 145.877490099999989, -37.1846408 ], [ 145.870811299999986, -37.174281099999988 ], [ 145.8474492, -37.1779909 ], [ 145.8452503, -37.1737314 ], [ 145.8770793, -37.1682199 ], [ 145.8686305, -37.1642732 ], [ 145.8690193, -37.153389699999984 ], [ 145.8536444, -37.143506599999988 ], [ 145.8616404, -37.146316 ], [ 145.8623172, -37.140987399999986 ], [ 145.868833199999983, -37.1509055 ], [ 145.876859, -37.149832799999984 ], [ 145.882575100000025, -37.154238 ], [ 145.8915121, -37.1462302 ], [ 145.888071199999985, -37.134411 ], [ 145.892161499999986, -37.127259099999989 ], [ 145.8888567, -37.1246649 ], [ 145.890458, -37.12119 ], [ 145.8865625, -37.1211355 ], [ 145.8805209, -37.113343799999974 ], [ 145.857870099999985, -37.1124076 ], [ 145.8568909, -37.109912 ], [ 145.84903749999998, -37.1154284 ], [ 145.8411582, -37.1134129 ], [ 145.8267902, -37.1024527 ], [ 145.820662, -37.107563299999988 ], [ 145.811123399999985, -37.1068479 ], [ 145.7988643, -37.0968965 ], [ 145.790584, -37.0948573 ], [ 145.778312299999982, -37.0865313 ], [ 145.7729148, -37.071625399999981 ], [ 145.7593234, -37.0551096 ], [ 145.7348182, -37.054251199999982 ], [ 145.7348409, -37.0508136 ], [ 145.7258038, -37.0508314 ], [ 145.706550199999981, -37.0392365 ], [ 145.712780399999986, -37.030436699999989 ], [ 145.7015391, -37.024732699999987 ], [ 145.698399099999989, -37.0088467 ], [ 145.6816102, -37.0038589 ], [ 145.686344199999979, -36.9851756 ], [ 145.6711496, -36.9827717 ], [ 145.6719759, -36.979604600000016 ], [ 145.6594, -36.977419399999988 ], [ 145.6555531, -36.9738619 ], [ 145.6507747, -36.9656143 ], [ 145.6501624, -36.946138 ], [ 145.6470639, -36.9440899 ], [ 145.640616599999987, -36.9442116 ], [ 145.6373773, -36.947597099999982 ], [ 145.6287672, -36.9434282 ], [ 145.6257612, -36.937929 ], [ 145.617746899999986, -36.9382474 ], [ 145.6070848, -36.941424 ], [ 145.6009411, -36.9504641 ], [ 145.582262499999985, -36.9616972 ], [ 145.5679557, -36.961025299999989 ], [ 145.563778, -36.9579562 ], [ 145.5318459, -36.9590387 ], [ 145.5318639, -36.9788892 ], [ 145.534634399999987, -36.9815778 ], [ 145.528877, -36.9938214 ], [ 145.522978, -36.9948834 ], [ 145.51499, -36.9892087 ], [ 145.4993667, -36.9920391 ], [ 145.4893339, -37.003892 ], [ 145.4936755, -37.0177871 ], [ 145.4894155, -37.0231694 ], [ 145.469063299999988, -37.0214703 ], [ 145.456998299999981, -37.0135479 ], [ 145.4465529, -37.0166342 ], [ 145.445595699999984, -37.01317 ], [ 145.4366439, -37.0108083 ], [ 145.4314488, -37.0051344 ], [ 145.4277102, -37.0060142 ], [ 145.4294999, -37.0216719 ], [ 145.411089, -37.0305457 ], [ 145.4053822, -37.0385049 ], [ 145.392797, -37.0437369 ], [ 145.3927366, -37.0762732 ], [ 145.374748899999986, -37.076162399999987 ], [ 145.372152, -37.094038499999989 ], [ 145.3664011, -37.0910406 ], [ 145.3662122, -37.0976206 ], [ 145.3558774, -37.0976388 ], [ 145.35282239999998, -37.101379799999989 ], [ 145.320707, -37.1003701 ], [ 145.321043, -37.1037851 ], [ 145.304351199999985, -37.1037083 ], [ 145.303147199999984, -37.0996082 ], [ 145.2883024, -37.0995854 ], [ 145.290429499999988, -37.1148965 ], [ 145.2846108, -37.1290646 ], [ 145.284614, -37.1385329 ], [ 145.279038, -37.1395249 ], [ 145.278908, -37.1430458 ], [ 145.273022, -37.1418408 ], [ 145.2677281, -37.1361589 ], [ 145.257201899999984, -37.1349709 ], [ 145.252375, -37.141223899999979 ], [ 145.2441416, -37.1433462 ], [ 145.2432006, -37.141474099999989 ], [ 145.243208, -37.1439148 ], [ 145.231747, -37.137399799999983 ], [ 145.230441, -37.1332408 ], [ 145.228850699999981, -37.1375563 ], [ 145.235035899999986, -37.1572783 ], [ 145.231737899999985, -37.1572554 ], [ 145.231727, -37.1675204 ], [ 145.241091899999986, -37.1686103 ], [ 145.241138, -37.1769664 ], [ 145.229494099999982, -37.1800485 ], [ 145.2253743, -37.1860676 ], [ 145.219522399999988, -37.1861017 ], [ 145.219443399999989, -37.1910707 ], [ 145.2075395, -37.1911039 ], [ 145.207464499999986, -37.1870938 ], [ 145.202024600000016, -37.1871569 ], [ 145.202170699999982, -37.199829 ], [ 145.1963748, -37.199876 ], [ 145.1963869, -37.2060831 ], [ 145.1911409, -37.2037981 ] ] ] } },
{ "type": "Feature", "properties": { "lga_code": "25710", "lga_name": "Nillumbik", "area_sqkm": 432.3373 }, "geometry": { "type": "Polygon", "coordinates": [ [ [ 145.0904519, -37.6815267 ], [ 145.103654799999987, -37.6831635 ], [ 145.099647899999979, -37.6894548 ], [ 145.0686581, -37.686081699999988 ], [ 145.0676962, -37.6868461 ], [ 145.0882181, -37.6910628 ], [ 145.0921286, -37.695234 ], [ 145.1437094, -37.682611 ], [ 145.140362399999987, -37.7012497 ], [ 145.128028, -37.702289499999985 ], [ 145.1377942, -37.7179514 ], [ 145.1356769, -37.7409004 ], [ 145.1377446, -37.7382558 ], [ 145.1499772, -37.7384066 ], [ 145.1546104, -37.733981 ], [ 145.162427899999983, -37.7377166 ], [ 145.1650219, -37.7342505 ], [ 145.1761324, -37.7349043 ], [ 145.1777204, -37.7384025 ], [ 145.1817993, -37.7297444 ], [ 145.1939505, -37.7318292 ], [ 145.1918796, -37.7379883 ], [ 145.197433499999988, -37.7413383 ], [ 145.201637299999987, -37.7303491 ], [ 145.2119861, -37.729628 ], [ 145.215364099999988, -37.7319161 ], [ 145.2113972, -37.7357462 ], [ 145.202484400000031, -37.7374943 ], [ 145.2054206, -37.7417277 ], [ 145.220215, -37.7361242 ], [ 145.2299079, -37.738715 ], [ 145.228875800000026, -37.7316249 ], [ 145.2362647, -37.7314678 ], [ 145.242279699999983, -37.7360047 ], [ 145.2422695, -37.7280787 ], [ 145.23660959999998, -37.727051699999983 ], [ 145.2349305, -37.720783599999983 ], [ 145.2424925, -37.7254156 ], [ 145.2432383, -37.7189395 ], [ 145.2486733, -37.7207195 ], [ 145.256014099999987, -37.7142673 ], [ 145.25481, -37.7100563 ], [ 145.2682399, -37.7074671 ], [ 145.270420799999982, -37.705535100000013 ], [ 145.26779879999998, -37.703313099999988 ], [ 145.2723327, -37.7038151 ], [ 145.2757748, -37.710044100000012 ], [ 145.2727309, -37.716038199999979 ], [ 145.279153799999989, -37.7132561 ], [ 145.2839568, -37.7186382 ], [ 145.2869737, -37.714917099999987 ], [ 145.2827356, -37.708552 ], [ 145.2862819, -37.703499299999983 ], [ 145.2923174, -37.70243 ], [ 145.2891056, -37.708876 ], [ 145.2931715, -37.709352 ], [ 145.2916196, -37.7116861 ], [ 145.2994755, -37.7128121 ], [ 145.3026955, -37.7166971 ], [ 145.3118273, -37.7159221 ], [ 145.3141702, -37.706631 ], [ 145.322142099999979, -37.7071619 ], [ 145.314923099999987, -37.6996089 ], [ 145.318986, -37.6967278 ], [ 145.3170601, -37.6919898 ], [ 145.3265829, -37.688955699999987 ], [ 145.331036899999987, -37.6921487 ], [ 145.335604499999988, -37.6820774 ], [ 145.3303717, -37.6719206 ], [ 145.3355278, -37.6623508 ], [ 145.345792099999983, -37.6557243 ], [ 145.347800899999982, -37.6486622 ], [ 145.353889700000025, -37.643897099999982 ], [ 145.3584459, -37.6274739 ], [ 145.3578359, -37.618660499999983 ], [ 145.3525789, -37.6153932 ], [ 145.3562609, -37.6138422 ], [ 145.354975699999983, -37.6006911 ], [ 145.3664177, -37.5451128 ], [ 145.3478687, -37.5412485 ], [ 145.3473788, -37.5441215 ], [ 145.3413448, -37.5434586 ], [ 145.338808699999987, -37.5401926 ], [ 145.3325998, -37.5395866 ], [ 145.333811699999984, -37.5325985 ], [ 145.328013699999985, -37.5319466 ], [ 145.3285096, -37.5291195 ], [ 145.3124209, -37.5246266 ], [ 145.314636799999988, -37.5229816 ], [ 145.304779, -37.5219347 ], [ 145.313836800000018, -37.5155466 ], [ 145.2970689, -37.5136817 ], [ 145.298009899999983, -37.5083157 ], [ 145.2928469, -37.5068667 ], [ 145.2943948, -37.4985686 ], [ 145.2763109, -37.496475699999984 ], [ 145.2754889, -37.5009728 ], [ 145.2644702, -37.5013289 ], [ 145.2624485, -37.511888 ], [ 145.251700699999986, -37.5106311 ], [ 145.2567162, -37.4919677 ], [ 145.2393247, -37.4877259 ], [ 145.235597499999983, -37.5035428 ], [ 145.231195899999989, -37.5029488 ], [ 145.2263495, -37.508687599999988 ], [ 145.23548, -37.5100846 ], [ 145.2344295, -37.5172383 ], [ 145.226685799999984, -37.5159091 ], [ 145.2284272, -37.5213958 ], [ 145.2117466, -37.5193685 ], [ 145.2107427, -37.5252195 ], [ 145.196746, -37.5237097 ], [ 145.194013399999989, -37.5304504 ], [ 145.20679389999998, -37.5319056 ], [ 145.2055191, -37.5392027 ], [ 145.1799239, -37.536425699999988 ], [ 145.166937599999983, -37.5482191 ], [ 145.168892500000027, -37.5513115 ], [ 145.1649951, -37.5579931 ], [ 145.1444428, -37.570285 ], [ 145.1357697, -37.6199177 ], [ 145.128661699999981, -37.6191812 ], [ 145.1280099, -37.6229598 ], [ 145.122486899999984, -37.6225338 ], [ 145.122439, -37.6267048 ], [ 145.1087503, -37.6311998 ], [ 145.1114643, -37.6327838 ], [ 145.108901399999979, -37.6333109 ], [ 145.109664399999986, -37.6389559 ], [ 145.1015605, -37.640321 ], [ 145.1046485, -37.640551 ], [ 145.1044195, -37.64691 ], [ 145.107693499999982, -37.6487381 ], [ 145.1032875, -37.6503891 ], [ 145.1075726, -37.653495200000016 ], [ 145.1024696, -37.6527011 ], [ 145.1019316, -37.6546842 ], [ 145.1078047, -37.6582212 ], [ 145.1035047, -37.6570342 ], [ 145.10370469999998, -37.6612213 ], [ 145.096640799999989, -37.6647824 ], [ 145.0950608, -37.6618554 ], [ 145.0904438, -37.6632854 ], [ 145.0920179, -37.6673395 ], [ 145.0838999, -37.6691275 ], [ 145.089074899999986, -37.6742136 ], [ 145.0857059, -37.6742936 ], [ 145.086596, -37.6775797 ], [ 145.083499, -37.6767807 ], [ 145.085247, -37.6810907 ], [ 145.091369, -37.6793787 ], [ 145.0904519, -37.6815267 ] ] ] } },
{ "type": "Feature", "properties": { "lga_code": "25810", "lga_name": "Northern Grampians", "area_sqkm": 5729.8765 }, "geometry": { "type": "Polygon", "coordinates": [ [ [ 142.8164078, -36.5942415 ], [ 142.804491399999989, -36.613288499999989 ], [ 142.80646059999998, -36.6149715 ], [ 142.794669199999987, -36.6394981 ], [ 142.763869, -36.656719099999982 ], [ 142.7141034, -36.7210185 ], [ 142.711928199999988, -36.7357622 ], [ 142.73155, -36.7613546 ], [ 142.4712039, -36.7614816 ], [ 142.471349799999984, -36.767948 ], [ 142.4803618, -36.7720361 ], [ 142.4789154, -36.7792448 ], [ 142.483158299999985, -36.7927462 ], [ 142.4903764, -36.7933125 ], [ 142.4891858, -36.796234700000014 ], [ 142.495417799999984, -36.7981239 ], [ 142.5031621, -36.8088731 ], [ 142.5098559, -36.811131 ], [ 142.508333099999987, -36.82252 ], [ 142.517457300000018, -36.830308 ], [ 142.520367599999986, -36.8381027 ], [ 142.5278743, -36.8400637 ], [ 142.5349587, -36.852695200000014 ], [ 142.548041499999982, -36.857759 ], [ 142.5498221, -36.8633424 ], [ 142.557242699999989, -36.869972 ], [ 142.5662834, -36.871603 ], [ 142.571242400000017, -36.879379899999989 ], [ 142.559447399999982, -36.8795807 ], [ 142.55940529999998, -36.9427223 ], [ 142.5392096, -36.949257 ], [ 142.5119389, -36.949191 ], [ 142.511870499999986, -36.9398736 ], [ 142.49780389999998, -36.942009299999988 ], [ 142.498117399999984, -36.9166356 ], [ 142.511301700000018, -36.9154656 ], [ 142.5054704, -36.9110486 ], [ 142.507286599999986, -36.9067244 ], [ 142.493389899999983, -36.9066909 ], [ 142.493351, -36.897661899999989 ], [ 142.4801977, -36.8976623 ], [ 142.480376299999989, -36.916769 ], [ 142.455823200000026, -36.916699799999982 ], [ 142.4558772, -36.8976594 ], [ 142.4494843, -36.8976578 ], [ 142.449485399999986, -36.8748465 ], [ 142.4416788, -36.8688134 ], [ 142.431486399999983, -36.8687157 ], [ 142.431514599999986, -36.8889159 ], [ 142.423779599999989, -36.880393399999988 ], [ 142.402834399999989, -36.8732867 ], [ 142.3979903, -36.8688742 ], [ 142.3773108, -36.8689667 ], [ 142.3772496, -36.8761983 ], [ 142.382349399999981, -36.8810528 ], [ 142.3670879, -36.8793613 ], [ 142.358413, -36.881013500000016 ], [ 142.3583956, -36.8850071 ], [ 142.3527573, -36.884996599999987 ], [ 142.352685, -36.8967486 ], [ 142.3581213, -36.8967721 ], [ 142.358155499999981, -36.888622799999979 ], [ 142.368329499999987, -36.8917818 ], [ 142.374103599999984, -36.890256799999989 ], [ 142.374040899999983, -36.9034096 ], [ 142.3583175, -36.9033382 ], [ 142.3580819, -36.9265503 ], [ 142.3751144, -36.9270511 ], [ 142.374225199999984, -36.947623 ], [ 142.3787227, -36.9477103 ], [ 142.3758848, -36.965685199999989 ], [ 142.3582405, -36.9656537 ], [ 142.358256, -36.9731236 ], [ 142.3946927, -36.9732448 ], [ 142.394664899999981, -36.978360299999984 ], [ 142.380572699999988, -36.9783057 ], [ 142.3754521, -36.9828448 ], [ 142.351515299999988, -36.980301399999988 ], [ 142.351488, -36.991272 ], [ 142.3400007, -36.9913004 ], [ 142.3399378, -37.0032197 ], [ 142.346645599999988, -37.003206899999981 ], [ 142.346903, -37.013746 ], [ 142.338696100000021, -37.0138803 ], [ 142.336384899999985, -37.011232199999981 ], [ 142.3350418, -37.0190388 ], [ 142.360883299999983, -37.021437 ], [ 142.361417099999983, -37.0144097 ], [ 142.3683796, -37.014307399999986 ], [ 142.368416599999989, -37.0090147 ], [ 142.3805123, -37.0091088 ], [ 142.3804795, -37.0153805 ], [ 142.404957699999983, -37.0162962 ], [ 142.405097399999988, -37.021348 ], [ 142.411003199999982, -37.0213636 ], [ 142.4109412, -37.0345731 ], [ 142.3959242, -37.0285091 ], [ 142.39580429999998, -37.0430253 ], [ 142.3910524, -37.0430518 ], [ 142.3910444, -37.0462574 ], [ 142.406821799999989, -37.046003 ], [ 142.4069251, -37.0583229 ], [ 142.374570799999987, -37.0585618 ], [ 142.344707699999987, -37.0816044 ], [ 142.3330531, -37.071987600000014 ], [ 142.3151446, -37.0859597 ], [ 142.3083514, -37.0859561 ], [ 142.308196899999984, -37.0984584 ], [ 142.300246, -37.0984627 ], [ 142.2884282, -37.0887322 ], [ 142.2760194, -37.098343899999989 ], [ 142.271170899999987, -37.1073836 ], [ 142.2351306, -37.1071566 ], [ 142.2347835, -37.1381687 ], [ 142.2405565, -37.1421167 ], [ 142.241023499999983, -37.1499117 ], [ 142.25915759999998, -37.1572058 ], [ 142.2753166, -37.1698006 ], [ 142.328764299999989, -37.199191 ], [ 142.355714299999988, -37.2192398 ], [ 142.358833299999986, -37.2254958 ], [ 142.3920267, -37.2317715 ], [ 142.4034668, -37.2373724 ], [ 142.423096099999981, -37.260083300000019 ], [ 142.4551347, -37.26543 ], [ 142.4656307, -37.281584 ], [ 142.512515, -37.2938526 ], [ 142.59893839999998, -37.2928935 ], [ 142.595436399999983, -37.2888656 ], [ 142.5922395, -37.2906256 ], [ 142.5941374, -37.286681599999987 ], [ 142.5879615, -37.284636699999986 ], [ 142.580802399999982, -37.2726547 ], [ 142.5825203, -37.2689146 ], [ 142.5970409, -37.2621864 ], [ 142.5929909, -37.257700399999983 ], [ 142.5969158, -37.2554003 ], [ 142.5930478, -37.2405493 ], [ 142.595452699999981, -37.2358883 ], [ 142.601251499999989, -37.2341031 ], [ 142.598225499999984, -37.224398099999988 ], [ 142.5427798, -37.1574047 ], [ 142.7170889, -37.1572864 ], [ 142.717052599999988, -37.1428782 ], [ 142.735013899999984, -37.1427671 ], [ 142.7404515, -37.148326099999984 ], [ 142.7505263, -37.1472271 ], [ 142.7564313, -37.1508631 ], [ 142.758490199999983, -37.144964 ], [ 142.7648533, -37.1418981 ], [ 142.7687455, -37.1428339 ], [ 142.768455, -37.1544027 ], [ 142.7817686, -37.1576622 ], [ 142.7836618, -37.1688738 ], [ 142.8239075, -37.1716597 ], [ 142.8233684, -37.1744231 ], [ 142.8316553, -37.175463 ], [ 142.8378909, -37.1916275 ], [ 142.8767191, -37.1953448 ], [ 142.8763281, -37.1974079 ], [ 142.883432, -37.1996658 ], [ 142.953980299999984, -37.2077651 ], [ 142.957702499999982, -37.17109 ], [ 142.9604845, -37.17138 ], [ 142.9612884, -37.1670249 ], [ 142.970430199999981, -37.1673118 ], [ 142.9726134, -37.174778799999977 ], [ 142.9945351, -37.1773347 ], [ 142.99352829999998, -37.183058699999989 ], [ 143.0489163, -37.1897367 ], [ 143.049358, -37.186018499999989 ], [ 143.0591, -37.1871879 ], [ 143.0669446, -37.1473547 ], [ 143.0796485, -37.150555699999984 ], [ 143.0837214, -37.148645699999989 ], [ 143.090438399999982, -37.1552187 ], [ 143.0955366, -37.155558400000011 ], [ 143.097688, -37.1426197 ], [ 143.086165099999988, -37.124789899999989 ], [ 143.1011451, -37.1012429 ], [ 143.0989059, -37.072275499999989 ], [ 143.094657, -37.0628268 ], [ 143.100989199999987, -37.053021499999986 ], [ 143.092685599999982, -37.046416 ], [ 143.092622100000028, -37.0389003 ], [ 143.0990352, -37.0220541 ], [ 143.0989693, -37.011331299999988 ], [ 143.102686399999982, -37.0105212 ], [ 143.10270269999998, -37.001503499999984 ], [ 143.0990218, -37.0014859 ], [ 143.0871321, -36.9894391 ], [ 143.0870897, -36.9772244 ], [ 143.1052027, -36.9787715 ], [ 143.1040338, -36.9734319 ], [ 143.0912385, -36.9678564 ], [ 143.0899188, -36.9629195 ], [ 143.095723, -36.9631079 ], [ 143.106992, -36.9043789 ], [ 143.124396099999984, -36.9063244 ], [ 143.126143, -36.8986595 ], [ 143.1805439, -36.9048521 ], [ 143.1817063, -36.8976505 ], [ 143.213499899999988, -36.9010443 ], [ 143.2125804, -36.9068659 ], [ 143.2428281, -36.9099152 ], [ 143.239293, -36.9018162 ], [ 143.3464783, -36.9160976 ], [ 143.3468892, -36.9138086 ], [ 143.353424, -36.9145785 ], [ 143.3517783, -36.923681599999988 ], [ 143.3740841, -36.926222199999984 ], [ 143.372764, -36.9339623 ], [ 143.394656699999985, -36.934065 ], [ 143.409724499999982, -36.9277418 ], [ 143.4719821, -36.9368153 ], [ 143.4667512, -36.9305848 ], [ 143.467387, -36.9114698 ], [ 143.474219399999981, -36.9100941 ], [ 143.4754974, -36.9058233 ], [ 143.484923, -36.9004001 ], [ 143.4820153, -36.8950313 ], [ 143.48821049999998, -36.8883107 ], [ 143.4960275, -36.890848 ], [ 143.507906099999985, -36.8787583 ], [ 143.510232799999983, -36.848814399999988 ], [ 143.5006316, -36.838623100000014 ], [ 143.498747300000019, -36.821967 ], [ 143.5077765, -36.8102495 ], [ 143.5017785, -36.803894799999988 ], [ 143.5005635, -36.7970354 ], [ 143.4900504, -36.7893298 ], [ 143.486673599999989, -36.7776281 ], [ 143.4775639, -36.7706486 ], [ 143.4798783, -36.7677099 ], [ 143.465750499999984, -36.7599755 ], [ 143.459586799999983, -36.7465763 ], [ 143.466466699999984, -36.7384122 ], [ 143.4606057, -36.7327672 ], [ 143.4629846, -36.7286232 ], [ 143.4704965, -36.7234111 ], [ 143.468282499999987, -36.721731099999985 ], [ 143.4739295, -36.717657 ], [ 143.4749095, -36.710914899999985 ], [ 143.4877463, -36.7039867 ], [ 143.4886813, -36.6915906 ], [ 143.4966312, -36.6874555 ], [ 143.4947962, -36.6813615 ], [ 143.5011951, -36.6752955 ], [ 143.499001199999981, -36.672557499999989 ], [ 143.5021543, -36.6579826 ], [ 143.498017299999987, -36.6579046 ], [ 143.4988313, -36.6520576 ], [ 143.4937444, -36.6496006 ], [ 143.491734399999984, -36.6408795 ], [ 143.4869445, -36.638626599999988 ], [ 143.4895185, -36.6347626 ], [ 143.4848806, -36.628598599999982 ], [ 143.4862535, -36.6256486 ], [ 143.477250699999985, -36.6261696 ], [ 143.4639718, -36.617873599999989 ], [ 143.452043, -36.6216327 ], [ 143.450953, -36.6246637 ], [ 143.4479541, -36.6184427 ], [ 143.4429251, -36.6178297 ], [ 143.442420199999987, -36.6136787 ], [ 143.4383772, -36.6144168 ], [ 143.4410962, -36.6103967 ], [ 143.436534199999983, -36.6083497 ], [ 143.4398511, -36.6060287 ], [ 143.4350562, -36.6036757 ], [ 143.4404251, -36.5985976 ], [ 143.4366742, -36.5956846 ], [ 143.4397602, -36.591711600000018 ], [ 143.4285674, -36.5774986 ], [ 143.430789299999986, -36.5735196 ], [ 143.4262104, -36.5630466 ], [ 143.4192615, -36.5609496 ], [ 143.4212435, -36.5571096 ], [ 143.400518799999986, -36.5515837 ], [ 143.390746, -36.5420687 ], [ 143.386158099999989, -36.5417988 ], [ 143.386325, -36.536962699999989 ], [ 143.3791261, -36.5384868 ], [ 143.3772241, -36.5341458 ], [ 143.3488834, -36.5176068 ], [ 143.3526182, -36.5142958 ], [ 143.333786600000025, -36.5122738 ], [ 143.328593499999982, -36.4997508 ], [ 143.324502599999988, -36.4991118 ], [ 143.327187399999985, -36.493865700000015 ], [ 143.3162864, -36.483206699999982 ], [ 143.318004299999984, -36.4787706 ], [ 143.3104386, -36.470517600000015 ], [ 143.309051899999986, -36.4553031 ], [ 143.3049025, -36.454795 ], [ 143.302494100000018, -36.4407087 ], [ 143.2983257, -36.4398767 ], [ 143.300347, -36.436139499999989 ], [ 143.2917658, -36.4351489 ], [ 143.2927838, -36.422038299999976 ], [ 143.288319799999982, -36.419602499999989 ], [ 143.291906899999987, -36.417852599999982 ], [ 143.2902109, -36.4123168 ], [ 143.293134499999979, -36.4109788 ], [ 143.2856209, -36.406674599999988 ], [ 143.2383673, -36.4053821 ], [ 143.2383753, -36.409464 ], [ 143.1473939, -36.4097353 ], [ 143.1390858, -36.413009 ], [ 143.133125, -36.449402 ], [ 143.072619799999984, -36.4429165 ], [ 143.0636615, -36.4452346 ], [ 143.0448965, -36.4431637 ], [ 143.0593696, -36.4618932 ], [ 143.0557473, -36.4639988 ], [ 143.05744, -36.468202 ], [ 143.053004800000025, -36.4681178 ], [ 143.0514518, -36.4773195 ], [ 143.021222900000026, -36.4739879 ], [ 143.019843, -36.4827243 ], [ 142.82298179999998, -36.4624875 ], [ 142.8167408, -36.459558199999989 ], [ 142.7986565, -36.4595487 ], [ 142.79861, -36.4732561 ], [ 142.789382, -36.4732592 ], [ 142.7894331, -36.4959013 ], [ 142.7319087, -36.497724 ], [ 142.731701, -36.5508112 ], [ 142.7651937, -36.56153 ], [ 142.7829386, -36.5720549 ], [ 142.8163768, -36.5723153 ], [ 142.8164078, -36.5942415 ] ] ] } },
{ "type": "Feature", "properties": { "lga_code": "25900", "lga_name": "Port Phillip", "area_sqkm": 20.6141 }, "geometry": { "type": "Polygon", "coordinates": [ [ [ 144.9833276, -37.8556438 ], [ 144.9713274, -37.8298819 ], [ 144.965851, -37.831469 ], [ 144.9617237, -37.8280674 ], [ 144.936803, -37.8258034 ], [ 144.9234232, -37.8281005 ], [ 144.9132775, -37.8340248 ], [ 144.9132, -37.8422708 ], [ 144.9269184, -37.8400217 ], [ 144.925245499999988, -37.8449747 ], [ 144.9271707, -37.841314 ], [ 144.930736, -37.8422967 ], [ 144.9300134, -37.847352699999988 ], [ 144.935598199999987, -37.8425346 ], [ 144.9689229, -37.8592898 ], [ 144.9756128, -37.870247899999988 ], [ 144.973119199999985, -37.8724745 ], [ 144.9773188, -37.8786709 ], [ 144.9756644, -37.882107499999989 ], [ 144.9849959, -37.890989399999988 ], [ 144.9906777, -37.891723499999983 ], [ 144.9922702, -37.8832604 ], [ 144.9970151, -37.883801 ], [ 145.0000416, -37.8664419 ], [ 145.0091717, -37.8675831 ], [ 145.0105275, -37.8602121 ], [ 144.9833276, -37.8556438 ] ] ] } },
{ "type": "Feature", "properties": { "lga_code": "25990", "lga_name": "Pyrenees", "area_sqkm": 3434.5687 }, "geometry": { "type": "Polygon", "coordinates": [ [ [ 143.202434899999986, -37.161118 ], [ 143.224419499999982, -37.1535428 ], [ 143.231409499999984, -37.1584126 ], [ 143.2338378, -37.167961499999983 ], [ 143.2385898, -37.171654499999981 ], [ 143.2428701, -37.1739187 ], [ 143.2490819, -37.1720854 ], [ 143.2529145, -37.1771619 ], [ 143.263766, -37.1817102 ], [ 143.2708419, -37.1965508 ], [ 143.2671997, -37.2024097 ], [ 143.2717034, -37.2166501 ], [ 143.2823133, -37.2264678 ], [ 143.285838399999989, -37.2347229 ], [ 143.2836949, -37.2601271 ], [ 143.290798199999983, -37.282119 ], [ 143.2846882, -37.286717 ], [ 143.2796022, -37.286721 ], [ 143.2579872, -37.279796 ], [ 143.234808499999986, -37.285621 ], [ 143.2266318, -37.2910502 ], [ 143.231935, -37.3038991 ], [ 143.2256233, -37.3153712 ], [ 143.2216814, -37.3154163 ], [ 143.2215842, -37.3101223 ], [ 143.2138814, -37.3101773 ], [ 143.213893399999989, -37.312866299999982 ], [ 143.203995599999985, -37.3147164 ], [ 143.1943478, -37.320981599999989 ], [ 143.201557799999989, -37.3243665 ], [ 143.201731599999988, -37.3565578 ], [ 143.231464, -37.3565089 ], [ 143.2486193, -37.3620857 ], [ 143.236547299999984, -37.3842834 ], [ 143.251195199999984, -37.3884418 ], [ 143.251014, -37.3928096 ], [ 143.244110299999988, -37.4024454 ], [ 143.222874, -37.413137899999988 ], [ 143.2189042, -37.4202979 ], [ 143.2132709, -37.4211558 ], [ 143.2068802, -37.4286072 ], [ 143.1973002, -37.4263066 ], [ 143.179336299999989, -37.524538199999988 ], [ 143.1930137, -37.526440099999981 ], [ 143.183724399999988, -37.5331781 ], [ 143.1697189, -37.5608333 ], [ 143.1565162, -37.5686845 ], [ 143.1390907, -37.5870428 ], [ 143.1345221, -37.6002269 ], [ 143.1164487, -37.6204761 ], [ 143.1084823, -37.638015699999983 ], [ 143.0898066, -37.6513846 ], [ 143.0789091, -37.672315899999987 ], [ 143.074340799999987, -37.7031221 ], [ 143.0608963, -37.7182024 ], [ 143.1847679, -37.7308591 ], [ 143.1891229, -37.7346621 ], [ 143.1952258, -37.733682 ], [ 143.2008768, -37.73654 ], [ 143.215276599999981, -37.7344648 ], [ 143.2173426, -37.7380148 ], [ 143.2248635, -37.7370437 ], [ 143.22628659999998, -37.7446458 ], [ 143.231892599999981, -37.7464237 ], [ 143.2346135, -37.7437367 ], [ 143.231702500000011, -37.7422787 ], [ 143.23728939999998, -37.7418276 ], [ 143.2419085, -37.7467046 ], [ 143.245911399999983, -37.742544499999987 ], [ 143.2485723, -37.7435275 ], [ 143.2489663, -37.7381825 ], [ 143.2561231, -37.7347684 ], [ 143.2548401, -37.7322097 ], [ 143.267104, -37.7334822 ], [ 143.263609299999985, -37.7386947 ], [ 143.2708912, -37.74565530000001 ], [ 143.271950299999986, -37.7533533 ], [ 143.2772233, -37.7560613 ], [ 143.2825722, -37.7541572 ], [ 143.2847702, -37.7574372 ], [ 143.3024929, -37.7536729 ], [ 143.3039669, -37.756612899999986 ], [ 143.3073848, -37.7483689 ], [ 143.3156797, -37.748195800000012 ], [ 143.3158226, -37.7448998 ], [ 143.322806499999984, -37.7433657 ], [ 143.321715499999982, -37.7379897 ], [ 143.3175506, -37.738506699999988 ], [ 143.3160866, -37.7352497 ], [ 143.325168400000024, -37.7361626 ], [ 143.3206965, -37.7347597 ], [ 143.3182694, -37.7278256 ], [ 143.32285539999998, -37.7284196 ], [ 143.3273302, -37.7195215 ], [ 143.321835199999981, -37.7170425 ], [ 143.326616199999989, -37.714679399999987 ], [ 143.320527199999987, -37.7119395 ], [ 143.327015099999983, -37.7101094 ], [ 143.330617099999984, -37.7125534 ], [ 143.332993, -37.708735299999987 ], [ 143.339141, -37.7108463 ], [ 143.342420900000036, -37.7084902 ], [ 143.3393309, -37.702984199999982 ], [ 143.342283899999984, -37.7012822 ], [ 143.340552799999983, -37.6989412 ], [ 143.3433758, -37.6991552 ], [ 143.3401699, -37.6950962 ], [ 143.3513806, -37.686605 ], [ 143.353873199999981, -37.6703623 ], [ 143.3728821, -37.6723137 ], [ 143.379816, -37.6683636 ], [ 143.385369, -37.6701836 ], [ 143.398574699999983, -37.6680355 ], [ 143.403339700000032, -37.6688914 ], [ 143.404772700000024, -37.6728224 ], [ 143.4123036, -37.6731164 ], [ 143.4262833, -37.6680722 ], [ 143.4315593, -37.6715251 ], [ 143.446401, -37.6695639 ], [ 143.4553828, -37.6597278 ], [ 143.4584068, -37.6616518 ], [ 143.4674676, -37.6601015 ], [ 143.4643345, -37.6573686 ], [ 143.4660045, -37.6538865 ], [ 143.4811015, -37.6523285 ], [ 143.4762422, -37.6500628 ], [ 143.48294, -37.6459629 ], [ 143.4897274, -37.6467976 ], [ 143.487913099999986, -37.6551156 ], [ 143.4998755, -37.6567832 ], [ 143.4948326, -37.6608653 ], [ 143.5357837, -37.6666913 ], [ 143.5333584, -37.6643387 ], [ 143.5365444, -37.6482983 ], [ 143.5866427, -37.6537112 ], [ 143.5953093, -37.6442949 ], [ 143.6419707, -37.650290200000015 ], [ 143.6422188, -37.6462155 ], [ 143.6516475, -37.647039600000014 ], [ 143.6526357, -37.6241749 ], [ 143.668565, -37.5384294 ], [ 143.6488197, -37.536208200000011 ], [ 143.6494597, -37.5330333 ], [ 143.6324359, -37.5326444 ], [ 143.6220399, -37.5251385 ], [ 143.6060573, -37.5349116 ], [ 143.5950048, -37.5272541 ], [ 143.6132737, -37.5008201 ], [ 143.6202768, -37.4737822 ], [ 143.6215029, -37.4677076 ], [ 143.609244099999984, -37.4671292 ], [ 143.6200158, -37.464948499999977 ], [ 143.622843499999988, -37.4515925 ], [ 143.619850499999984, -37.447851599999986 ], [ 143.62988439999998, -37.4111663 ], [ 143.6269973, -37.4066946 ], [ 143.6283192, -37.4007925 ], [ 143.6322194, -37.399754399999978 ], [ 143.6656108, -37.2343061 ], [ 143.6364059, -37.2308204 ], [ 143.6406456, -37.208298 ], [ 143.582290299999983, -37.2017202 ], [ 143.585418, -37.184539799999982 ], [ 143.5509595, -37.1804684 ], [ 143.5498284, -37.176194699999989 ], [ 143.5534486, -37.1707866 ], [ 143.551920699999982, -37.1587304 ], [ 143.570617699999985, -37.1501117 ], [ 143.5741007, -37.142563 ], [ 143.5805321, -37.1393106 ], [ 143.5829502, -37.131924 ], [ 143.578125799999981, -37.1151159 ], [ 143.573511699999983, -37.1130382 ], [ 143.570551099999989, -37.1162385 ], [ 143.567375199999987, -37.1129578 ], [ 143.562728599999986, -37.1165108 ], [ 143.5608689, -37.0979163 ], [ 143.565274599999981, -37.095640799999984 ], [ 143.5520205, -37.0941385 ], [ 143.5625317, -37.033604099999984 ], [ 143.5756941, -37.0318308 ], [ 143.5797527, -37.0094097 ], [ 143.5920773, -37.0108247 ], [ 143.5941815, -36.9986026 ], [ 143.6020299, -36.9995006 ], [ 143.603665299999989, -36.989919199999981 ], [ 143.575801, -36.9815165 ], [ 143.577553099999989, -36.9716767 ], [ 143.5746821, -36.968991300000013 ], [ 143.5935288, -36.956167799999989 ], [ 143.5819606, -36.9451041 ], [ 143.577238099999988, -36.9483858 ], [ 143.5434103, -36.943959299999989 ], [ 143.54246, -36.9492168 ], [ 143.506482299999988, -36.9453527 ], [ 143.506958199999985, -36.9427349 ], [ 143.409724499999982, -36.9277418 ], [ 143.394656699999985, -36.934065 ], [ 143.372764, -36.9339623 ], [ 143.3740841, -36.926222199999984 ], [ 143.3517783, -36.923681599999988 ], [ 143.353424, -36.9145785 ], [ 143.3468892, -36.9138086 ], [ 143.3464783, -36.9160976 ], [ 143.239293, -36.9018162 ], [ 143.2428281, -36.9099152 ], [ 143.2125804, -36.9068659 ], [ 143.213499899999988, -36.9010443 ], [ 143.1817063, -36.8976505 ], [ 143.1805439, -36.9048521 ], [ 143.126143, -36.8986595 ], [ 143.124396099999984, -36.9063244 ], [ 143.106992, -36.9043789 ], [ 143.095723, -36.9631079 ], [ 143.0899188, -36.9629195 ], [ 143.0912385, -36.9678564 ], [ 143.1040338, -36.9734319 ], [ 143.1052027, -36.9787715 ], [ 143.0870897, -36.9772244 ], [ 143.0871321, -36.9894391 ], [ 143.0990218, -37.0014859 ], [ 143.10270269999998, -37.001503499999984 ], [ 143.102686399999982, -37.0105212 ], [ 143.0989693, -37.011331299999988 ], [ 143.0990352, -37.0220541 ], [ 143.092622100000028, -37.0389003 ], [ 143.092685599999982, -37.046416 ], [ 143.100989199999987, -37.053021499999986 ], [ 143.094657, -37.0628268 ], [ 143.0989059, -37.072275499999989 ], [ 143.1011451, -37.1012429 ], [ 143.086165099999988, -37.124789899999989 ], [ 143.097688, -37.1426197 ], [ 143.0955366, -37.155558400000011 ], [ 143.1134916, -37.1575549 ], [ 143.1276054, -37.1733591 ], [ 143.1371821, -37.1743745 ], [ 143.1382619, -37.1711335 ], [ 143.150338299999987, -37.1707056 ], [ 143.156884599999984, -37.176916799999987 ], [ 143.1652096, -37.1756984 ], [ 143.1688743, -37.1840299 ], [ 143.1817297, -37.188609299999989 ], [ 143.1914232, -37.1814366 ], [ 143.1908793, -37.178487699999984 ], [ 143.195872300000019, -37.1777451 ], [ 143.191700199999985, -37.1724461 ], [ 143.1932181, -37.170135099999989 ], [ 143.1976961, -37.1711571 ], [ 143.19860509999998, -37.1665951 ], [ 143.2031629, -37.1648812 ], [ 143.202434899999986, -37.161118 ] ] ] } },
{ "type": "Feature", "properties": { "lga_code": "26080", "lga_name": "Queenscliffe", "area_sqkm": 8.6166 }, "geometry": { "type": "MultiPolygon", "coordinates": [ [ [ [ 144.685072, -38.2454671 ], [ 144.687331699999987, -38.244837299999986 ], [ 144.684193, -38.2445576 ], [ 144.685072, -38.2454671 ] ] ], [ [ [ 144.638506, -38.266638799999988 ], [ 144.63851889999998, -38.2674418 ], [ 144.6389389, -38.2673568 ], [ 144.638506, -38.266638799999988 ] ] ], [ [ [ 144.626092, -38.2575058 ], [ 144.600750799999986, -38.2878247 ], [ 144.6138852, -38.2922397 ], [ 144.614878, -38.2834598 ], [ 144.6201788, -38.2758995 ], [ 144.644281399999983, -38.2717313 ], [ 144.659782299999989, -38.273899199999988 ], [ 144.6641741, -38.267569 ], [ 144.6722519, -38.2652548 ], [ 144.666771, -38.262227 ], [ 144.6423864, -38.2697402 ], [ 144.63329360000003, -38.269833299999988 ], [ 144.6370274, -38.2660872 ], [ 144.626092, -38.2575058 ] ] ], [ [ [ 144.667626, -38.262228 ], [ 144.671916, -38.264349 ], [ 144.672986899999984, -38.262894899999985 ], [ 144.67047, -38.2597689 ], [ 144.669874, -38.262913 ], [ 144.667678, -38.262096 ], [ 144.669756, -38.2579279 ], [ 144.66785489999998, -38.2550029 ], [ 144.67248189999998, -38.2551998 ], [ 144.670816, -38.257436899999988 ], [ 144.6888648, -38.2515489 ], [ 144.6979445, -38.2480896 ], [ 144.7020154, -38.2431155 ], [ 144.6897199, -38.242801799999988 ], [ 144.689349599999986, -38.2467256 ], [ 144.678833699999984, -38.2506177 ], [ 144.68117860000001, -38.2402306 ], [ 144.678083599999979, -38.2378766 ], [ 144.663191, -38.2518629 ], [ 144.6676419, -38.2559369 ], [ 144.667626, -38.262228 ] ] ], [ [ [ 144.664541, -38.260034899999987 ], [ 144.66629, -38.2570919 ], [ 144.6619251, -38.2588619 ], [ 144.664541, -38.260034899999987 ] ] ] ] } },
{ "type": "Feature", "properties": { "lga_code": "26170", "lga_name": "South Gippsland", "area_sqkm": 3296.3307 }, "geometry": { "type": "Polygon", "coordinates": [ [ [ 145.697860099999986, -38.3934224 ], [ 145.6857671, -38.4571507 ], [ 145.688707699999981, -38.4575039 ], [ 145.6883707, -38.464446899999984 ], [ 145.6762987, -38.463468899999981 ], [ 145.6738427, -38.4806369 ], [ 145.677336699999984, -38.4889659 ], [ 145.6957957, -38.5021549 ], [ 145.6945757, -38.5057389 ], [ 145.7008237, -38.515912899999982 ], [ 145.6986967, -38.5362459 ], [ 145.7183987, -38.5382099 ], [ 145.721058699999986, -38.5244229 ], [ 145.7302717, -38.5254379 ], [ 145.7286287, -38.5351459 ], [ 145.761932699999988, -38.5384559 ], [ 145.7571537, -38.566211899999985 ], [ 145.775713699999983, -38.5679219 ], [ 145.7640247, -38.5998389 ], [ 145.768191699999988, -38.6039869 ], [ 145.816475699999984, -38.5835149 ], [ 145.808078699999982, -38.6264689 ], [ 145.8146797, -38.6272239 ], [ 145.814968199999981, -38.6360436 ], [ 145.8183535, -38.636441 ], [ 145.814644, -38.6387472 ], [ 145.817816, -38.6415713 ], [ 145.8166118, -38.6475015 ], [ 145.7460707, -38.6433039 ], [ 145.729501699999986, -38.6450969 ], [ 145.7302302, -38.6475138 ], [ 145.762718899999982, -38.6649107 ], [ 145.793329699999987, -38.687816499999975 ], [ 145.833109399999984, -38.7287957 ], [ 145.869532199999981, -38.7761351 ], [ 145.8866735, -38.8140979 ], [ 145.8942812, -38.8228876 ], [ 145.8991044, -38.846791 ], [ 145.9033403, -38.849011 ], [ 145.914927399999982, -38.8721199 ], [ 145.9165715, -38.8799389 ], [ 145.91064369999998, -38.892745 ], [ 145.9146977, -38.8936469 ], [ 145.9119608, -38.898596 ], [ 145.9211435, -38.9095459 ], [ 145.9400125, -38.8961 ], [ 145.9629171, -38.898781 ], [ 145.9654937, -38.8961629 ], [ 145.9793738, -38.8950639 ], [ 146.0062917, -38.8779069 ], [ 146.001533099999989, -38.861411499999988 ], [ 145.9971351, -38.8579505 ], [ 145.9978499, -38.8465414 ], [ 146.0091897, -38.825982 ], [ 146.0247444, -38.8170648 ], [ 146.0404462, -38.8116087 ], [ 146.0631999, -38.811759599999981 ], [ 146.1093616, -38.824961399999985 ], [ 146.184207599999979, -38.869495599999986 ], [ 146.233908899999989, -38.918655699999974 ], [ 146.2548712, -38.9547399 ], [ 146.2695024, -38.972947 ], [ 146.2673006, -38.991178100000013 ], [ 146.2532898, -38.9922672 ], [ 146.248971899999987, -38.9960073 ], [ 146.2573338, -38.9938402 ], [ 146.2627808, -38.9987102 ], [ 146.2651517, -38.9953012 ], [ 146.2743346, -38.996376099999985 ], [ 146.281655799999982, -39.006644099999988 ], [ 146.291853799999984, -39.0131051 ], [ 146.291872, -39.019156099999989 ], [ 146.28640009999998, -39.0205251 ], [ 146.283920199999983, -39.0248742 ], [ 146.288962199999986, -39.0272021 ], [ 146.2917091, -39.0224781 ], [ 146.303033, -39.023457 ], [ 146.307157099999984, -39.0281519 ], [ 146.3047163, -39.039350099999986 ], [ 146.316710699999987, -39.028827 ], [ 146.3231266, -39.027475 ], [ 146.324564899999984, -39.0281077 ], [ 146.326015899999987, -39.0275007 ], [ 146.3285898, -39.0277987 ], [ 146.314035499999989, -39.0318019 ], [ 146.3263671, -39.041105 ], [ 146.3169474, -39.0522423 ], [ 146.3209794, -39.053593299999982 ], [ 146.3293313, -39.0496931 ], [ 146.336800399999987, -39.0599223 ], [ 146.3523442, -39.0588441 ], [ 146.3429873, -39.0609743 ], [ 146.34067060000001, -39.0769397 ], [ 146.335038699999984, -39.0790758 ], [ 146.324277699999982, -39.0768208 ], [ 146.320750799999985, -39.0804439 ], [ 146.324685, -39.0939601 ], [ 146.3443682, -39.1137801 ], [ 146.3458234, -39.1253712 ], [ 146.3523363, -39.1252421 ], [ 146.368086299999987, -39.1340291 ], [ 146.3745112, -39.133826 ], [ 146.373816299999987, -39.136727 ], [ 146.387830899999983, -39.1250777 ], [ 146.389274, -39.1339077 ], [ 146.4065908, -39.1309785 ], [ 146.4160206, -39.1255083 ], [ 146.425991499999981, -39.1303972 ], [ 146.4218725, -39.1226871 ], [ 146.4240843, -39.1147861 ], [ 146.4317581, -39.114809 ], [ 146.426865099999986, -39.108265 ], [ 146.4348569, -39.1077139 ], [ 146.437447599999985, -39.0936868 ], [ 146.4416085, -39.0897407 ], [ 146.4386275, -39.0872507 ], [ 146.4359355, -39.0899618 ], [ 146.4252966, -39.0835358 ], [ 146.4308423, -39.0657663 ], [ 146.444156099999987, -39.063923900000013 ], [ 146.447024, -39.0573276 ], [ 146.4552948, -39.054103399999988 ], [ 146.463581799999986, -39.0613526 ], [ 146.4737747, -39.0652007 ], [ 146.475830699999989, -39.0630307 ], [ 146.4797757, -39.0668207 ], [ 146.4834385, -39.0606916 ], [ 146.479138399999982, -39.0526673 ], [ 146.4744656, -39.0549274 ], [ 146.477733199999989, -39.043752 ], [ 146.4730463, -39.0463291 ], [ 146.47037229999998, -39.04089 ], [ 146.4679903, -39.039432 ], [ 146.4643374, -39.0422831 ], [ 146.4604444, -39.036902 ], [ 146.4629603, -39.0346299 ], [ 146.4707622, -39.0357048 ], [ 146.46400509999998, -39.0289187 ], [ 146.470136, -39.0264246 ], [ 146.473275, -39.0289086 ], [ 146.4753979, -39.0256535 ], [ 146.4734279, -39.0271565 ], [ 146.461439, -39.0196105 ], [ 146.4451362, -39.0176698 ], [ 146.442913399999981, -39.022107 ], [ 146.4371994, -39.021001100000014 ], [ 146.4317604, -39.010964 ], [ 146.445697, -39.0036945 ], [ 146.446221799999989, -38.9979954 ], [ 146.4361159, -38.9810085 ], [ 146.450987, -38.9478379 ], [ 146.4740942, -38.916232199999989 ], [ 146.4893008, -38.9104509 ], [ 146.4857859, -38.9085799 ], [ 146.4874156, -38.894255799999989 ], [ 146.480604699999986, -38.8913769 ], [ 146.4844775, -38.8831658 ], [ 146.4735647, -38.8812349 ], [ 146.4678557, -38.8710359 ], [ 146.4759602, -38.842474599999989 ], [ 146.4706103, -38.8317727 ], [ 146.4788968, -38.7992585 ], [ 146.4777986, -38.790146499999985 ], [ 146.4735077, -38.789779500000016 ], [ 146.467061699999988, -38.7809026 ], [ 146.460296799999981, -38.7823597 ], [ 146.444283, -38.7778939 ], [ 146.437965099999985, -38.778909 ], [ 146.43565049999998, -38.7958991 ], [ 146.420735799999989, -38.8037944 ], [ 146.4231599, -38.8086824 ], [ 146.4194321, -38.8183185 ], [ 146.4211362, -38.833695399999982 ], [ 146.414866499999988, -38.8520654 ], [ 146.393252599999983, -38.8504745 ], [ 146.382032899999984, -38.859727 ], [ 146.368715899999984, -38.8600374 ], [ 146.3363406, -38.880232 ], [ 146.323715, -38.9033005 ], [ 146.299113299999988, -38.9063278 ], [ 146.2912902, -38.903739899999984 ], [ 146.28721, -38.8945119 ], [ 146.2881079, -38.884560799999988 ], [ 146.293312800000024, -38.8783987 ], [ 146.2865576, -38.866403599999984 ], [ 146.2702765, -38.860126699999988 ], [ 146.263942, -38.8234301 ], [ 146.268875, -38.817341899999981 ], [ 146.2692759, -38.8078838 ], [ 146.272819799999979, -38.8060348 ], [ 146.2639868, -38.8054819 ], [ 146.2409381, -38.8111211 ], [ 146.2330531, -38.8090312 ], [ 146.2185029, -38.7718131 ], [ 146.203702, -38.7653442 ], [ 146.192192799999987, -38.743211099999989 ], [ 146.1855659, -38.7433572 ], [ 146.1886297, -38.731186099999981 ], [ 146.192602599999987, -38.728724 ], [ 146.19716649999998, -38.730941 ], [ 146.195381699999984, -38.735858 ], [ 146.2003076, -38.733668 ], [ 146.2048216, -38.740621 ], [ 146.2107045, -38.7379329 ], [ 146.2046685, -38.735390899999985 ], [ 146.2106733, -38.7284728 ], [ 146.200641499999989, -38.733003 ], [ 146.2001055, -38.727759899999981 ], [ 146.19205359999998, -38.726232 ], [ 146.195916499999981, -38.7245989 ], [ 146.199532399999981, -38.7160828 ], [ 146.2041084, -38.720039799999988 ], [ 146.2101592, -38.7168487 ], [ 146.2131862, -38.7196947 ], [ 146.2141542, -38.7166536 ], [ 146.208577199999979, -38.7131966 ], [ 146.2064503, -38.7153587 ], [ 146.2027234, -38.7133367 ], [ 146.217953099999988, -38.7102445 ], [ 146.2290039, -38.7016593 ], [ 146.2276469, -38.6969973 ], [ 146.21229409999998, -38.6972605 ], [ 146.212065, -38.6928414 ], [ 146.215002, -38.6957284 ], [ 146.2311617, -38.6951663 ], [ 146.227610699999985, -38.6891313 ], [ 146.238400499999983, -38.6888112 ], [ 146.2439463, -38.6828191 ], [ 146.2444716, -38.6958942 ], [ 146.2539435, -38.6972801 ], [ 146.253860299999985, -38.689762099999989 ], [ 146.2583553, -38.692109 ], [ 146.2606562, -38.687308 ], [ 146.2611602, -38.690883 ], [ 146.2664651, -38.691015 ], [ 146.2674931, -38.687897 ], [ 146.29195, -38.6952488 ], [ 146.3197386, -38.6877996 ], [ 146.3289125, -38.6870225 ], [ 146.3317356, -38.690790599999985 ], [ 146.3390775, -38.6905715 ], [ 146.3304765, -38.6872435 ], [ 146.331826399999983, -38.6810554 ], [ 146.3382163, -38.6803084 ], [ 146.3380412, -38.6740203 ], [ 146.3449082, -38.6765742 ], [ 146.351138099999986, -38.6729721 ], [ 146.360931199999982, -38.680841099999988 ], [ 146.3700092, -38.6840911 ], [ 146.377297, -38.681483 ], [ 146.380992, -38.685632 ], [ 146.377276099999989, -38.6880191 ], [ 146.379354399999983, -38.701768199999989 ], [ 146.3837704, -38.7074492 ], [ 146.38395749999998, -38.719345299999986 ], [ 146.406831399999987, -38.722364 ], [ 146.4138202, -38.7178579 ], [ 146.406552299999987, -38.718552 ], [ 146.410336200000017, -38.7118979 ], [ 146.4184761, -38.7056408 ], [ 146.4391057, -38.6996984 ], [ 146.437105699999989, -38.6944484 ], [ 146.4469236, -38.6968003 ], [ 146.4503015, -38.6939472 ], [ 146.449110599999983, -38.6998253 ], [ 146.4610573, -38.699570099999988 ], [ 146.4630673, -38.7020671 ], [ 146.470826099999982, -38.698481 ], [ 146.4931106, -38.6966817 ], [ 146.4946746, -38.6797255 ], [ 146.496737599999989, -38.6872686 ], [ 146.5046074, -38.6819614 ], [ 146.502946399999985, -38.6915345 ], [ 146.5234662, -38.6939182 ], [ 146.5256881, -38.6921762 ], [ 146.5195162, -38.6900983 ], [ 146.5258628, -38.664163 ], [ 146.5204219, -38.6635311 ], [ 146.52835589999998, -38.623052799999989 ], [ 146.5249679, -38.6226369 ], [ 146.525607799999989, -38.6192959 ], [ 146.5121799, -38.616015 ], [ 146.4780601, -38.6139734 ], [ 146.4762371, -38.609308899999988 ], [ 146.461558599999989, -38.6073716 ], [ 146.463133699999986, -38.5984874 ], [ 146.449729599999984, -38.5967997 ], [ 146.4486564, -38.6020529 ], [ 146.428153399999985, -38.6025547 ], [ 146.4276721, -38.604971 ], [ 146.4092382, -38.6026151 ], [ 146.4100951, -38.5984771 ], [ 146.4050211, -38.5969452 ], [ 146.394117599999987, -38.598444 ], [ 146.378268599999984, -38.589757899999988 ], [ 146.375747599999983, -38.5926289 ], [ 146.368810699999983, -38.591849299999986 ], [ 146.37024169999998, -38.5820572 ], [ 146.3642166, -38.5793799 ], [ 146.3676266, -38.5765509 ], [ 146.3514246, -38.572346899999985 ], [ 146.3475766, -38.5747159 ], [ 146.3450056, -38.5702229 ], [ 146.3368566, -38.5707029 ], [ 146.3300686, -38.5638659 ], [ 146.3127016, -38.5618329 ], [ 146.3168196, -38.5568379 ], [ 146.3112286, -38.5512989 ], [ 146.314348599999988, -38.5486209 ], [ 146.3124494, -38.5438912 ], [ 146.3176345, -38.5428186 ], [ 146.327312, -38.530736700000013 ], [ 146.3181286, -38.5207169 ], [ 146.3133216, -38.5195519 ], [ 146.2912306, -38.5278589 ], [ 146.2845034, -38.523568 ], [ 146.2852957, -38.5063558 ], [ 146.29100459999998, -38.5046815 ], [ 146.2918034, -38.500105 ], [ 146.254763199999985, -38.496096699999981 ], [ 146.2625731, -38.470976799999988 ], [ 146.2384293, -38.4679559 ], [ 146.2399182, -38.4608359 ], [ 146.2355111, -38.4602406 ], [ 146.2371858, -38.4528939 ], [ 146.269588100000021, -38.456866699999978 ], [ 146.272190599999988, -38.4464092 ], [ 146.223197699999986, -38.4399448 ], [ 146.232847300000032, -38.4140212 ], [ 146.2287509, -38.4135057 ], [ 146.234394899999984, -38.3806461 ], [ 146.2408747, -38.379159 ], [ 146.2366677, -38.375631 ], [ 146.219903099999982, -38.3744079 ], [ 146.210513599999985, -38.3703824 ], [ 146.223491699999983, -38.3658589 ], [ 146.2315045, -38.3541933 ], [ 146.2435267, -38.3561089 ], [ 146.2505205, -38.326638 ], [ 146.203897899999987, -38.317092099999989 ], [ 146.201776199999983, -38.328103299999981 ], [ 146.1926853, -38.3269394 ], [ 146.189218700000026, -38.3438747 ], [ 146.162190700000025, -38.3405654 ], [ 146.1604711, -38.34927 ], [ 146.14801810000003, -38.3478061 ], [ 146.1225245, -38.3600388 ], [ 146.0967597, -38.325789199999988 ], [ 146.0907348, -38.3284273 ], [ 146.0744377, -38.3142829 ], [ 146.073083699999984, -38.3187059 ], [ 146.064028, -38.3105914 ], [ 146.0496133, -38.320607699999989 ], [ 146.054212299999989, -38.3235996 ], [ 146.0342977, -38.331763 ], [ 146.02424670000002, -38.3295419 ], [ 146.0115021, -38.332754099999988 ], [ 146.007073099999985, -38.3297611 ], [ 145.9865814, -38.327694099999988 ], [ 145.9877673, -38.320895 ], [ 145.976781499999987, -38.3196581 ], [ 145.977933399999984, -38.313127 ], [ 145.96747449999998, -38.31206 ], [ 145.9654227, -38.3235742 ], [ 145.9418781, -38.3234083 ], [ 145.940668499999987, -38.3307991 ], [ 145.902042599999987, -38.3265285 ], [ 145.901071, -38.3315846 ], [ 145.906551399999984, -38.3390205 ], [ 145.888591700000035, -38.3367954 ], [ 145.889847799999984, -38.3293485 ], [ 145.884449599999982, -38.3288226 ], [ 145.8849558, -38.31679 ], [ 145.877511299999981, -38.3162122 ], [ 145.8763291, -38.3234829 ], [ 145.862844, -38.3219131 ], [ 145.8624063, -38.3245234 ], [ 145.8276966, -38.3204724 ], [ 145.830882699999989, -38.3034939 ], [ 145.816742799999986, -38.2856938 ], [ 145.8123584, -38.2713172 ], [ 145.8015484, -38.269333899999985 ], [ 145.800553399999984, -38.264358499999986 ], [ 145.77293659999998, -38.261192299999983 ], [ 145.7719401, -38.266309499999984 ], [ 145.759613, -38.2648972 ], [ 145.761296, -38.2774625 ], [ 145.735402900000025, -38.274556499999981 ], [ 145.7326859, -38.2893616 ], [ 145.699718, -38.285648 ], [ 145.698733399999981, -38.2911189 ], [ 145.689645499999983, -38.290106 ], [ 145.6909389, -38.2830756 ], [ 145.6814976, -38.282219 ], [ 145.680281, -38.2895839 ], [ 145.6381441, -38.2848436 ], [ 145.638558099999983, -38.2824915 ], [ 145.6189233, -38.2890578 ], [ 145.6124538, -38.285559899999988 ], [ 145.6056893, -38.332443500000011 ], [ 145.623879, -38.3362638 ], [ 145.6344508, -38.3436349 ], [ 145.64464479999998, -38.3423679 ], [ 145.65002880000003, -38.3550429 ], [ 145.6654737, -38.367176899999983 ], [ 145.694805100000025, -38.3761007 ], [ 145.692588, -38.3860034 ], [ 145.697860099999986, -38.3934224 ] ] ] } },
{ "type": "Feature", "properties": { "lga_code": "26260", "lga_name": "Southern Grampians", "area_sqkm": 6654.0186 }, "geometry": { "type": "Polygon", "coordinates": [ [ [ 141.5852595, -37.6240476 ], [ 141.5810476, -37.627531600000012 ], [ 141.5882646, -37.6324356 ], [ 141.5837406, -37.6408506 ], [ 141.5873585, -37.6444286 ], [ 141.5940455, -37.6447526 ], [ 141.596549499999981, -37.6422156 ], [ 141.6000315, -37.645968599999989 ], [ 141.600731599999989, -37.6395976 ], [ 141.6074595, -37.6418186 ], [ 141.608882599999987, -37.6453616 ], [ 141.6117145, -37.6379776 ], [ 141.6146795, -37.6424636 ], [ 141.6239785, -37.6387246 ], [ 141.625737499999985, -37.6401576 ], [ 141.6221445, -37.6427176 ], [ 141.6261006, -37.6474736 ], [ 141.6413585, -37.6433216 ], [ 141.647743599999984, -37.650058599999987 ], [ 141.6430985, -37.6528216 ], [ 141.6502585, -37.6514156 ], [ 141.6500395, -37.6555096 ], [ 141.6543575, -37.6573606 ], [ 141.651515499999988, -37.661019599999989 ], [ 141.6571085, -37.6619053 ], [ 141.656774499999983, -37.6655836 ], [ 141.661412499999983, -37.6629556 ], [ 141.664055499999989, -37.6648866 ], [ 141.66683949999998, -37.6769766 ], [ 141.670261499999981, -37.678117600000014 ], [ 141.6768995, -37.674280599999989 ], [ 141.6873115, -37.6804936 ], [ 141.6822795, -37.6855036 ], [ 141.6873895, -37.6849286 ], [ 141.6906835, -37.6878686 ], [ 141.6885105, -37.6944066 ], [ 141.6918215, -37.7017706 ], [ 141.7004365, -37.6987906 ], [ 141.7031575, -37.7039046 ], [ 141.7085625, -37.7025666 ], [ 141.710426499999983, -37.7045926 ], [ 141.7121785, -37.7125136 ], [ 141.7151355, -37.7105346 ], [ 141.7237423, -37.7163025 ], [ 141.716857, -37.7576805 ], [ 141.7211647, -37.7650656 ], [ 141.7269105, -37.7673958 ], [ 141.733809899999983, -37.8066248 ], [ 141.725770499999982, -37.8460016 ], [ 141.7322395, -37.895346599999989 ], [ 141.779208499999982, -37.9002306 ], [ 141.7901215, -37.8886986 ], [ 141.831287300000014, -37.8926207 ], [ 141.827018399999986, -37.8781502 ], [ 141.8286635, -37.8683066 ], [ 141.8557875, -37.8767227 ], [ 141.873807199999987, -37.8771177 ], [ 141.8841342, -37.8827804 ], [ 141.901301099999984, -37.8863102 ], [ 141.9190152, -37.886284099999983 ], [ 141.91489679999998, -37.911834299999988 ], [ 141.8945014, -37.9120299 ], [ 141.8945232, -37.9231069 ], [ 141.869057, -37.927318 ], [ 141.8662749, -37.928795300000012 ], [ 141.867752699999983, -37.932099499999985 ], [ 141.8747425, -37.9410496 ], [ 141.8846675, -37.942534599999988 ], [ 141.915355399999982, -37.963841599999981 ], [ 141.9318284, -37.96209970000001 ], [ 141.959479499999986, -37.9731907 ], [ 141.985741499999989, -37.9711627 ], [ 141.9965614, -37.9589527 ], [ 142.0061044, -37.9595147 ], [ 142.0103964, -37.9558747 ], [ 142.0183595, -37.9581437 ], [ 142.031374199999988, -37.9481777 ], [ 142.114751399999989, -37.947012699999988 ], [ 142.1128424, -37.9567877 ], [ 142.133867399999986, -37.9564997 ], [ 142.135961399999985, -37.9498987 ], [ 142.1548134, -37.9518967 ], [ 142.1548094, -37.9466817 ], [ 142.161818399999987, -37.944206699999988 ], [ 142.1622194, -37.9400057 ], [ 142.167323399999987, -37.9451397 ], [ 142.1746604, -37.9461927 ], [ 142.178694399999983, -37.9446097 ], [ 142.1784034, -37.9409867 ], [ 142.1885714, -37.9371617 ], [ 142.1932404, -37.9390087 ], [ 142.2049107, -37.936001499999989 ], [ 142.2140547, -37.937301399999988 ], [ 142.2140767, -37.9344183 ], [ 142.413609399999984, -37.9322197 ], [ 142.409006399999981, -37.8981487 ], [ 142.423629399999982, -37.9091967 ], [ 142.432565400000016, -37.909319700000019 ], [ 142.439669400000014, -37.9152707 ], [ 142.450140399999981, -37.918417699999985 ], [ 142.4666924, -37.8349127 ], [ 142.5307053, -37.8430257 ], [ 142.533862299999981, -37.8269347 ], [ 142.5484654, -37.8213547 ], [ 142.552546399999983, -37.801316699999987 ], [ 142.6147253, -37.8103347 ], [ 142.6126193, -37.7916337 ], [ 142.608304299999986, -37.7852967 ], [ 142.5933004, -37.7758717 ], [ 142.590167399999984, -37.7651047 ], [ 142.5961594, -37.7407587 ], [ 142.5947773, -37.7187837 ], [ 142.6017654, -37.6995597 ], [ 142.615665299999989, -37.6893587 ], [ 142.6190724, -37.6740357 ], [ 142.6187764, -37.6468347 ], [ 142.5872444, -37.6357897 ], [ 142.5871204, -37.626959699999986 ], [ 142.4835114, -37.6126157 ], [ 142.4666254, -37.611896699999988 ], [ 142.4676724, -37.6148067 ], [ 142.4585256, -37.6148675 ], [ 142.458480399999985, -37.6109007 ], [ 142.3534866, -37.5979708 ], [ 142.3551575, -37.5871068 ], [ 142.3690963, -37.563789399999983 ], [ 142.364186099999984, -37.5449285 ], [ 142.3797152, -37.5094493 ], [ 142.3929297, -37.4933009 ], [ 142.4072004, -37.4889625 ], [ 142.41854, -37.4759323 ], [ 142.418674899999985, -37.470676300000015 ], [ 142.4269687, -37.467694 ], [ 142.426809599999984, -37.4583391 ], [ 142.436136300000015, -37.4488099 ], [ 142.4342102, -37.444318899999985 ], [ 142.446616899999981, -37.4338286 ], [ 142.4523108, -37.433387499999988 ], [ 142.459299499999986, -37.4208573 ], [ 142.478011, -37.4009238 ], [ 142.4834055, -37.3821686 ], [ 142.4871504, -37.3811616 ], [ 142.493767, -37.3698504 ], [ 142.500489099999982, -37.319986900000011 ], [ 142.5050559, -37.318432799999982 ], [ 142.5142143, -37.3057176 ], [ 142.5163579, -37.2932135 ], [ 142.50140829999998, -37.2925477 ], [ 142.4656307, -37.281584 ], [ 142.4551347, -37.26543 ], [ 142.423096099999981, -37.260083300000019 ], [ 142.4034668, -37.2373724 ], [ 142.3920267, -37.2317715 ], [ 142.358833299999986, -37.2254958 ], [ 142.355714299999988, -37.2192398 ], [ 142.328764299999989, -37.199191 ], [ 142.2753166, -37.1698006 ], [ 142.25915759999998, -37.1572058 ], [ 142.241023499999983, -37.1499117 ], [ 142.2405565, -37.1421167 ], [ 142.2347835, -37.1381687 ], [ 142.2339135, -37.1243287 ], [ 142.2219365, -37.1198937 ], [ 142.2213755, -37.1151647 ], [ 142.2155435, -37.111008700000014 ], [ 142.216121499999986, -37.1007047 ], [ 142.211899499999987, -37.090812700000015 ], [ 142.206261500000011, -37.087282699999989 ], [ 142.2020775, -37.0886067 ], [ 142.2019685, -37.0950137 ], [ 142.1875445, -37.112775700000014 ], [ 142.177318099999979, -37.1076058 ], [ 142.1636402, -37.105829 ], [ 142.141329499999983, -37.1118837 ], [ 142.1301255, -37.1094537 ], [ 142.1144942, -37.1120407 ], [ 142.1078885, -37.130470699999982 ], [ 142.109111499999983, -37.1627197 ], [ 142.0922615, -37.1708767 ], [ 142.0845684, -37.2052729 ], [ 142.0887514, -37.212618899999988 ], [ 142.079684499999985, -37.2235837 ], [ 142.064565499999986, -37.218522600000014 ], [ 142.039410500000031, -37.224055799999988 ], [ 141.9997711, -37.2243163 ], [ 141.9892525, -37.2124057 ], [ 141.953458399999988, -37.2087318 ], [ 141.945046599999984, -37.210698399999984 ], [ 141.9371806, -37.2066675 ], [ 141.938202, -37.200059 ], [ 141.9213815, -37.198239099999988 ], [ 141.9205613, -37.2031973 ], [ 141.9127785, -37.202347599999989 ], [ 141.9117105, -37.189825599999985 ], [ 141.919718499999988, -37.1861357 ], [ 141.919304499999981, -37.182809599999985 ], [ 141.9300495, -37.1795606 ], [ 141.935593499999982, -37.1707886 ], [ 141.9276025, -37.1691226 ], [ 141.9349815, -37.1662046 ], [ 141.9295865, -37.1631526 ], [ 141.924178500000011, -37.1523116 ], [ 141.928386499999988, -37.1451407 ], [ 141.9234515, -37.1385736 ], [ 141.9254805, -37.1251326 ], [ 141.9107415, -37.1134206 ], [ 141.9034785, -37.123558599999981 ], [ 141.907876499999986, -37.1265196 ], [ 141.9088815, -37.1348347 ], [ 141.893243499999983, -37.1373436 ], [ 141.8818565, -37.1456726 ], [ 141.8648445, -37.149447699999989 ], [ 141.8590975, -37.145770600000013 ], [ 141.858042499999982, -37.1490856 ], [ 141.853062599999987, -37.147750599999988 ], [ 141.840544599999987, -37.1524976 ], [ 141.834477599999985, -37.1580966 ], [ 141.8422985, -37.1663217 ], [ 141.8330545, -37.1720076 ], [ 141.826035599999983, -37.1688976 ], [ 141.8207855, -37.173970599999983 ], [ 141.8114986, -37.168079599999984 ], [ 141.814554499999986, -37.17467460000001 ], [ 141.8100215, -37.1773786 ], [ 141.805964499999988, -37.1740736 ], [ 141.8062735, -37.1694816 ], [ 141.8027845, -37.1703046 ], [ 141.800201499999986, -37.1667416 ], [ 141.8006345, -37.1716906 ], [ 141.7953915, -37.1753826 ], [ 141.7935065, -37.1726336 ], [ 141.785478499999982, -37.1741156 ], [ 141.7864705, -37.1687766 ], [ 141.776795599999986, -37.1718306 ], [ 141.7809595, -37.1742026 ], [ 141.7779395, -37.176698599999987 ], [ 141.773348299999981, -37.1725688 ], [ 141.7722785, -37.1769256 ], [ 141.775974599999984, -37.179948599999982 ], [ 141.773575599999987, -37.1804026 ], [ 141.7630375, -37.1747216 ], [ 141.7530376, -37.1731836 ], [ 141.750711599999988, -37.1789236 ], [ 141.7468495, -37.1777886 ], [ 141.7468165, -37.1736286 ], [ 141.740424599999983, -37.1752516 ], [ 141.7433236, -37.1812056 ], [ 141.728985599999987, -37.1786916 ], [ 141.727603599999981, -37.1808976 ], [ 141.7313705, -37.1819716 ], [ 141.72457559999998, -37.1880016 ], [ 141.719061499999981, -37.1834596 ], [ 141.7174316, -37.1859596 ], [ 141.715183599999989, -37.1834196 ], [ 141.7056546, -37.1844236 ], [ 141.7061156, -37.180614599999984 ], [ 141.702577599999984, -37.181046599999988 ], [ 141.7005936, -37.1778246 ], [ 141.7028885, -37.174833599999985 ], [ 141.698570600000011, -37.174269599999988 ], [ 141.6924706, -37.164979599999981 ], [ 141.689431499999984, -37.1679616 ], [ 141.687168499999984, -37.1642766 ], [ 141.684049499999986, -37.1667896 ], [ 141.680231599999985, -37.161773599999982 ], [ 141.671497599999981, -37.1609506 ], [ 141.6684286, -37.1573726 ], [ 141.6723706, -37.1522566 ], [ 141.6675406, -37.1554366 ], [ 141.6401406, -37.1591516 ], [ 141.6396666, -37.1654236 ], [ 141.634109599999988, -37.1641746 ], [ 141.6319316, -37.1552336 ], [ 141.622616599999986, -37.1666636 ], [ 141.616572599999984, -37.1639336 ], [ 141.6150546, -37.1694016 ], [ 141.6091696, -37.1639436 ], [ 141.5972118, -37.161216199999984 ], [ 141.594073399999985, -37.1693985 ], [ 141.5863156, -37.1735896 ], [ 141.5761846, -37.1881086 ], [ 141.5673756, -37.1896706 ], [ 141.5444336, -37.2020956 ], [ 141.5289076, -37.2042496 ], [ 141.515866599999981, -37.2110856 ], [ 141.5082696, -37.209735599999988 ], [ 141.5002486, -37.2178006 ], [ 141.491740599999986, -37.2201496 ], [ 141.4910046, -37.2235116 ], [ 141.496152599999988, -37.226608599999985 ], [ 141.4897686, -37.2352406 ], [ 141.4925346, -37.237716600000013 ], [ 141.4950916, -37.2345216 ], [ 141.496987599999983, -37.2382856 ], [ 141.4895606, -37.2466716 ], [ 141.4988486, -37.2568036 ], [ 141.5048136, -37.2563176 ], [ 141.5061226, -37.2599516 ], [ 141.510879599999981, -37.2606576 ], [ 141.5235166, -37.274973599999988 ], [ 141.518352599999986, -37.280647599999988 ], [ 141.526189599999981, -37.2844826 ], [ 141.524815599999982, -37.290162599999988 ], [ 141.529833599999989, -37.2911236 ], [ 141.5314506, -37.2976296 ], [ 141.431512699999985, -37.2975224 ], [ 141.431537100000014, -37.3722886 ], [ 141.4994159, -37.3801354 ], [ 141.4866509, -37.4525033 ], [ 141.537534599999987, -37.4578426 ], [ 141.524112299999985, -37.479294699999983 ], [ 141.5275251, -37.488646899999985 ], [ 141.5255271, -37.4946397 ], [ 141.529509099999984, -37.5046891 ], [ 141.5417127, -37.517845 ], [ 141.5458993, -37.540583399999989 ], [ 141.5339333, -37.5514364 ], [ 141.5182005, -37.555301899999989 ], [ 141.5142606, -37.5607046 ], [ 141.5431668, -37.580634499999988 ], [ 141.5454241, -37.5897176 ], [ 141.5401694, -37.5989034 ], [ 141.5330447, -37.597207 ], [ 141.5244051, -37.60187 ], [ 141.530721, -37.605244499999984 ], [ 141.535890599999988, -37.6045436 ], [ 141.538713500000028, -37.6102206 ], [ 141.5419546, -37.6098036 ], [ 141.5409096, -37.6131196 ], [ 141.5505595, -37.6133296 ], [ 141.556761599999987, -37.6169436 ], [ 141.570004499999982, -37.6099356 ], [ 141.5695395, -37.6125806 ], [ 141.5761875, -37.614721599999982 ], [ 141.5751546, -37.6191286 ], [ 141.5789935, -37.6220356 ], [ 141.582939499999981, -37.6196406 ], [ 141.5810785, -37.624336600000021 ], [ 141.5852595, -37.6240476 ] ] ] } },
{ "type": "Feature", "properties": { "lga_code": "26350", "lga_name": "Stonnington", "area_sqkm": 25.651 }, "geometry": { "type": "Polygon", "coordinates": [ [ [ 145.029607299999981, -37.8671658 ], [ 145.0518593, -37.8827827 ], [ 145.0718221, -37.884830499999985 ], [ 145.088232, -37.8929633 ], [ 145.092090499999983, -37.8717972 ], [ 145.0701258, -37.874781299999988 ], [ 145.0617679, -37.865543400000014 ], [ 145.0597369, -37.8547034 ], [ 145.04227, -37.8472866 ], [ 145.038933899999989, -37.838937799999989 ], [ 145.028073899999981, -37.8376659 ], [ 145.019443099999989, -37.8316539 ], [ 145.0125222, -37.8305289 ], [ 145.0095512, -37.8335309 ], [ 145.0046013, -37.831162 ], [ 145.0039033, -37.834407 ], [ 144.9966924, -37.834289 ], [ 144.9879358, -37.8296089 ], [ 144.9833276, -37.8556438 ], [ 145.0151425, -37.860827 ], [ 145.029607299999981, -37.8671658 ] ] ] } },
{ "type": "Feature", "properties": { "lga_code": "26430", "lga_name": "Strathbogie", "area_sqkm": 3303.2568 }, "geometry": { "type": "Polygon", "coordinates": [ [ [ 144.9319442, -36.7479079 ], [ 144.794691299999982, -36.7507098 ], [ 144.792411099999981, -36.7559521 ], [ 144.7947475, -36.7706579 ], [ 144.7848122, -36.7706446 ], [ 144.7847726, -36.7805129 ], [ 144.791708699999987, -36.7800235 ], [ 144.7920111, -36.7996905 ], [ 144.786756199999985, -36.799688299999985 ], [ 144.787319599999989, -36.8053166 ], [ 144.798553, -36.8326081 ], [ 144.80362359999998, -36.8398442 ], [ 144.811086099999983, -36.8398308 ], [ 144.821342099999981, -36.8541868 ], [ 144.819424, -36.8562106 ], [ 144.831195, -36.8554566 ], [ 144.8302215, -36.859685399999989 ], [ 144.8466688, -36.874057799999989 ], [ 144.8529854, -36.8750183 ], [ 144.8509186, -36.8794411 ], [ 144.85843939999998, -36.8812293 ], [ 144.8717619, -36.8744419 ], [ 144.87428079999998, -36.8758049 ], [ 144.88147, -36.8662233 ], [ 144.8943094, -36.862312599999989 ], [ 144.909866099999988, -36.8586051 ], [ 144.929498, -36.860495 ], [ 144.944028, -36.8571361 ], [ 144.9424511, -36.851175 ], [ 144.9319859, -36.849825299999985 ], [ 144.9332502, -36.835473 ], [ 144.978881299999983, -36.8353058 ], [ 144.987013700000034, -36.8361167 ], [ 144.9982508, -36.8463697 ], [ 145.0114228, -36.8463206 ], [ 145.029859499999986, -36.8533459 ], [ 145.0439304, -36.8537185 ], [ 145.0660513, -36.866126200000011 ], [ 145.0870156, -36.868981399999988 ], [ 145.08569, -36.8774565 ], [ 145.106686, -36.8929406 ], [ 145.1191895, -36.893056 ], [ 145.1178974, -36.8962455 ], [ 145.121313099999981, -36.893966 ], [ 145.124139099999979, -36.9007569 ], [ 145.120745, -36.9075398 ], [ 145.1277269, -36.9096118 ], [ 145.1159873, -36.9164532 ], [ 145.1222247, -36.919268399999986 ], [ 145.117763199999985, -36.9234151 ], [ 145.121407399999981, -36.927999899999989 ], [ 145.1326387, -36.9282856 ], [ 145.1276139, -36.9325936 ], [ 145.1268953, -36.9415419 ], [ 145.198434099999986, -36.9418646 ], [ 145.2098274, -36.9443379 ], [ 145.226815099999982, -36.9141313 ], [ 145.234789799999987, -36.9099294 ], [ 145.240800299999989, -36.9244621 ], [ 145.2605309, -36.93574 ], [ 145.264251100000024, -36.946663 ], [ 145.278841199999988, -36.9519961 ], [ 145.292312, -36.9521219 ], [ 145.293189, -36.96084410000001 ], [ 145.285575, -36.966966 ], [ 145.2861661, -36.9941446 ], [ 145.2908778, -36.9959078 ], [ 145.2914628, -37.0049399 ], [ 145.3021202, -37.002110699999989 ], [ 145.302780399999989, -37.0063791 ], [ 145.308422399999984, -37.0076986 ], [ 145.302354899999983, -37.0119072 ], [ 145.3070367, -37.0168566 ], [ 145.312526, -37.0169026 ], [ 145.323007, -37.0109588 ], [ 145.3227612, -37.000283 ], [ 145.331588, -37.0027069 ], [ 145.3321125, -36.9944148 ], [ 145.3395667, -36.9836593 ], [ 145.3484464, -36.9812514 ], [ 145.3579713, -36.9854892 ], [ 145.3580394, -36.9919907 ], [ 145.362270099999989, -36.9927023 ], [ 145.372938299999987, -36.9752719 ], [ 145.38729619999998, -36.9770589 ], [ 145.3884057, -36.9833209 ], [ 145.400761300000028, -36.981919 ], [ 145.4054193, -36.9850019 ], [ 145.4039721, -36.989884199999985 ], [ 145.4073914, -36.9941018 ], [ 145.4202733, -36.9954377 ], [ 145.4259937, -36.9992702 ], [ 145.4227367, -37.0045886 ], [ 145.431363799999986, -37.0050877 ], [ 145.4366439, -37.0108083 ], [ 145.445595699999984, -37.01317 ], [ 145.446233600000028, -37.016520899999989 ], [ 145.456998299999981, -37.0135479 ], [ 145.469063299999988, -37.0214703 ], [ 145.4892107, -37.0232152 ], [ 145.4936755, -37.0177871 ], [ 145.4893339, -37.003892 ], [ 145.4993667, -36.9920391 ], [ 145.51499, -36.9892087 ], [ 145.522978, -36.9948834 ], [ 145.528877, -36.9938214 ], [ 145.534634399999987, -36.9815778 ], [ 145.5318639, -36.9788892 ], [ 145.5318459, -36.9590387 ], [ 145.563778, -36.9579562 ], [ 145.5679557, -36.961025299999989 ], [ 145.582262499999985, -36.9616972 ], [ 145.6009411, -36.9504641 ], [ 145.608221, -36.9408218 ], [ 145.6257612, -36.937929 ], [ 145.6287672, -36.9434282 ], [ 145.6373773, -36.947597099999982 ], [ 145.640616599999987, -36.9442116 ], [ 145.6533174, -36.9455206 ], [ 145.6574204, -36.9362405 ], [ 145.6634525, -36.932825099999981 ], [ 145.6950637, -36.9305611 ], [ 145.704550499999982, -36.9243714 ], [ 145.7269655, -36.9273945 ], [ 145.727360799999985, -36.9235632 ], [ 145.747109, -36.9235175 ], [ 145.747388, -36.927681299999989 ], [ 145.755881099999982, -36.9277289 ], [ 145.7558656, -36.9323895 ], [ 145.7905393, -36.9324215 ], [ 145.8607203, -36.9103417 ], [ 145.861548299999981, -36.9022229 ], [ 145.866327300000023, -36.9022399 ], [ 145.866371099999981, -36.8942099 ], [ 145.861501800000013, -36.8942153 ], [ 145.8616318, -36.8853722 ], [ 145.856293699999981, -36.8854134 ], [ 145.8615065, -36.8762963 ], [ 145.865355199999982, -36.8471651 ], [ 145.866731499999986, -36.8306344 ], [ 145.861603, -36.8268065 ], [ 145.863619699999987, -36.8200531 ], [ 145.8739913, -36.8199508 ], [ 145.8739683, -36.81239320000001 ], [ 145.86485159999998, -36.812411 ], [ 145.8649762, -36.806315 ], [ 145.8724181, -36.799905099999989 ], [ 145.861474499999986, -36.8025737 ], [ 145.853413, -36.7950093 ], [ 145.8494638, -36.7977308 ], [ 145.846316299999984, -36.79475129999998 ], [ 145.84404760000001, -36.7962501 ], [ 145.836453799999987, -36.786327899999989 ], [ 145.829974099999987, -36.7863334 ], [ 145.829959, -36.7764243 ], [ 145.8221772, -36.7750238 ], [ 145.824823899999984, -36.7721154 ], [ 145.823169399999983, -36.7539405 ], [ 145.81456, -36.7457089 ], [ 145.8123316, -36.7354813 ], [ 145.8189189, -36.712718 ], [ 145.824983799999984, -36.707779800000012 ], [ 145.8231237, -36.6971105 ], [ 145.827449799999982, -36.69004 ], [ 145.8243192, -36.68141 ], [ 145.8389968, -36.6678529 ], [ 145.8367054, -36.6541783 ], [ 145.839198100000033, -36.65046370000001 ], [ 145.845156, -36.651276 ], [ 145.8508023, -36.624419 ], [ 145.8437434, -36.6234753 ], [ 145.8553685, -36.5682838 ], [ 145.8194423, -36.5634075 ], [ 145.8232655, -36.5445817 ], [ 145.823321, -36.4540268 ], [ 145.816041399999989, -36.4572764 ], [ 145.8015079, -36.456453499999988 ], [ 145.7991877, -36.458895 ], [ 145.7937355, -36.4554795 ], [ 145.796497, -36.452771 ], [ 145.790169, -36.447295 ], [ 145.777214, -36.448327399999982 ], [ 145.776022, -36.4437104 ], [ 145.771473, -36.4446634 ], [ 145.765797, -36.4414974 ], [ 145.763808, -36.4361534 ], [ 145.738406699999985, -36.4343831 ], [ 145.73918759999998, -36.430060899999987 ], [ 145.735175699999985, -36.4261201 ], [ 145.724433299999987, -36.424595 ], [ 145.724244699999986, -36.434459300000015 ], [ 145.7313216, -36.4426199 ], [ 145.731876, -36.4990233 ], [ 145.6315663, -36.4990332 ], [ 145.6317286, -36.5632854 ], [ 145.5920041, -36.5632806 ], [ 145.580488799999983, -36.5543053 ], [ 145.353592, -36.5560896 ], [ 145.318918599999989, -36.6123889 ], [ 145.3046985, -36.6134702 ], [ 145.311496399999982, -36.6141046 ], [ 145.3061706, -36.617188899999988 ], [ 145.309695, -36.625122199999986 ], [ 145.306721399999986, -36.6327589 ], [ 145.297785100000027, -36.634256199999989 ], [ 145.298243, -36.6395937 ], [ 145.300731399999989, -36.6384362 ], [ 145.302523799999989, -36.6419259 ], [ 145.228700799999984, -36.641973899999989 ], [ 145.228667699999988, -36.646738199999987 ], [ 145.212954699999983, -36.6477416 ], [ 145.2050423, -36.6547774 ], [ 145.211863599999987, -36.6602102 ], [ 145.2038719, -36.6613903 ], [ 145.212333699999988, -36.6633593 ], [ 145.2161245, -36.6696813 ], [ 145.2222989, -36.6706617 ], [ 145.221720399999981, -36.687217600000011 ], [ 145.1856913, -36.6863181 ], [ 145.1813266, -36.6918481 ], [ 145.183637799999985, -36.6978891 ], [ 145.178453, -36.7005459 ], [ 145.172130399999986, -36.697277 ], [ 145.177801099999982, -36.6899703 ], [ 145.168651, -36.690057800000019 ], [ 145.1685401, -36.675283700000016 ], [ 145.0873583, -36.675451 ], [ 145.043473299999988, -36.6506596 ], [ 145.0374641, -36.6722085 ], [ 145.0425538, -36.6721829 ], [ 145.0426125, -36.6820263 ], [ 145.020498799999984, -36.6819506 ], [ 145.01707159999998, -36.6687917 ], [ 144.9867293, -36.6997107 ], [ 144.93215619999998, -36.699663 ], [ 144.9319442, -36.7479079 ] ] ] } },
{ "type": "Feature", "properties": { "lga_code": "26490", "lga_name": "Surf Coast", "area_sqkm": 1552.944 }, "geometry": { "type": "Polygon", "coordinates": [ [ [ 143.878786500000018, -38.276191699999984 ], [ 143.834943399999986, -38.5105608 ], [ 143.8470892, -38.5118286 ], [ 143.845017499999983, -38.5228057 ], [ 143.8552904, -38.5239476 ], [ 143.8509809, -38.5298617 ], [ 143.8519246, -38.544685699999988 ], [ 143.837867, -38.5588 ], [ 143.82625520000002, -38.557332199999983 ], [ 143.8245384, -38.5665743 ], [ 143.9461119, -38.5794043 ], [ 143.9487379, -38.5766563 ], [ 143.960163, -38.5756698 ], [ 143.9667039, -38.567012799999986 ], [ 143.974353899999983, -38.5652237 ], [ 143.975464099999982, -38.5556448 ], [ 143.983475199999987, -38.5541468 ], [ 143.9868419, -38.5484378 ], [ 143.9771421, -38.542538799999988 ], [ 143.9797341, -38.5322628 ], [ 144.0123159, -38.4972598 ], [ 144.0332761, -38.4850158 ], [ 144.0351675, -38.4766489 ], [ 144.06651309999998, -38.4687558 ], [ 144.104763599999984, -38.4692422 ], [ 144.110050100000024, -38.4614748 ], [ 144.117624299999989, -38.457942 ], [ 144.120004099999989, -38.4489918 ], [ 144.1338241, -38.4345158 ], [ 144.147800099999984, -38.4303698 ], [ 144.184022199999987, -38.42868570000001 ], [ 144.1793231, -38.4261668 ], [ 144.1805932, -38.4188958 ], [ 144.187324099999984, -38.4144638 ], [ 144.1929092, -38.4146498 ], [ 144.2000281, -38.4066618 ], [ 144.225267, -38.3989798 ], [ 144.2540191, -38.3954588 ], [ 144.251576200000017, -38.3883978 ], [ 144.256638800000019, -38.3827338 ], [ 144.2795161, -38.3723338 ], [ 144.303486, -38.3482448 ], [ 144.3188332, -38.34560680000002 ], [ 144.320079099999987, -38.3419928 ], [ 144.3274495, -38.3401639 ], [ 144.3272111, -38.3282868 ], [ 144.332292199999983, -38.3232448 ], [ 144.3711231, -38.3108478 ], [ 144.377925100000027, -38.3057294 ], [ 144.37466, -38.2998074 ], [ 144.384530899999987, -38.2968403 ], [ 144.3876497, -38.2919743 ], [ 144.396488, -38.2917712 ], [ 144.4060651, -38.257249200000011 ], [ 144.241331, -38.2377598 ], [ 144.2525975, -38.1757382 ], [ 144.250481399999984, -38.173602 ], [ 144.2545361, -38.158080899999987 ], [ 144.2619201, -38.1513566 ], [ 144.260045599999984, -38.1375823 ], [ 144.2409638, -38.1414785 ], [ 144.240637199999981, -38.134867699999987 ], [ 144.2356091, -38.1366447 ], [ 144.233075099999979, -38.1421852 ], [ 144.2306807, -38.1400479 ], [ 144.2241752, -38.1456791 ], [ 144.218297800000016, -38.1432429 ], [ 144.2197785, -38.138504 ], [ 144.215725599999985, -38.1364118 ], [ 144.19934809999998, -38.146720800000011 ], [ 144.1924516, -38.1440219 ], [ 144.187297100000023, -38.1458962 ], [ 144.1871711, -38.1425765 ], [ 144.192598799999985, -38.1409665 ], [ 144.1880736, -38.135346299999981 ], [ 144.1785246, -38.1331005 ], [ 144.1725606, -38.1348158 ], [ 144.163048, -38.1253338 ], [ 144.1589075, -38.1261532 ], [ 144.153334, -38.121243 ], [ 144.151639099999983, -38.1138655 ], [ 144.140345, -38.1103778 ], [ 144.138024, -38.11202680000001 ], [ 144.140332299999983, -38.122167499999982 ], [ 144.137973499999987, -38.1181876 ], [ 144.1335229, -38.1203279 ], [ 144.129192, -38.1110208 ], [ 144.1246265, -38.1170522 ], [ 144.1194026, -38.1112825 ], [ 144.1170118, -38.12196010000001 ], [ 144.1053676, -38.1247336 ], [ 144.0986623, -38.1161388 ], [ 144.1060253, -38.1005068 ], [ 144.0890502, -38.1096024 ], [ 144.0642257, -38.1091826 ], [ 144.0650717, -38.1126687 ], [ 144.058187500000031, -38.11228 ], [ 144.0518691, -38.117642100000019 ], [ 144.0517355, -38.1150472 ], [ 144.044880400000011, -38.1125 ], [ 144.034149499999984, -38.1137052 ], [ 144.0335944, -38.1168171 ], [ 144.0276825, -38.1174673 ], [ 144.0271587, -38.1231527 ], [ 144.015492199999983, -38.1244708 ], [ 144.010884899999979, -38.1171957 ], [ 143.9973173, -38.1159802 ], [ 143.993167199999988, -38.1251697 ], [ 143.9869903, -38.1294715 ], [ 143.982047099999988, -38.1273904 ], [ 143.9793683, -38.1302681 ], [ 143.9755829, -38.1269755 ], [ 143.97135369999998, -38.128415899999986 ], [ 143.964554699999979, -38.120129399999989 ], [ 143.9615134, -38.1197963 ], [ 143.960162, -38.123866799999988 ], [ 143.9538231, -38.12256 ], [ 143.9493033, -38.1149923 ], [ 143.9207715, -38.1145721 ], [ 143.9148117, -38.1089827 ], [ 143.9091788, -38.109021799999987 ], [ 143.908475, -38.1044868 ], [ 143.9006925, -38.1385288 ], [ 143.8574648, -38.1333998 ], [ 143.851009299999987, -38.1750608 ], [ 143.845284600000014, -38.1849319 ], [ 143.841329600000023, -38.242899599999987 ], [ 143.833847599999984, -38.2909706 ], [ 143.878786500000018, -38.276191699999984 ] ] ] } },
{ "type": "Feature", "properties": { "lga_code": "26610", "lga_name": "Swan Hill", "area_sqkm": 6115.5373 }, "geometry": { "type": "Polygon", "coordinates": [ [ [ 143.0032993, -35.2493634 ], [ 143.0058014, -35.3004893 ], [ 143.009796099999988, -35.3026908 ], [ 143.010118800000015, -35.307656 ], [ 143.006487199999981, -35.3120965 ], [ 143.010395499999987, -35.3737887 ], [ 142.9971936, -35.3739688 ], [ 142.9972923, -35.490962299999978 ], [ 143.1313365, -35.490929400000013 ], [ 143.1307086, -35.5014734 ], [ 143.123614799999984, -35.5147756 ], [ 143.1247869, -35.5241177 ], [ 143.1357798, -35.5317256 ], [ 143.1338319, -35.5394897 ], [ 143.1371038, -35.5452578 ], [ 143.1752764, -35.5430285 ], [ 143.1981361, -35.5515374 ], [ 143.201628199999988, -35.5642735 ], [ 143.1984713, -35.5809056 ], [ 143.1921773, -35.586029700000012 ], [ 143.1909015, -35.6029299 ], [ 143.1871836, -35.607389900000015 ], [ 143.1923435, -35.6244941 ], [ 143.1982174, -35.6318441 ], [ 143.20026679999998, -35.6545598 ], [ 143.2881413, -35.6546957 ], [ 143.288165099999986, -35.574926499999989 ], [ 143.393773899999985, -35.5751466 ], [ 143.3963599, -35.5723586 ], [ 143.6414907, -35.572660600000013 ], [ 143.638739499999986, -35.5294922 ], [ 143.728417, -35.5296057 ], [ 143.7344118, -35.525234699999984 ], [ 143.7089624, -35.494214700000015 ], [ 143.7496854, -35.4943536 ], [ 143.7607482, -35.500142499999988 ], [ 143.8056542, -35.5001099 ], [ 143.8056665, -35.4921275 ], [ 143.811616599999979, -35.4921216 ], [ 143.8105505, -35.4834243 ], [ 143.8072426, -35.4821113 ], [ 143.8080104, -35.4751152 ], [ 143.8043825, -35.4760362 ], [ 143.803187399999985, -35.470326199999988 ], [ 143.7908086, -35.4666322 ], [ 143.7942555, -35.4617392 ], [ 143.802546299999989, -35.4599751 ], [ 143.8023653, -35.457811 ], [ 143.798470399999985, -35.4593671 ], [ 143.7961544, -35.4550651 ], [ 143.8024082, -35.44761590000001 ], [ 143.816391, -35.4489177 ], [ 143.8124722, -35.444362 ], [ 143.8190535, -35.4385042 ], [ 143.808596, -35.4332692 ], [ 143.8001681, -35.433435899999985 ], [ 143.7936607, -35.4293379 ], [ 143.7901235, -35.4224642 ], [ 143.762858, -35.423053399999979 ], [ 143.7659684, -35.415844899999989 ], [ 143.760224199999982, -35.417476 ], [ 143.758935399999984, -35.414993 ], [ 143.7615542, -35.4102697 ], [ 143.7688206, -35.4079296 ], [ 143.7687379, -35.4015854 ], [ 143.7628254, -35.4003502 ], [ 143.764393399999989, -35.392571 ], [ 143.7572194, -35.3945091 ], [ 143.7455262, -35.3862997 ], [ 143.7396383, -35.3935813 ], [ 143.7320542, -35.394069599999987 ], [ 143.726771499999984, -35.3901619 ], [ 143.709181199999989, -35.3925256 ], [ 143.711691, -35.3846773 ], [ 143.7033558, -35.3893953 ], [ 143.7023527, -35.377686 ], [ 143.697009, -35.383777 ], [ 143.693155099999984, -35.3839044 ], [ 143.6928648, -35.3778686 ], [ 143.689321299999989, -35.3772728 ], [ 143.6887547, -35.3712728 ], [ 143.6842307, -35.3681689 ], [ 143.68263349999998, -35.3740778 ], [ 143.676455299999986, -35.3706765 ], [ 143.6674952, -35.37141519999998 ], [ 143.66416049999998, -35.3776599 ], [ 143.668087, -35.3857224 ], [ 143.6571461, -35.3849864 ], [ 143.6556345, -35.390874399999987 ], [ 143.6524049, -35.391421099999988 ], [ 143.6538802, -35.3948661 ], [ 143.6404176, -35.4010568 ], [ 143.637875399999984, -35.396198 ], [ 143.6324969, -35.3962802 ], [ 143.629387799999989, -35.3923553 ], [ 143.634646, -35.3865681 ], [ 143.63302539999998, -35.3834542 ], [ 143.6299256, -35.3847527 ], [ 143.6263035, -35.3809488 ], [ 143.624699599999985, -35.3878903 ], [ 143.619558399999988, -35.3868427 ], [ 143.6190186, -35.3820413 ], [ 143.6133213, -35.3769448 ], [ 143.6160438, -35.3688711 ], [ 143.609757799999983, -35.3700069 ], [ 143.6084636, -35.3665672 ], [ 143.603021399999989, -35.3653942 ], [ 143.5971245, -35.3510515 ], [ 143.590348, -35.350337499999988 ], [ 143.58142669999998, -35.3405876 ], [ 143.574178099999983, -35.3404621 ], [ 143.573529300000018, -35.3372291 ], [ 143.569867099999982, -35.342984699999981 ], [ 143.5651088, -35.3422128 ], [ 143.5613796, -35.3245897 ], [ 143.567513099999985, -35.3085542 ], [ 143.572518699999989, -35.3060131 ], [ 143.5690253, -35.302434100000013 ], [ 143.5779435, -35.3031835 ], [ 143.5770813, -35.2984012 ], [ 143.582359199999985, -35.297996 ], [ 143.5797001, -35.295602 ], [ 143.5821871, -35.2876852 ], [ 143.5908665, -35.281646 ], [ 143.584447899999986, -35.279032 ], [ 143.590785899999986, -35.2737584 ], [ 143.5824379, -35.2728108 ], [ 143.5835136, -35.264992 ], [ 143.571695799999986, -35.2679463 ], [ 143.5740827, -35.2564925 ], [ 143.5698224, -35.2462306 ], [ 143.563724, -35.243532699999989 ], [ 143.5667118, -35.2402222 ], [ 143.5644797, -35.236081 ], [ 143.578091, -35.2318713 ], [ 143.5758959, -35.226375199999985 ], [ 143.580990499999984, -35.220023099999985 ], [ 143.580059399999982, -35.2142865 ], [ 143.570834, -35.2068915 ], [ 143.563439, -35.2024931 ], [ 143.5470293, -35.2061595 ], [ 143.5483418, -35.213777299999983 ], [ 143.529161499999987, -35.2199084 ], [ 143.5227894, -35.2182938 ], [ 143.5183279, -35.2116074 ], [ 143.504919, -35.2138862 ], [ 143.4939579, -35.2200332 ], [ 143.4714879, -35.2192803 ], [ 143.466136399999982, -35.2147293 ], [ 143.4646974, -35.2026025 ], [ 143.4592238, -35.203401399999983 ], [ 143.4494925, -35.1890988 ], [ 143.433805, -35.1906503 ], [ 143.431647, -35.1950238 ], [ 143.4254384, -35.189359 ], [ 143.416506699999985, -35.1948751 ], [ 143.404222, -35.1937026 ], [ 143.400504899999987, -35.1898697 ], [ 143.3955077, -35.192875 ], [ 143.390967, -35.188695900000013 ], [ 143.3931269, -35.18551 ], [ 143.3877999, -35.1853586 ], [ 143.387159199999985, -35.1823975 ], [ 143.393968299999983, -35.1772738 ], [ 143.389941099999987, -35.1710806 ], [ 143.3820706, -35.1733479 ], [ 143.38745179999998, -35.1623023 ], [ 143.3826202, -35.162796799999981 ], [ 143.386939399999989, -35.1597771 ], [ 143.3822361, -35.1563487 ], [ 143.389446199999981, -35.150278799999988 ], [ 143.3906537, -35.1450937 ], [ 143.373911199999981, -35.1225897 ], [ 143.361973899999981, -35.1168869 ], [ 143.3577115, -35.1048945 ], [ 143.3607686, -35.103019 ], [ 143.352891299999982, -35.0996174 ], [ 143.3526483, -35.1030124 ], [ 143.3487748, -35.1006205 ], [ 143.348108599999989, -35.1054274 ], [ 143.3445754, -35.0964104 ], [ 143.3408642, -35.0957011 ], [ 143.345878199999987, -35.0937675 ], [ 143.3409308, -35.0884747 ], [ 143.3450298, -35.0870065 ], [ 143.3416503, -35.0850655 ], [ 143.343666, -35.0824684 ], [ 143.3374528, -35.0804046 ], [ 143.3429952, -35.0790878 ], [ 143.3455267, -35.0740426 ], [ 143.3390647, -35.068177599999984 ], [ 143.3419046, -35.06453 ], [ 143.3496654, -35.0699154 ], [ 143.350843700000013, -35.064688899999986 ], [ 143.3420427, -35.0585963 ], [ 143.3416341, -35.0623515 ], [ 143.3376691, -35.0612808 ], [ 143.3398919, -35.0550337 ], [ 143.336778399999986, -35.0481348 ], [ 143.3345377, -35.0541715 ], [ 143.3304987, -35.0538664 ], [ 143.336549599999984, -35.043207 ], [ 143.328685799999988, -35.0458868 ], [ 143.32948, -35.0414257 ], [ 143.3244349, -35.041975199999989 ], [ 143.327823599999988, -35.0379232 ], [ 143.3220876, -35.0367137 ], [ 143.3276669, -35.0338515 ], [ 143.330492699999979, -35.0374157 ], [ 143.3359935, -35.0373624 ], [ 143.3349355, -35.0262889 ], [ 143.331870399999985, -35.023791099999983 ], [ 143.338124199999982, -35.0108786 ], [ 143.329700699999989, -34.995553099999988 ], [ 143.32633389999998, -34.9927824 ], [ 143.3186459, -34.992955099999989 ], [ 143.3181166, -34.986104 ], [ 143.3237806, -34.9788291 ], [ 143.3172265, -34.9533456 ], [ 143.3224914, -34.9509928 ], [ 143.319619499999988, -34.9481204 ], [ 143.3217976, -34.9425183 ], [ 143.3316687, -34.941381299999989 ], [ 143.3328474, -34.9387457 ], [ 143.3365739, -34.9453029 ], [ 143.338502299999988, -34.944249 ], [ 143.341189899999989, -34.9405114 ], [ 143.3374303, -34.9403972 ], [ 143.337502699999987, -34.9370785 ], [ 143.3426968, -34.9328612 ], [ 143.3390037, -34.9265897 ], [ 143.3422061, -34.9191455 ], [ 143.3402558, -34.9137714 ], [ 143.3331824, -34.9111136 ], [ 143.329853899999989, -34.906557 ], [ 143.3325921, -34.9049072 ], [ 143.3257643, -34.898061 ], [ 143.328457899999989, -34.8954798 ], [ 143.3213001, -34.8887219 ], [ 143.3277917, -34.8826955 ], [ 143.333997899999986, -34.8861884 ], [ 143.33261779999998, -34.888928 ], [ 143.335749099999987, -34.8863045 ], [ 143.3361831, -34.8798046 ], [ 143.342118, -34.8812384 ], [ 143.3428849, -34.8759722 ], [ 143.337271099999981, -34.8752762 ], [ 143.33841, -34.8702997 ], [ 143.3486311, -34.8647725 ], [ 143.352569499999987, -34.8582219 ], [ 143.3452165, -34.8534505 ], [ 143.348707099999984, -34.847813 ], [ 143.3549636, -34.846026399999985 ], [ 143.3433327, -34.848232 ], [ 143.341197099999988, -34.8462961 ], [ 143.3515265, -34.838475 ], [ 143.354211, -34.8297516 ], [ 143.3516206, -34.8231827 ], [ 143.359565, -34.816886399999987 ], [ 143.357028499999984, -34.8120756 ], [ 143.347565299999985, -34.8072887 ], [ 143.351191799999981, -34.794050399999989 ], [ 143.3454145, -34.7907177 ], [ 143.3329938, -34.7931939 ], [ 143.3290973, -34.786344299999989 ], [ 143.3182761, -34.790829099999989 ], [ 143.313447699999983, -34.787517299999983 ], [ 143.3127049, -34.7807365 ], [ 143.308850899999982, -34.7799257 ], [ 143.2969975, -34.7853771 ], [ 143.2942919, -34.790809 ], [ 143.28433339999998, -34.7852325 ], [ 143.2868801, -34.794971900000014 ], [ 143.276742, -34.7922475 ], [ 143.273572, -34.7890676 ], [ 143.2761672, -34.7822983 ], [ 143.2718068, -34.7796495 ], [ 143.273011699999984, -34.7763993 ], [ 143.262713599999984, -34.7735672 ], [ 143.257733799999983, -34.7785291 ], [ 143.2521361, -34.7727898 ], [ 143.25428789999998, -34.7666331 ], [ 143.2715914, -34.7594726 ], [ 143.2685897, -34.7530037 ], [ 143.2740224, -34.7526718 ], [ 143.2652912, -34.748545299999989 ], [ 143.248932699999983, -34.757842799999985 ], [ 143.2441637, -34.754865599999988 ], [ 143.2406671, -34.745447599999984 ], [ 143.228781, -34.7477754 ], [ 143.2289484, -34.757738 ], [ 143.2243953, -34.758712 ], [ 143.21911129999998, -34.7526274 ], [ 143.2212773, -34.7428819 ], [ 143.213853299999982, -34.7384823 ], [ 143.22246, -34.7324024 ], [ 143.218854, -34.729457 ], [ 143.2056188, -34.734376499999989 ], [ 143.20091979999998, -34.7334337 ], [ 143.1967206, -34.7208428 ], [ 143.2000922, -34.7170495 ], [ 143.1917578, -34.7127731 ], [ 143.1792888, -34.717315300000017 ], [ 143.1809934, -34.7094683 ], [ 143.173204, -34.719696 ], [ 143.165367, -34.7181226 ], [ 143.1658084, -34.701976800000011 ], [ 143.161696, -34.6979026 ], [ 143.156384, -34.6993221 ], [ 143.1479613, -34.708784 ], [ 143.1474058, -34.7147442 ], [ 143.1349545, -34.7077775 ], [ 143.13347, -34.7005639 ], [ 143.118030299999987, -34.7029791 ], [ 143.1182699, -34.6982507 ], [ 143.127614699999981, -34.6927325 ], [ 143.1070661, -34.7015373 ], [ 143.111428499999988, -34.6871989 ], [ 143.1210949, -34.6874728 ], [ 143.112348699999984, -34.68089 ], [ 143.1063103, -34.6923994 ], [ 143.0928348, -34.7012598 ], [ 143.076228800000024, -34.6959451 ], [ 143.071851899999984, -34.689393 ], [ 143.070769399999989, -34.6783669 ], [ 143.0669877, -34.6794589 ], [ 143.0648665, -34.689403399999989 ], [ 143.0548288, -34.6988414 ], [ 143.0469582, -34.6970715 ], [ 143.043349899999981, -34.6866195 ], [ 143.0404283, -34.6858751 ], [ 143.037525099999982, -34.6916668 ], [ 143.0443929, -34.699287399999982 ], [ 143.039474399999989, -34.7025976 ], [ 143.02943, -34.691838 ], [ 143.0325082, -34.682915 ], [ 143.024202299999985, -34.682909 ], [ 143.021791899999982, -34.6928485 ], [ 143.010186, -34.693644600000013 ], [ 143.0080135, -34.6859538 ], [ 143.017287, -34.6736471 ], [ 143.0011443, -34.669654 ], [ 142.9945797, -34.673858499999987 ], [ 142.989320099999986, -34.6625663 ], [ 142.986072899999982, -34.668383 ], [ 142.975288799999987, -34.670848299999989 ], [ 142.982434, -34.682727199999988 ], [ 142.9773102, -34.6932511 ], [ 142.9727149, -34.6951937 ], [ 142.9678068, -34.691865 ], [ 142.9629794, -34.6756707 ], [ 142.9581177, -34.671093 ], [ 142.959269899999981, -34.6649688 ], [ 142.9488737, -34.6696616 ], [ 142.943731600000035, -34.6620043 ], [ 142.9352003, -34.6607623 ], [ 142.9326121, -34.6555019 ], [ 142.9222734, -34.6564696 ], [ 142.9238503, -34.6478433 ], [ 142.9015336, -34.6549447 ], [ 142.900423600000011, -34.6627124 ], [ 142.8932758, -34.6656656 ], [ 142.9001824, -34.6714511 ], [ 142.8913689, -34.6718334 ], [ 142.89389319999998, -34.678783599999988 ], [ 142.886822, -34.6797949 ], [ 142.8864634, -34.6720717 ], [ 142.875887799999987, -34.6748461 ], [ 142.8721579, -34.6641055 ], [ 142.8641892, -34.6670948 ], [ 142.8605576, -34.6651487 ], [ 142.8695746, -34.6571449 ], [ 142.871873, -34.6502789 ], [ 142.864387199999982, -34.6439884 ], [ 142.8634784, -34.6390614 ], [ 142.8600299, -34.6397885 ], [ 142.8591018, -34.6449275 ], [ 142.855215, -34.6395084 ], [ 142.868183499999986, -34.6272927 ], [ 142.860811200000029, -34.6278728 ], [ 142.8524731, -34.619181499999982 ], [ 142.8476293, -34.6201025 ], [ 142.8450761, -34.6264916 ], [ 142.840685899999983, -34.6257384 ], [ 142.8382464, -34.6130312 ], [ 142.8250445, -34.6087663 ], [ 142.8231241, -34.600238399999988 ], [ 142.8185201, -34.603120099999984 ], [ 142.818514, -34.612344199999974 ], [ 142.8050034, -34.608388399999988 ], [ 142.8029493, -34.6016565 ], [ 142.8097335, -34.5949793 ], [ 142.8102659, -34.5890804 ], [ 142.8030785, -34.588885 ], [ 142.797925700000036, -34.5976154 ], [ 142.7873874, -34.5900185 ], [ 142.785965799999985, -34.5837049 ], [ 142.8013805, -34.5790216 ], [ 142.7964421, -34.571935499999981 ], [ 142.8101102, -34.560841800000013 ], [ 142.8054148, -34.5538876 ], [ 142.7941769, -34.5512583 ], [ 142.7906183, -34.5464056 ], [ 142.7875108, -34.5590471 ], [ 142.779462, -34.5669639 ], [ 142.7719516, -34.5659192 ], [ 142.7699978, -34.5688688 ], [ 142.783559199999985, -34.576082699999986 ], [ 142.7837642, -34.579063499999982 ], [ 142.7584885, -34.5797738 ], [ 142.7482975, -34.576746499999985 ], [ 142.746904299999983, -34.587766399999985 ], [ 142.7634124, -34.5904232 ], [ 142.763524, -34.5967238 ], [ 142.7591798, -34.6001228 ], [ 142.7431985, -34.6027981 ], [ 142.730674099999987, -34.5989617 ], [ 142.7236225, -34.5922722 ], [ 142.714828, -34.600429899999988 ], [ 142.704301099999981, -34.5975569 ], [ 142.6999874, -34.5993663 ], [ 142.7039727, -34.6134938 ], [ 142.6904944, -34.6157191 ], [ 142.689510399999989, -34.618284500000016 ], [ 142.7074414, -34.6188371 ], [ 142.7087957, -34.622650099999987 ], [ 142.700794900000034, -34.624502199999988 ], [ 142.6949625, -34.6358991 ], [ 142.6973787, -34.640968799999989 ], [ 142.689213, -34.6525332 ], [ 142.6954419, -34.6599574 ], [ 142.7086143, -34.6621538 ], [ 142.710760099999987, -34.6757567 ], [ 142.705925399999984, -34.6794942 ], [ 142.684150599999981, -34.6708707 ], [ 142.6805459, -34.672868 ], [ 142.6789061, -34.6808342 ], [ 142.682229, -34.690778699999989 ], [ 142.6910794, -34.7013768 ], [ 142.684479899999985, -34.7140372 ], [ 142.697718399999985, -34.7206699 ], [ 142.699412199999983, -34.7244603 ], [ 142.690939899999989, -34.7267061 ], [ 142.678652799999981, -34.7223317 ], [ 142.6765604, -34.7290328 ], [ 142.686663399999986, -34.7339155 ], [ 142.6789609, -34.739188399999982 ], [ 142.6674189, -34.7358949 ], [ 142.661418699999984, -34.7216934 ], [ 142.6521816, -34.7294471 ], [ 142.6373404, -34.7350304 ], [ 142.623497, -34.7275065 ], [ 142.6183226, -34.7287385 ], [ 142.6163044, -34.736709 ], [ 142.6205042, -34.7571143 ], [ 142.626341599999989, -34.7606322 ], [ 142.639591, -34.757489899999989 ], [ 142.6463707, -34.763302400000015 ], [ 142.6444711, -34.775269600000016 ], [ 142.639329, -34.7802583 ], [ 142.6314372, -34.7843821 ], [ 142.6168276, -34.7854859 ], [ 142.594885399999981, -34.7724561 ], [ 142.576507599999985, -34.771510299999989 ], [ 142.567182699999989, -34.7669152 ], [ 142.556751099999985, -34.775360299999988 ], [ 142.550333, -34.7688593 ], [ 142.550146, -34.7626475 ], [ 142.5387998, -34.7628629 ], [ 142.53356610000003, -34.753054 ], [ 142.5262835, -34.759803399999988 ], [ 142.517050899999987, -34.7548094 ], [ 142.5186181, -34.8639027 ], [ 142.6354169, -34.8640401 ], [ 142.644234899999987, -34.8726526 ], [ 142.64122039999998, -34.883977900000012 ], [ 142.6509132, -34.8866886 ], [ 142.653386400000016, -34.8843008 ], [ 142.6912643, -34.8837965 ], [ 142.6973678, -34.886922399999989 ], [ 142.697293299999984, -34.9242727 ], [ 142.6934148, -34.9345166 ], [ 142.6961674, -34.9392608 ], [ 142.697151599999984, -35.114532 ], [ 142.742968499999989, -35.1150198 ], [ 142.736457100000024, -35.1444391 ], [ 142.734519399999982, -35.1980746 ], [ 142.7483614, -35.1994095 ], [ 142.7937786, -35.247528700000011 ], [ 142.8147016, -35.2366277 ], [ 142.8179892, -35.2308302 ], [ 142.8211982, -35.2346416 ], [ 142.8300328, -35.234936 ], [ 142.856382599999989, -35.2311267 ], [ 142.856386499999985, -35.2392337 ], [ 143.0032993, -35.2493634 ] ] ] } },
{ "type": "Feature", "properties": { "lga_code": "26670", "lga_name": "Towong", "area_sqkm": 6675.1725 }, "geometry": { "type": "Polygon", "coordinates": [ [ [ 147.1011116, -36.2187524 ], [ 147.09708089999998, -36.2324814 ], [ 147.1088337, -36.2342393 ], [ 147.1083668, -36.2419992 ], [ 147.114383799999985, -36.242822300000014 ], [ 147.1221368, -36.2550114 ], [ 147.143489500000015, -36.2584343 ], [ 147.1557636, -36.2815134 ], [ 147.1701194, -36.2904834 ], [ 147.168707399999988, -36.2975094 ], [ 147.174521299999981, -36.2982164 ], [ 147.1858004, -36.3232634 ], [ 147.1968453, -36.335146299999984 ], [ 147.1971513, -36.3401594 ], [ 147.1839125, -36.354255699999989 ], [ 147.176380699999982, -36.3580188 ], [ 147.1776587, -36.3613158 ], [ 147.166567, -36.359313899999989 ], [ 147.16719, -36.371988 ], [ 147.1613902, -36.3782051 ], [ 147.16548419999998, -36.3909601 ], [ 147.1612863, -36.3912031 ], [ 147.1585594, -36.396714100000011 ], [ 147.1621743, -36.404731 ], [ 147.156967399999985, -36.407523 ], [ 147.157961299999982, -36.420764 ], [ 147.149367499999983, -36.432946099999988 ], [ 147.15193739999998, -36.4370971 ], [ 147.141356799999983, -36.445699 ], [ 147.14540070000001, -36.4506551 ], [ 147.1316428, -36.4515662 ], [ 147.1234598, -36.4480014 ], [ 147.1207838, -36.4590584 ], [ 147.1256238, -36.467673399999988 ], [ 147.1184538, -36.4653324 ], [ 147.115554799999984, -36.4714354 ], [ 147.109773900000022, -36.4726585 ], [ 147.108402899999987, -36.4799195 ], [ 147.1130728, -36.4825505 ], [ 147.106888699999985, -36.4874386 ], [ 147.1102024, -36.495426699999989 ], [ 147.1181053, -36.499828699999988 ], [ 147.111888199999981, -36.5036638 ], [ 147.1142921, -36.5118779 ], [ 147.1181201, -36.519827 ], [ 147.1236692, -36.520444899999987 ], [ 147.121152099999989, -36.524827 ], [ 147.129155199999985, -36.5330912 ], [ 147.1259437, -36.551384299999981 ], [ 147.1424298, -36.5555422 ], [ 147.148504799999984, -36.5641393 ], [ 147.161226699999986, -36.5668222 ], [ 147.165062899999981, -36.5786243 ], [ 147.1703219, -36.5830193 ], [ 147.1681581, -36.5868114 ], [ 147.175294399999984, -36.607049499999981 ], [ 147.174919599999981, -36.6161926 ], [ 147.167416, -36.6252158 ], [ 147.167698100000024, -36.6303858 ], [ 147.173242099999982, -36.6335808 ], [ 147.1741653, -36.6394229 ], [ 147.184974899999986, -36.6409677 ], [ 147.1999095, -36.650051500000011 ], [ 147.20695569999998, -36.6647136 ], [ 147.2157219, -36.6709856 ], [ 147.248096799999985, -36.6749662 ], [ 147.2549548, -36.6708581 ], [ 147.2608378, -36.6770061 ], [ 147.2683246, -36.676607 ], [ 147.277460499999989, -36.6829679 ], [ 147.286042399999985, -36.684173799999989 ], [ 147.2905113, -36.6819967 ], [ 147.308392699999985, -36.689789499999989 ], [ 147.3147712, -36.7024857 ], [ 147.31089369999998, -36.7122066 ], [ 147.314803899999987, -36.7239106 ], [ 147.3123717, -36.731675 ], [ 147.31666869999998, -36.734195 ], [ 147.3161437, -36.741035 ], [ 147.3206447, -36.748044 ], [ 147.380135699999983, -36.750713 ], [ 147.38755759999998, -36.757408 ], [ 147.394937699999986, -36.757516 ], [ 147.407635699999986, -36.765305 ], [ 147.4073386, -36.778812 ], [ 147.4131597, -36.783356 ], [ 147.4199946, -36.783014 ], [ 147.439305599999983, -36.800774 ], [ 147.4639946, -36.801658 ], [ 147.4632406, -36.79453 ], [ 147.4687797, -36.793522 ], [ 147.4714056, -36.783056 ], [ 147.4961466, -36.781577 ], [ 147.501412599999981, -36.776166 ], [ 147.526467599999989, -36.771091 ], [ 147.5311016, -36.762182 ], [ 147.5265996, -36.756471 ], [ 147.5356956, -36.752552 ], [ 147.542320599999982, -36.742241 ], [ 147.54189359999998, -36.737555 ], [ 147.9602209, -36.612414699999981 ], [ 148.1344704, -36.7437262 ], [ 148.1367084, -36.7384234 ], [ 148.1307081, -36.7346702 ], [ 148.1390994, -36.7322008 ], [ 148.149104, -36.7197299 ], [ 148.1545629, -36.7202235 ], [ 148.1618303, -36.7155171 ], [ 148.162581499999987, -36.7115193 ], [ 148.1696566, -36.713359 ], [ 148.17312, -36.702553 ], [ 148.18906149999998, -36.6881164 ], [ 148.185744699999987, -36.687958599999988 ], [ 148.187616599999984, -36.6861056 ], [ 148.184021299999984, -36.6831407 ], [ 148.1902384, -36.6749582 ], [ 148.1992665, -36.6722051 ], [ 148.1962251, -36.667755 ], [ 148.203518299999985, -36.6622798 ], [ 148.2004528, -36.6595538 ], [ 148.203071699999981, -36.6538152 ], [ 148.2111764, -36.650506 ], [ 148.2097077, -36.6449794 ], [ 148.2121826, -36.6398262 ], [ 148.2162266, -36.639647599999989 ], [ 148.2119246, -36.6328385 ], [ 148.2151058, -36.6344602 ], [ 148.2206902, -36.6255416 ], [ 148.2189249, -36.6186655 ], [ 148.214250199999981, -36.6199547 ], [ 148.2143696, -36.6105793 ], [ 148.2027862, -36.611903 ], [ 148.2068927, -36.608280799999989 ], [ 148.2097827, -36.6103811 ], [ 148.215865799999989, -36.6044851 ], [ 148.212704699999989, -36.6007943 ], [ 148.217513699999984, -36.5980743 ], [ 148.2106104, -36.592966 ], [ 148.2047877, -36.5926194 ], [ 148.2059961, -36.5869198 ], [ 148.1903355, -36.5848787 ], [ 148.1901393, -36.5766079 ], [ 148.1791988, -36.5800321 ], [ 148.171319499999981, -36.5781254 ], [ 148.169416499999983, -36.573682499999983 ], [ 148.1607186, -36.5797625 ], [ 148.162583499999982, -36.572825 ], [ 148.156632299999984, -36.5715969 ], [ 148.1588021, -36.5656178 ], [ 148.1504936, -36.5583229 ], [ 148.1469706, -36.5632964 ], [ 148.1334157, -36.5669083 ], [ 148.124342499999983, -36.5506293 ], [ 148.129263, -36.5459072 ], [ 148.1286762, -36.541613 ], [ 148.13405, -36.5390548 ], [ 148.1398212, -36.525433 ], [ 148.1299984, -36.5131867 ], [ 148.128357099999988, -36.5026025 ], [ 148.117636299999987, -36.4954633 ], [ 148.126239, -36.4856686 ], [ 148.119098799999989, -36.4818718 ], [ 148.124950899999988, -36.4792166 ], [ 148.1224341, -36.471033099999985 ], [ 148.1246677, -36.4647005 ], [ 148.1113126, -36.4572312 ], [ 148.1017415, -36.457101199999983 ], [ 148.0876068, -36.4518824 ], [ 148.087823899999989, -36.4350263 ], [ 148.079357499999986, -36.4251541 ], [ 148.0802855, -36.4220883 ], [ 148.0762715, -36.4179796 ], [ 148.05995009999998, -36.4155253 ], [ 148.0546415, -36.4086766 ], [ 148.058456, -36.4066975 ], [ 148.058169, -36.4007907 ], [ 148.049680199999983, -36.398839 ], [ 148.0463886, -36.390624200000012 ], [ 148.0375152, -36.3900224 ], [ 148.0453646, -36.3823702 ], [ 148.0382043, -36.3785318 ], [ 148.043752, -36.374771 ], [ 148.0402684, -36.371662 ], [ 148.0459713, -36.3670251 ], [ 148.0378409, -36.366233400000013 ], [ 148.0446991, -36.3538296 ], [ 148.0489647, -36.3556189 ], [ 148.045285399999983, -36.3516527 ], [ 148.0556188, -36.334374 ], [ 148.051248099999981, -36.3245446 ], [ 148.05894619999998, -36.3200338 ], [ 148.054861, -36.316648799999989 ], [ 148.04706059999998, -36.3184404 ], [ 148.0464624, -36.3152329 ], [ 148.0385037, -36.3145582 ], [ 148.0350171, -36.310565 ], [ 148.0439332, -36.2994669 ], [ 148.0393747, -36.2988974 ], [ 148.035239, -36.2923163 ], [ 148.0400161, -36.2926411 ], [ 148.040124, -36.284144 ], [ 148.035936199999981, -36.2848331 ], [ 148.033758, -36.2822177 ], [ 148.037693499999989, -36.2804224 ], [ 148.0329448, -36.2753081 ], [ 148.0352086, -36.2727149 ], [ 148.032833899999986, -36.265847199999989 ], [ 148.0386823, -36.2592085 ], [ 148.0288457, -36.247031299999989 ], [ 148.0295482, -36.2433969 ], [ 148.035346, -36.2406748 ], [ 148.034905400000014, -36.2341033 ], [ 148.026101499999982, -36.2230289 ], [ 148.0300589, -36.2226645 ], [ 148.0333144, -36.2159115 ], [ 148.0372844, -36.2171839 ], [ 148.037042499999984, -36.2094334 ], [ 148.0406261, -36.206939099999985 ], [ 148.034977199999986, -36.192701 ], [ 148.0321583, -36.1933809 ], [ 148.029209899999984, -36.1879416 ], [ 148.024364599999984, -36.187870499999988 ], [ 148.021824899999984, -36.1764495 ], [ 148.0234161, -36.1738974 ], [ 148.026175699999982, -36.1758737 ], [ 148.025214399999982, -36.168409 ], [ 148.0291474, -36.1686628 ], [ 148.0348007, -36.1629699 ], [ 148.0271406, -36.1617185 ], [ 148.0229042, -36.1534449 ], [ 148.028974399999981, -36.1553542 ], [ 148.0314991, -36.1494882 ], [ 148.035196499999984, -36.1525236 ], [ 148.037732100000028, -36.1407845 ], [ 148.0328739, -36.142888899999988 ], [ 148.028803, -36.1400993 ], [ 148.0314764, -36.1425848 ], [ 148.0289057, -36.144157799999988 ], [ 148.02579609999998, -36.1399146 ], [ 148.0203239, -36.1416289 ], [ 148.014024299999988, -36.1374122 ], [ 148.0106553, -36.1393333 ], [ 148.0100024, -36.1358698 ], [ 148.008790500000032, -36.140528499999988 ], [ 148.004372, -36.140079 ], [ 148.000542, -36.1243427 ], [ 147.9906211, -36.121074 ], [ 147.995365099999987, -36.1187204 ], [ 147.9931547, -36.11659 ], [ 147.9982354, -36.1159071 ], [ 147.9922865, -36.1148445 ], [ 147.9957205, -36.110688599999989 ], [ 147.9910796, -36.1112384 ], [ 147.995681599999983, -36.108799 ], [ 147.994086, -36.105007199999989 ], [ 147.9976681, -36.104687800000015 ], [ 147.9958464, -36.102628599999981 ], [ 147.999223699999988, -36.098642200000015 ], [ 147.9940244, -36.1003546 ], [ 147.995498, -36.0957144 ], [ 147.9911391, -36.0956195 ], [ 147.99379829999998, -36.0926958 ], [ 147.987411, -36.0930614 ], [ 147.989152499999989, -36.0900386 ], [ 147.984972, -36.090888199999988 ], [ 147.9802358, -36.0866274 ], [ 147.9841997, -36.0831011 ], [ 147.9823946, -36.0778783 ], [ 147.987087100000025, -36.079633199999982 ], [ 147.9923354, -36.074602 ], [ 147.989472299999989, -36.068465 ], [ 147.999198399999983, -36.0584692 ], [ 147.996665299999989, -36.0507174 ], [ 147.9996971, -36.0461906 ], [ 147.992146599999984, -36.04869 ], [ 147.991266400000029, -36.0525461 ], [ 147.989166899999987, -36.049151699999989 ], [ 147.9864906, -36.0516459 ], [ 147.987151499999982, -36.0464053 ], [ 147.9839743, -36.0448056 ], [ 147.9881337, -36.0433835 ], [ 147.9817521, -36.0447365 ], [ 147.9817797, -36.0402412 ], [ 147.97940939999998, -36.0464141 ], [ 147.97323990000001, -36.0463013 ], [ 147.974266199999988, -36.0384925 ], [ 147.9649665, -36.0468444 ], [ 147.956356299999982, -36.044003599999989 ], [ 147.9589972, -36.040966099999984 ], [ 147.9456901, -36.0465754 ], [ 147.9376728, -36.042386199999989 ], [ 147.9342632, -36.0476294 ], [ 147.9239763, -36.0424825 ], [ 147.9281413, -36.0377632 ], [ 147.923758099999986, -36.0356967 ], [ 147.9315646, -36.035254299999984 ], [ 147.924063499999988, -36.0291257 ], [ 147.9114954, -36.0265843 ], [ 147.9150637, -36.0230544 ], [ 147.9104762, -36.0213364 ], [ 147.9161796, -36.0199961 ], [ 147.9127876, -36.018069199999985 ], [ 147.9170886, -36.011191 ], [ 147.913987599999984, -36.0090999 ], [ 147.9165457, -36.0047722 ], [ 147.9141367, -36.0016006 ], [ 147.908549099999988, -36.0014604 ], [ 147.9140027, -35.9979413 ], [ 147.9125709, -35.995274199999983 ], [ 147.895703600000019, -35.9930052 ], [ 147.8991858, -35.9955093 ], [ 147.897512, -35.9998488 ], [ 147.8886665, -35.9976647 ], [ 147.882885499999986, -36.001785399999982 ], [ 147.8820912, -35.9965774 ], [ 147.8731259, -35.990994 ], [ 147.8701362, -35.993583 ], [ 147.8664015, -35.9896513 ], [ 147.8619881, -35.9922787 ], [ 147.8602029, -35.987162599999984 ], [ 147.8496317, -35.989720699999978 ], [ 147.8475018, -35.9841311 ], [ 147.8509243, -35.9815695 ], [ 147.8435886, -35.9827519 ], [ 147.8412625, -35.980102699999989 ], [ 147.8405057, -35.9843342 ], [ 147.8338047, -35.9792589 ], [ 147.817503400000021, -35.9797276 ], [ 147.813238, -35.9759782 ], [ 147.8157904, -35.9717998 ], [ 147.806158899999986, -35.965044 ], [ 147.796445299999988, -35.9638199 ], [ 147.7768552, -35.9686011 ], [ 147.7668026, -35.964145 ], [ 147.7732666, -35.958849600000015 ], [ 147.763453100000021, -35.9587965 ], [ 147.7568992, -35.954757799999989 ], [ 147.749472299999979, -35.9574622 ], [ 147.741297399999979, -35.9564768 ], [ 147.728576799999985, -35.9475008 ], [ 147.7186772, -35.9454997 ], [ 147.717761199999984, -35.938546 ], [ 147.7084198, -35.9285316 ], [ 147.680015, -35.9444262 ], [ 147.6722986, -35.942517499999987 ], [ 147.646782699999989, -35.945995499999988 ], [ 147.6377762, -35.962097 ], [ 147.6205215, -35.9675702 ], [ 147.601443099999983, -35.9791056 ], [ 147.594208899999984, -35.9698243 ], [ 147.58087279999998, -35.967988199999986 ], [ 147.578755199999989, -35.974207699999987 ], [ 147.574890899999986, -35.9751455 ], [ 147.5728743, -35.9693213 ], [ 147.5641612, -35.9694206 ], [ 147.567392499999983, -35.9648221 ], [ 147.560561399999983, -35.9687426 ], [ 147.5491208, -35.9645366 ], [ 147.54849, -35.9687781 ], [ 147.551789, -35.9709931 ], [ 147.547659399999986, -35.9786124 ], [ 147.558893499999982, -35.9724759 ], [ 147.565425799999986, -35.978589800000016 ], [ 147.5814337, -35.9780136 ], [ 147.584033, -35.9846349 ], [ 147.5518793, -36.004082299999986 ], [ 147.5458237, -35.9969893 ], [ 147.5284311, -35.986943 ], [ 147.5211158, -35.9863843 ], [ 147.520226799999989, -35.9797823 ], [ 147.5152359, -35.975974 ], [ 147.525519, -35.9631956 ], [ 147.5162315, -35.958750800000011 ], [ 147.51179879999998, -35.962252800000016 ], [ 147.494117499999987, -35.9435359 ], [ 147.488467700000029, -35.948710899999988 ], [ 147.481558799999988, -35.949209899999985 ], [ 147.4788409, -35.942676 ], [ 147.464078, -35.944124 ], [ 147.454426399999988, -35.951585 ], [ 147.456161399999985, -35.957766 ], [ 147.4506906, -35.960791 ], [ 147.4219889, -35.948823 ], [ 147.408414100000016, -35.9482191 ], [ 147.4050241, -35.9435071 ], [ 147.3954134, -35.9490701 ], [ 147.3918454, -35.9476272 ], [ 147.3926516, -35.9550322 ], [ 147.387149699999981, -35.958993299999989 ], [ 147.394162599999987, -35.9604572 ], [ 147.3882308, -35.9634423 ], [ 147.3925059, -35.9733313 ], [ 147.383685, -35.9723393 ], [ 147.3739213, -35.977855399999982 ], [ 147.3765512, -35.9766654 ], [ 147.3720333, -35.9806755 ], [ 147.374302299999982, -35.9796724 ], [ 147.3748613, -35.9823045 ], [ 147.3581987, -35.9912626 ], [ 147.3531859, -36.0007458 ], [ 147.355293, -36.0098188 ], [ 147.348928199999989, -36.012932899999988 ], [ 147.3456864, -36.018759 ], [ 147.3462295, -36.0245311 ], [ 147.352830399999988, -36.0317361 ], [ 147.34378479999998, -36.0421634 ], [ 147.332305, -36.047000499999982 ], [ 147.329423199999979, -36.054184599999985 ], [ 147.3192635, -36.061113899999988 ], [ 147.3180324, -36.0547978 ], [ 147.3113635, -36.0537949 ], [ 147.3155825, -36.0583959 ], [ 147.3107656, -36.061051 ], [ 147.3022666, -36.0500289 ], [ 147.304784500000011, -36.0474169 ], [ 147.2874056, -36.043487 ], [ 147.285182599999985, -36.039426 ], [ 147.2799637, -36.043274100000012 ], [ 147.266842699999984, -36.0393462 ], [ 147.251785899999987, -36.0415674 ], [ 147.242384, -36.0384695 ], [ 147.2388741, -36.0433026 ], [ 147.2320412, -36.0423677 ], [ 147.2248284, -36.0484929 ], [ 147.2149425, -36.0466859 ], [ 147.2063047, -36.0501231 ], [ 147.1876038, -36.0423222 ], [ 147.1877518, -36.0382561 ], [ 147.1644619, -36.0307853 ], [ 147.155285, -36.0359525 ], [ 147.14931, -36.031964499999987 ], [ 147.144367099999982, -36.0377516 ], [ 147.144697, -36.0312575 ], [ 147.13134119999998, -36.024380699999988 ], [ 147.1273972, -36.0180337 ], [ 147.123363, -35.9944845 ], [ 147.12077309999998, -36.0003266 ], [ 147.1166921, -35.998494699999988 ], [ 147.1119372, -36.0009087 ], [ 147.1162862, -36.0076217 ], [ 147.1068253, -36.0048119 ], [ 147.1092334, -36.0125359 ], [ 147.0981155, -36.0101671 ], [ 147.098617499999989, -36.012399099999989 ], [ 147.1054624, -36.011742 ], [ 147.1063695, -36.016442 ], [ 147.1010345, -36.0199631 ], [ 147.0976766, -36.015810099999989 ], [ 147.099100600000014, -36.026181199999982 ], [ 147.0921458, -36.0276373 ], [ 147.1037177, -36.0328412 ], [ 147.0997858, -36.0389273 ], [ 147.0963898, -36.038586299999984 ], [ 147.0992118, -36.0425743 ], [ 147.0970089, -36.0467714 ], [ 147.091588, -36.0438485 ], [ 147.095557, -36.0525575 ], [ 147.090406100000024, -36.049212499999989 ], [ 147.088228099999981, -36.0531876 ], [ 147.080534299999982, -36.0538007 ], [ 147.0854453, -36.0558607 ], [ 147.0793184, -36.0566048 ], [ 147.074529499999983, -36.064077799999986 ], [ 147.0687965, -36.0604349 ], [ 147.066816599999981, -36.068609 ], [ 147.0618177, -36.066142 ], [ 147.0595207, -36.0740269 ], [ 147.0630257, -36.0824791 ], [ 147.057796699999983, -36.0854752 ], [ 147.0593447, -36.0894912 ], [ 147.0523728, -36.0903083 ], [ 147.050153, -36.0981664 ], [ 147.0557009, -36.1002693 ], [ 147.053086, -36.1076784 ], [ 147.048859099999987, -36.1038124 ], [ 147.0422331, -36.1043675 ], [ 147.042332200000033, -36.10929849999998 ], [ 147.035069099999987, -36.1149633 ], [ 147.0336724, -36.1235467 ], [ 147.0356065, -36.1345788 ], [ 147.050614599999989, -36.163229799999982 ], [ 147.068562499999985, -36.1797997 ], [ 147.085984699999983, -36.2097975 ], [ 147.1011116, -36.2187524 ] ] ] } },
{ "type": "Feature", "properties": { "lga_code": "26700", "lga_name": "Wangaratta", "area_sqkm": 3645.1096 }, "geometry": { "type": "Polygon", "coordinates": [ [ [ 146.1810558, -36.2974834 ], [ 146.181092399999983, -36.3376052 ], [ 146.193772199999984, -36.337406 ], [ 146.1969631, -36.3341319 ], [ 146.2046181, -36.345976899999989 ], [ 146.205214399999988, -36.3645231 ], [ 146.219466899999986, -36.357150899999986 ], [ 146.210344599999985, -36.4092524 ], [ 146.204191800000018, -36.4107175 ], [ 146.224654099999981, -36.4489388 ], [ 146.1951297, -36.461611199999979 ], [ 146.1982207, -36.4659292 ], [ 146.175951, -36.4727875 ], [ 146.1846951, -36.4861265 ], [ 146.2097311, -36.5026824 ], [ 146.208846199999982, -36.5090214 ], [ 146.2021723, -36.5090555 ], [ 146.202220399999987, -36.5199235 ], [ 146.1952545, -36.5229596 ], [ 146.1951628, -36.5420276 ], [ 146.1999017, -36.542019599999989 ], [ 146.199932, -36.5620502 ], [ 146.1950249, -36.5635829 ], [ 146.194948399999987, -36.587558699999988 ], [ 146.2128769, -36.5894759 ], [ 146.211073699999986, -36.597661 ], [ 146.2254661, -36.599557399999988 ], [ 146.2193844, -36.625933599999989 ], [ 146.2226244, -36.6265386 ], [ 146.2180864, -36.6299746 ], [ 146.21426169999998, -36.6479466 ], [ 146.235564899999986, -36.6976076 ], [ 146.231155199999989, -36.7165556 ], [ 146.244761, -36.7197925 ], [ 146.249590899999987, -36.726427600000015 ], [ 146.2499861, -36.737423600000014 ], [ 146.254938, -36.7427506 ], [ 146.2501001, -36.7482857 ], [ 146.250934299999983, -36.7550187 ], [ 146.2433704, -36.7583197 ], [ 146.2444735, -36.765812699999984 ], [ 146.2397358, -36.777194799999982 ], [ 146.248382, -36.8010689 ], [ 146.2512384, -36.8399881 ], [ 146.2465456, -36.8482712 ], [ 146.242939, -36.869551299999983 ], [ 146.259025899999983, -36.8872563 ], [ 146.2553398, -36.9059329 ], [ 146.268630900000034, -36.9120963 ], [ 146.2726878, -36.9103003 ], [ 146.2808148, -36.923080899999988 ], [ 146.2771258, -36.9303269 ], [ 146.280279799999988, -36.9344099 ], [ 146.2895368, -36.9355069 ], [ 146.2923178, -36.9418109 ], [ 146.304198899999989, -36.9484384 ], [ 146.31489160000001, -36.9484943 ], [ 146.3170747, -36.9531263 ], [ 146.335734299999984, -36.952965199999987 ], [ 146.6470507, -37.163146 ], [ 146.638837699999982, -37.1272819 ], [ 146.649148699999984, -37.123757 ], [ 146.652466299999986, -37.1163662 ], [ 146.6739842, -37.113271399999988 ], [ 146.6723318, -36.9827614 ], [ 146.6545916, -36.9701345 ], [ 146.653671, -36.9477854 ], [ 146.6436, -36.935147499999985 ], [ 146.650398599999988, -36.9260434 ], [ 146.640111499999989, -36.910315499999989 ], [ 146.645529, -36.8913484 ], [ 146.6419259, -36.8818814 ], [ 146.6439136, -36.8697603 ], [ 146.6350008, -36.8682864 ], [ 146.625718, -36.8565636 ], [ 146.6378207, -36.8467295 ], [ 146.6425697, -36.8127982 ], [ 146.6315008, -36.8052762 ], [ 146.5664689, -36.7411099 ], [ 146.6002019, -36.7108212 ], [ 146.605376799999988, -36.710788099999981 ], [ 146.6085007, -36.7038559 ], [ 146.6183895, -36.6984217 ], [ 146.624526299999985, -36.6850075 ], [ 146.630873, -36.6827604 ], [ 146.63107, -36.6787433 ], [ 146.6226063, -36.6718842 ], [ 146.615526499999987, -36.6530618 ], [ 146.6185543, -36.6424346 ], [ 146.622957099999979, -36.639338599999988 ], [ 146.6220011, -36.6313084 ], [ 146.6447806, -36.6142107 ], [ 146.649385599999988, -36.6009612 ], [ 146.6478426, -36.590298 ], [ 146.6628402, -36.5725962 ], [ 146.670507, -36.5689701 ], [ 146.670895799999983, -36.55844 ], [ 146.6582161, -36.5528712 ], [ 146.66117, -36.5390171 ], [ 146.665826899999985, -36.540035 ], [ 146.670206799999988, -36.5356529 ], [ 146.661584100000027, -36.5237445 ], [ 146.6560026, -36.5202496 ], [ 146.654536399999984, -36.527160099999989 ], [ 146.648347199999989, -36.5247593 ], [ 146.6439106, -36.528355399999981 ], [ 146.634343199999989, -36.522523 ], [ 146.647521600000033, -36.5115765 ], [ 146.6487995, -36.5048365 ], [ 146.6426405, -36.5041226 ], [ 146.643434499999984, -36.499565 ], [ 146.6466704, -36.4999704 ], [ 146.651242199999984, -36.4896503 ], [ 146.6567042, -36.4908144 ], [ 146.6576531, -36.488365 ], [ 146.671394, -36.4915338 ], [ 146.6813278, -36.4834556 ], [ 146.688850699999989, -36.4838115 ], [ 146.6955376, -36.4798574 ], [ 146.7108504, -36.4818551 ], [ 146.7194513, -36.477054 ], [ 146.72578679999998, -36.4592099 ], [ 146.7250104, -36.4186937 ], [ 146.6953996, -36.4131651 ], [ 146.6938786, -36.4177461 ], [ 146.689032699999984, -36.4171172 ], [ 146.687860799999982, -36.421596199999989 ], [ 146.683209799999986, -36.4174033 ], [ 146.675441799999987, -36.4163984 ], [ 146.676479799999981, -36.4125144 ], [ 146.666350900000026, -36.408669499999988 ], [ 146.655293, -36.409641599999986 ], [ 146.642902099999986, -36.4058748 ], [ 146.6434682, -36.4022452 ], [ 146.6312266, -36.4044579 ], [ 146.616810499999985, -36.3953948 ], [ 146.6118554, -36.3961361 ], [ 146.6140144, -36.3812498 ], [ 146.604259499999984, -36.3811433 ], [ 146.6132212, -36.3721492 ], [ 146.6109667, -36.3669528 ], [ 146.617072, -36.3584981 ], [ 146.613516899999979, -36.357861799999988 ], [ 146.620336899999984, -36.351860699999982 ], [ 146.6239468, -36.3375906 ], [ 146.6198728, -36.3369876 ], [ 146.6222727, -36.3249935 ], [ 146.6256467, -36.324449499999986 ], [ 146.6281204, -36.311165 ], [ 146.632449799999989, -36.305887 ], [ 146.6354006, -36.306248 ], [ 146.6332698, -36.301437899999989 ], [ 146.622407899999985, -36.3006289 ], [ 146.6189518, -36.3080959 ], [ 146.5958298, -36.3113929 ], [ 146.590034799999984, -36.3165739 ], [ 146.5769488, -36.318746 ], [ 146.5705428, -36.3256899 ], [ 146.557980499999985, -36.328698800000012 ], [ 146.5715578, -36.2536029 ], [ 146.5124343, -36.246653599999981 ], [ 146.521906199999989, -36.2347324 ], [ 146.534432, -36.2313982 ], [ 146.5356756, -36.228282199999988 ], [ 146.5251968, -36.2151839 ], [ 146.5314742, -36.1860849 ], [ 146.5362489, -36.186742899999985 ], [ 146.540244199999989, -36.1832567 ], [ 146.521990499999987, -36.1775931 ], [ 146.5232924, -36.1715131 ], [ 146.5092952, -36.168614399999989 ], [ 146.5024114, -36.170761500000012 ], [ 146.5012686, -36.1684043 ], [ 146.2842032, -36.142250499999989 ], [ 146.294689399999982, -36.0875218 ], [ 146.2764927, -36.0848957 ], [ 146.277922599999982, -36.0775597 ], [ 146.2034186, -36.0693682 ], [ 146.200715699999989, -36.071359199999989 ], [ 146.201621599999982, -36.0803232 ], [ 146.196675699999986, -36.0855824 ], [ 146.212927399999984, -36.087404 ], [ 146.2152094, -36.089306 ], [ 146.2100524, -36.0918731 ], [ 146.213111400000031, -36.094061 ], [ 146.2147764, -36.092089 ], [ 146.2164534, -36.097319899999988 ], [ 146.2099155, -36.096986099999988 ], [ 146.212665499999986, -36.098321 ], [ 146.209422499999988, -36.099415100000016 ], [ 146.2106785, -36.1028751 ], [ 146.20484159999998, -36.1052572 ], [ 146.216762499999987, -36.1075849 ], [ 146.213409500000012, -36.108613 ], [ 146.215705499999984, -36.114882 ], [ 146.209805499999987, -36.1153021 ], [ 146.2088755, -36.1119021 ], [ 146.205625600000019, -36.1132212 ], [ 146.204633699999988, -36.1259472 ], [ 146.2282856, -36.1316918 ], [ 146.230419399999988, -36.1284865 ], [ 146.2366946, -36.128683599999988 ], [ 146.24132160000002, -36.1332496 ], [ 146.23901859999998, -36.136253599999989 ], [ 146.2435906, -36.1385535 ], [ 146.2371547, -36.142346599999989 ], [ 146.240847699999989, -36.1481686 ], [ 146.236530700000031, -36.146942699999983 ], [ 146.239699700000017, -36.1517766 ], [ 146.2349357, -36.1540767 ], [ 146.2382427, -36.157676599999988 ], [ 146.2362516, -36.1648776 ], [ 146.228852599999982, -36.1671017 ], [ 146.2303576, -36.1704217 ], [ 146.237576599999983, -36.1693376 ], [ 146.238971599999985, -36.1716196 ], [ 146.239839599999982, -36.1686736 ], [ 146.2453916, -36.167686499999988 ], [ 146.2427586, -36.1701125 ], [ 146.2465525, -36.1768725 ], [ 146.2419246, -36.179676500000014 ], [ 146.244779599999987, -36.1815645 ], [ 146.2392356, -36.1810386 ], [ 146.236681799999985, -36.1905447 ], [ 146.233147699999989, -36.1882957 ], [ 146.234060699999986, -36.182983699999987 ], [ 146.2209287, -36.1829549 ], [ 146.2236273, -36.1868623 ], [ 146.1310579, -36.1867776 ], [ 146.1315525, -36.283163500000015 ], [ 146.1471259, -36.2991909 ], [ 146.163930199999982, -36.2988992 ], [ 146.1703101, -36.2954601 ], [ 146.1810558, -36.2974834 ] ] ] } },
{ "type": "Feature", "properties": { "lga_code": "26730", "lga_name": "Warrnambool", "area_sqkm": 120.9487 }, "geometry": { "type": "Polygon", "coordinates": [ [ [ 142.4619353, -38.3136437 ], [ 142.4503406, -38.3160735 ], [ 142.428992599999987, -38.314387299999986 ], [ 142.4255651, -38.3507865 ], [ 142.43209109999998, -38.3535634 ], [ 142.4223625, -38.3723847 ], [ 142.4532945, -38.3914703 ], [ 142.453816499999988, -38.3960383 ], [ 142.467192399999988, -38.3987912 ], [ 142.4716594, -38.4042971 ], [ 142.472778299999987, -38.401648099999989 ], [ 142.4746883, -38.4043091 ], [ 142.480604199999988, -38.401379 ], [ 142.475876299999982, -38.4012381 ], [ 142.4798811, -38.394558 ], [ 142.4956469, -38.3948268 ], [ 142.5090328, -38.4033416 ], [ 142.527531499999981, -38.4060094 ], [ 142.563325, -38.4219911 ], [ 142.6090166, -38.4501306 ], [ 142.611300299999982, -38.4372866 ], [ 142.6051904, -38.436548599999988 ], [ 142.6091073, -38.4305107 ], [ 142.6046853, -38.429739699999985 ], [ 142.606983099999979, -38.416641599999984 ], [ 142.609652, -38.4168725 ], [ 142.611398899999983, -38.4070845 ], [ 142.6204337, -38.4080394 ], [ 142.61708059999998, -38.3981094 ], [ 142.619923699999987, -38.3984714 ], [ 142.6209604, -38.3885903 ], [ 142.6092893, -38.3873647 ], [ 142.615431299999983, -38.3843637 ], [ 142.594177299999984, -38.3835627 ], [ 142.5700903, -38.3884817 ], [ 142.5724323, -38.3742427 ], [ 142.553898299999986, -38.3722467 ], [ 142.556364299999984, -38.359623699999986 ], [ 142.5310043, -38.3557017 ], [ 142.518969299999981, -38.3586247 ], [ 142.5226279, -38.33620759999998 ], [ 142.517843299999981, -38.3389037 ], [ 142.520307299999985, -38.325271699999981 ], [ 142.5098893, -38.312544699999989 ], [ 142.492031299999979, -38.312834699999982 ], [ 142.492604299999982, -38.3092397 ], [ 142.465082, -38.3062149 ], [ 142.4619353, -38.3136437 ] ] ] } },
{ "type": "Feature", "properties": { "lga_code": "26810", "lga_name": "Wellington", "area_sqkm": 10817.4231 }, "geometry": { "type": "MultiPolygon", "coordinates": [ [ [ [ 146.6807124, -38.9553116 ], [ 146.6840023, -38.9540916 ], [ 146.6839923, -38.9534015 ], [ 146.6800323, -38.9528516 ], [ 146.6807124, -38.9553116 ] ] ], [ [ [ 146.703692, -38.9507114 ], [ 146.706971899999985, -38.949601399999985 ], [ 146.70382189999998, -38.9493314 ], [ 146.703692, -38.9507114 ] ] ], [ [ [ 146.678102199999984, -38.9431714 ], [ 146.6789622, -38.9407614 ], [ 146.6746722, -38.937281299999988 ], [ 146.673372299999983, -38.9388914 ], [ 146.678102199999984, -38.9431714 ] ] ], [ [ [ 146.6598022, -38.9215398 ], [ 146.660652299999981, -38.9268604 ], [ 146.6653322, -38.9259802 ], [ 146.6645821, -38.92346 ], [ 146.6598022, -38.9215398 ] ] ], [ [ [ 146.621960400000034, -38.750253 ], [ 146.6278796, -38.7482749 ], [ 146.6425686, -38.7471869 ], [ 146.6404795, -38.744206 ], [ 146.623498700000027, -38.747903 ], [ 146.621960400000034, -38.750253 ] ] ], [ [ [ 146.576398499999982, -38.7072339 ], [ 146.5768895, -38.707043 ], [ 146.576767499999988, -38.7068839 ], [ 146.576398499999982, -38.7072339 ] ] ], [ [ [ 146.5744444, -38.7042109 ], [ 146.5723276, -38.7002699 ], [ 146.5713236, -38.704808 ], [ 146.5744444, -38.7042109 ] ] ], [ [ [ 146.5417607, -38.747158899999988 ], [ 146.5409936, -38.746084 ], [ 146.5392357, -38.7477789 ], [ 146.5417607, -38.747158899999988 ] ] ], [ [ [ 146.544365699999986, -38.743904 ], [ 146.5480107, -38.7455029 ], [ 146.5533556, -38.7410119 ], [ 146.5467406, -38.7429029 ], [ 146.5489557, -38.73981 ], [ 146.54592839999998, -38.739695 ], [ 146.544365699999986, -38.743904 ] ] ], [ [ [ 146.4659786, -38.7367529 ], [ 146.463932699999987, -38.737336 ], [ 146.4641905, -38.737846 ], [ 146.4659786, -38.7367529 ] ] ], [ [ [ 146.52704140000003, -38.7401209 ], [ 146.527841699999982, -38.741869 ], [ 146.5284026, -38.740727 ], [ 146.52704140000003, -38.7401209 ] ] ], [ [ [ 146.5407707, -38.745167 ], [ 146.5410177, -38.7456539 ], [ 146.5412196, -38.745039 ], [ 146.5407707, -38.745167 ] ] ], [ [ [ 146.5287885, -38.712919 ], [ 146.53174439999998, -38.715863 ], [ 146.536441699999983, -38.7164769 ], [ 146.5328126, -38.715382 ], [ 146.5287885, -38.712919 ] ] ], [ [ [ 146.4629305, -38.713728 ], [ 146.453702599999986, -38.7104389 ], [ 146.4460987, -38.712252 ], [ 146.4387784, -38.7278539 ], [ 146.4482075, -38.7286449 ], [ 146.460900399999986, -38.7238129 ], [ 146.4684006, -38.717308 ], [ 146.476550700000018, -38.719535 ], [ 146.4837705, -38.7178369 ], [ 146.4933436, -38.7251809 ], [ 146.5019274, -38.716239 ], [ 146.4962607, -38.7175569 ], [ 146.4910554, -38.713584 ], [ 146.4783694, -38.711847 ], [ 146.4629305, -38.713728 ] ] ], [ [ [ 146.509622399999984, -38.7216679 ], [ 146.5122036, -38.7242349 ], [ 146.5168404, -38.7210569 ], [ 146.509622399999984, -38.7216679 ] ] ], [ [ [ 146.567699399999981, -38.742348 ], [ 146.5418065, -38.755905899999988 ], [ 146.546117399999986, -38.75773 ], [ 146.538675499999982, -38.756641 ], [ 146.5009216, -38.76303 ], [ 146.498083700000024, -38.758672 ], [ 146.5087044, -38.759368 ], [ 146.5238914, -38.752642 ], [ 146.5204167, -38.7501199 ], [ 146.5192625, -38.753105 ], [ 146.5082505, -38.7528909 ], [ 146.512905599999982, -38.746319 ], [ 146.5253707, -38.7390959 ], [ 146.533389699999987, -38.738864 ], [ 146.5416495, -38.727732 ], [ 146.5239767, -38.728399 ], [ 146.52676169999998, -38.7303839 ], [ 146.519166399999989, -38.732497900000013 ], [ 146.5211626, -38.734725 ], [ 146.508182399999981, -38.737217 ], [ 146.5060315, -38.733573 ], [ 146.5155905, -38.730685 ], [ 146.5123156, -38.725401 ], [ 146.5030816, -38.726778 ], [ 146.5095886, -38.7185209 ], [ 146.4950057, -38.729109 ], [ 146.4819665, -38.729669 ], [ 146.4820734, -38.726592899999986 ], [ 146.4775864, -38.729577 ], [ 146.4713487, -38.728354 ], [ 146.4718804, -38.7354409 ], [ 146.464610599999986, -38.739109 ], [ 146.4947645, -38.774823900000015 ], [ 146.5229846, -38.7816439 ], [ 146.5453456, -38.790876 ], [ 146.5609656, -38.785128899999989 ], [ 146.597639499999985, -38.759470900000011 ], [ 146.610980399999988, -38.75621 ], [ 146.6258815, -38.7592889 ], [ 146.6560074, -38.755374 ], [ 146.6677384, -38.7477979 ], [ 146.666073399999988, -38.7448279 ], [ 146.663248399999986, -38.744417 ], [ 146.666730299999983, -38.7464849 ], [ 146.664913399999989, -38.749298 ], [ 146.6545865, -38.7549889 ], [ 146.6225627, -38.758218 ], [ 146.615368499999988, -38.755651 ], [ 146.621548599999983, -38.753572 ], [ 146.6072274, -38.749468 ], [ 146.6013544, -38.7520739 ], [ 146.5994935, -38.747714 ], [ 146.6029355, -38.7441799 ], [ 146.5935316, -38.742981 ], [ 146.5842767, -38.747850899999982 ], [ 146.5919706, -38.742521 ], [ 146.5876906, -38.740181 ], [ 146.583226599999989, -38.742941 ], [ 146.5844477, -38.73884 ], [ 146.580410699999987, -38.7349889 ], [ 146.5717646, -38.736013 ], [ 146.567699399999981, -38.742348 ] ] ], [ [ [ 146.6297145, -38.7242169 ], [ 146.6526414, -38.727193 ], [ 146.6679915, -38.720792 ], [ 146.669259399999987, -38.718302 ], [ 146.6634814, -38.7210489 ], [ 146.6603814, -38.719317 ], [ 146.6511327, -38.722821 ], [ 146.6297145, -38.7242169 ] ] ], [ [ [ 146.6957514, -38.7096 ], [ 146.6919225, -38.709896 ], [ 146.6933426, -38.710373 ], [ 146.69996949999998, -38.709538 ], [ 146.694789499999985, -38.707017899999983 ], [ 146.6925704, -38.707652 ], [ 146.6957514, -38.7096 ] ] ], [ [ [ 146.566519699999986, -38.713159 ], [ 146.5677265, -38.71588 ], [ 146.572447499999981, -38.714999 ], [ 146.566519699999986, -38.713159 ] ] ], [ [ [ 146.689249499999988, -38.71199 ], [ 146.6885996, -38.7089089 ], [ 146.686919599999982, -38.710955 ], [ 146.689249499999988, -38.71199 ] ] ], [ [ [ 146.6286107, -38.7019779 ], [ 146.614434599999981, -38.7011059 ], [ 146.618543599999981, -38.697503 ], [ 146.6038136, -38.70002 ], [ 146.5883055, -38.710165 ], [ 146.585819599999979, -38.716503 ], [ 146.6028246, -38.726871 ], [ 146.60488239999998, -38.724043 ], [ 146.6004476, -38.7244169 ], [ 146.5955674, -38.720175 ], [ 146.601026499999989, -38.716527 ], [ 146.6064045, -38.717960900000016 ], [ 146.5991764, -38.7195 ], [ 146.601835699999981, -38.7223899 ], [ 146.6081274, -38.7239 ], [ 146.612054699999987, -38.7231 ], [ 146.612478399999986, -38.721828 ], [ 146.6149905, -38.7211139 ], [ 146.6126415, -38.722676899999989 ], [ 146.6176084, -38.723816 ], [ 146.6216667, -38.721484 ], [ 146.6183345, -38.7241809 ], [ 146.6262944, -38.724613 ], [ 146.630669499999982, -38.721424 ], [ 146.652871399999981, -38.7188819 ], [ 146.659860499999979, -38.715017899999985 ], [ 146.6729087, -38.715004 ], [ 146.677609599999982, -38.7083249 ], [ 146.6745085, -38.7095669 ], [ 146.6759597, -38.706899 ], [ 146.6686686, -38.706242 ], [ 146.6628514, -38.708428 ], [ 146.6728367, -38.703057 ], [ 146.6642846, -38.7015389 ], [ 146.6487775, -38.7058579 ], [ 146.6532905, -38.70106089999998 ], [ 146.64081539999998, -38.699601 ], [ 146.6368947, -38.7065519 ], [ 146.627261399999981, -38.70472 ], [ 146.6360425, -38.701538899999989 ], [ 146.6364774, -38.698552 ], [ 146.6286107, -38.7019779 ] ] ], [ [ [ 146.7076994, -38.7100769 ], [ 146.7009224, -38.711794 ], [ 146.6856764, -38.727355 ], [ 146.6796655, -38.72566 ], [ 146.6797915, -38.7276379 ], [ 146.6858896, -38.7276459 ], [ 146.7322054, -38.696259 ], [ 146.721026599999988, -38.6984869 ], [ 146.7076994, -38.7100769 ] ] ], [ [ [ 146.5518346, -38.704 ], [ 146.5566456, -38.704834 ], [ 146.561725599999988, -38.705086 ], [ 146.5537386, -38.702371 ], [ 146.5518346, -38.704 ] ] ], [ [ [ 146.5711284, -38.6983679 ], [ 146.5639947, -38.696657899999984 ], [ 146.5630965, -38.6971829 ], [ 146.5711284, -38.6983679 ] ] ], [ [ [ 146.7026807, -38.701507 ], [ 146.7035555, -38.702505 ], [ 146.7043947, -38.702188 ], [ 146.7026807, -38.701507 ] ] ], [ [ [ 146.686880699999989, -38.6987849 ], [ 146.688076599999988, -38.696603 ], [ 146.6868194, -38.698133 ], [ 146.686880699999989, -38.6987849 ] ] ], [ [ [ 146.578295699999984, -38.699653 ], [ 146.5767606, -38.6998279 ], [ 146.577700599999986, -38.7011 ], [ 146.578295699999984, -38.699653 ] ] ], [ [ [ 146.6874966, -38.699275 ], [ 146.6886144, -38.700781899999981 ], [ 146.6899594, -38.700768 ], [ 146.6874966, -38.699275 ] ] ], [ [ [ 146.5791745, -38.701864 ], [ 146.5798336, -38.702716899999984 ], [ 146.580713399999979, -38.70209 ], [ 146.5791745, -38.701864 ] ] ], [ [ [ 146.7568114, -38.6583389 ], [ 146.7703917, -38.661297 ], [ 146.7732684, -38.6608309 ], [ 146.7743826, -38.659755 ], [ 146.771394599999979, -38.658597 ], [ 146.7718767, -38.656437 ], [ 146.7566105, -38.653899 ], [ 146.7568114, -38.6583389 ] ] ], [ [ [ 146.7728706, -38.65798 ], [ 146.7790554, -38.660116 ], [ 146.7829834, -38.658089 ], [ 146.7757445, -38.656495 ], [ 146.7728706, -38.65798 ] ] ], [ [ [ 146.6534694, -38.661569899999989 ], [ 146.6564387, -38.660523 ], [ 146.6580094, -38.658768900000013 ], [ 146.6554674, -38.658712 ], [ 146.6534694, -38.661569899999989 ] ] ], [ [ [ 146.820320399999986, -38.664787 ], [ 146.824513699999983, -38.6634409 ], [ 146.828537399999988, -38.660918 ], [ 146.8274697, -38.660619 ], [ 146.820320399999986, -38.664787 ] ] ], [ [ [ 146.7495016, -38.663763 ], [ 146.7467706, -38.663983 ], [ 146.7496935, -38.664317 ], [ 146.7495016, -38.663763 ] ] ], [ [ [ 146.8136006, -38.6765909 ], [ 146.8046125, -38.677475 ], [ 146.798051499999985, -38.675873 ], [ 146.7528834, -38.689648 ], [ 146.75860849999998, -38.691443 ], [ 146.788915399999979, -38.680595 ], [ 146.8257226, -38.6848439 ], [ 146.8243225, -38.681458 ], [ 146.806376500000027, -38.679935 ], [ 146.8221326, -38.678633 ], [ 146.8100316, -38.677469 ], [ 146.8136006, -38.6765909 ] ] ], [ [ [ 146.7152915, -38.683897 ], [ 146.7265966, -38.672255 ], [ 146.731529699999982, -38.676765 ], [ 146.739466599999986, -38.672898 ], [ 146.7277255, -38.66719 ], [ 146.7302196, -38.6647179 ], [ 146.7277986, -38.661214 ], [ 146.720695399999983, -38.666827 ], [ 146.7206256, -38.6764469 ], [ 146.709899399999983, -38.6765619 ], [ 146.7152915, -38.683897 ] ] ], [ [ [ 146.697634599999986, -38.683600899999988 ], [ 146.6984104, -38.6931219 ], [ 146.7157444, -38.6870639 ], [ 146.7085037, -38.685723 ], [ 146.7129634, -38.684589 ], [ 146.7081837, -38.676693 ], [ 146.697634599999986, -38.683600899999988 ] ] ], [ [ [ 146.8153744, -38.658992 ], [ 146.7985166, -38.657428 ], [ 146.8088526, -38.656192 ], [ 146.8037784, -38.6549629 ], [ 146.7940634, -38.6568069 ], [ 146.7860585, -38.669173 ], [ 146.7932635, -38.667515 ], [ 146.7907784, -38.664832 ], [ 146.797402399999982, -38.660926 ], [ 146.801523399999979, -38.662628 ], [ 146.8061155, -38.6593649 ], [ 146.8153744, -38.658992 ] ] ], [ [ [ 146.668716499999988, -38.68265 ], [ 146.67880839999998, -38.689655 ], [ 146.6833696, -38.689689 ], [ 146.6818594, -38.685306 ], [ 146.6765706, -38.684123899999989 ], [ 146.678316599999988, -38.678978 ], [ 146.6854065, -38.677846 ], [ 146.675808499999988, -38.6767879 ], [ 146.668716499999988, -38.68265 ] ] ], [ [ [ 146.63403839999998, -38.697213 ], [ 146.6268575, -38.6900459 ], [ 146.6218546, -38.694893 ], [ 146.63403839999998, -38.697213 ] ] ], [ [ [ 146.6087387, -38.684316 ], [ 146.606065699999988, -38.6834649 ], [ 146.5985014, -38.68565 ], [ 146.6069866, -38.68635 ], [ 146.6087387, -38.684316 ] ] ], [ [ [ 146.746870699999988, -38.667832 ], [ 146.738292600000023, -38.6691209 ], [ 146.748140399999983, -38.669017 ], [ 146.746870699999988, -38.667832 ] ] ], [ [ [ 146.7290356, -38.6616849 ], [ 146.736209699999989, -38.668899 ], [ 146.7372364, -38.66698 ], [ 146.7290356, -38.6616849 ] ] ], [ [ [ 146.7439216, -38.679439 ], [ 146.744896399999988, -38.674615 ], [ 146.739769699999982, -38.67924 ], [ 146.7439216, -38.679439 ] ] ], [ [ [ 146.7579814, -38.674916 ], [ 146.756068699999986, -38.672567 ], [ 146.7536164, -38.6755289 ], [ 146.7552915, -38.676495 ], [ 146.762446399999988, -38.6729729 ], [ 146.7579814, -38.674916 ] ] ], [ [ [ 146.8033137, -38.666163 ], [ 146.8094156, -38.666084 ], [ 146.8199975, -38.661751 ], [ 146.821671499999979, -38.659979 ], [ 146.8033137, -38.666163 ] ] ], [ [ [ 146.6512205, -38.6729449 ], [ 146.655625499999985, -38.6728549 ], [ 146.654845699999981, -38.669448 ], [ 146.6519567, -38.670719 ], [ 146.6512205, -38.6729449 ] ] ], [ [ [ 146.5937065, -38.689766899999988 ], [ 146.587798599999985, -38.6903669 ], [ 146.588643499999989, -38.691875 ], [ 146.5937065, -38.689766899999988 ] ] ], [ [ [ 146.7219594, -38.686223 ], [ 146.723890399999988, -38.6836089 ], [ 146.719039399999986, -38.685212899999982 ], [ 146.7219594, -38.686223 ] ] ], [ [ [ 146.6433664, -38.684486 ], [ 146.642821699999985, -38.687358 ], [ 146.6448777, -38.687817 ], [ 146.6437325, -38.68472 ], [ 146.6511085, -38.683473899999989 ], [ 146.646000499999985, -38.6835019 ], [ 146.6433664, -38.684486 ] ] ], [ [ [ 146.6523804, -38.6853809 ], [ 146.652655399999986, -38.686639 ], [ 146.6575637, -38.685919 ], [ 146.6523804, -38.6853809 ] ] ], [ [ [ 146.7280884, -38.684118 ], [ 146.7296465, -38.686074899999987 ], [ 146.7327626, -38.685167899999989 ], [ 146.7280884, -38.684118 ] ] ], [ [ [ 146.7589476, -38.670058 ], [ 146.757868699999989, -38.672925 ], [ 146.760951399999982, -38.670103 ], [ 146.7589476, -38.670058 ] ] ], [ [ [ 146.681856499999981, -38.6728729 ], [ 146.683208700000023, -38.6747449 ], [ 146.684524399999987, -38.674902 ], [ 146.681856499999981, -38.6728729 ] ] ], [ [ [ 146.7285636, -38.676945 ], [ 146.729952500000024, -38.678456 ], [ 146.7293747, -38.676828 ], [ 146.7285636, -38.676945 ] ] ], [ [ [ 146.7506856, -38.67625 ], [ 146.750952399999989, -38.674288 ], [ 146.7483704, -38.6765719 ], [ 146.7506856, -38.67625 ] ] ], [ [ [ 146.6271916, -38.679339 ], [ 146.629386499999981, -38.6800709 ], [ 146.6310335, -38.678907 ], [ 146.6271916, -38.679339 ] ] ], [ [ [ 146.6079255, -38.681641 ], [ 146.6059487, -38.680886 ], [ 146.606123599999989, -38.68142 ], [ 146.6079255, -38.681641 ] ] ], [ [ [ 146.796021500000023, -38.6669699 ], [ 146.7996676, -38.666275 ], [ 146.7997954, -38.6661239 ], [ 146.7978377, -38.665861 ], [ 146.796021500000023, -38.6669699 ] ] ], [ [ [ 146.688881499999979, -38.685334 ], [ 146.6896246, -38.6863559 ], [ 146.689742699999982, -38.6850579 ], [ 146.688881499999979, -38.685334 ] ] ], [ [ [ 146.7934644, -38.666155 ], [ 146.7947744, -38.6670859 ], [ 146.795087599999988, -38.666435 ], [ 146.7934644, -38.666155 ] ] ], [ [ [ 146.5697806, -38.690842 ], [ 146.5710906, -38.6907289 ], [ 146.5709254, -38.68977 ], [ 146.5697806, -38.690842 ] ] ], [ [ [ 146.6884765, -38.681161 ], [ 146.6915074, -38.6808839 ], [ 146.6917396, -38.6806659 ], [ 146.6884765, -38.681161 ] ] ], [ [ [ 146.746006699999981, -38.6717119 ], [ 146.745700699999986, -38.673228 ], [ 146.7470586, -38.671594 ], [ 146.746006699999981, -38.6717119 ] ] ], [ [ [ 146.822915599999988, -38.6774819 ], [ 146.823455599999988, -38.678893 ], [ 146.823873599999985, -38.6801359 ], [ 146.823525499999988, -38.678486 ], [ 146.822915599999988, -38.6774819 ] ] ], [ [ [ 146.734303399999988, -38.677723 ], [ 146.7334377, -38.678401 ], [ 146.734882699999986, -38.67811 ], [ 146.734303399999988, -38.677723 ] ] ], [ [ [ 146.803992599999987, -38.676317 ], [ 146.8038137, -38.676462 ], [ 146.8043195, -38.6768329 ], [ 146.803992599999987, -38.676317 ] ] ], [ [ [ 146.8108704, -38.66636 ], [ 146.811200499999984, -38.667305 ], [ 146.8114345, -38.667319 ], [ 146.8108704, -38.66636 ] ] ], [ [ [ 146.6856804, -38.6852739 ], [ 146.6859476, -38.6861939 ], [ 146.6859864, -38.6850839 ], [ 146.6856804, -38.6852739 ] ] ], [ [ [ 146.710356599999983, -38.675829 ], [ 146.707677499999988, -38.676299 ], [ 146.7093644, -38.676238 ], [ 146.710356599999983, -38.675829 ] ] ], [ [ [ 146.7326816, -38.682109 ], [ 146.7336975, -38.6820889 ], [ 146.7338196, -38.681705 ], [ 146.7326816, -38.682109 ] ] ], [ [ [ 146.8124306, -38.66739 ], [ 146.8131596, -38.667579 ], [ 146.8124724, -38.667275 ], [ 146.8124306, -38.66739 ] ] ], [ [ [ 146.880285599999979, -38.609778 ], [ 146.8806506, -38.610858 ], [ 146.8815964, -38.610465 ], [ 146.880285599999979, -38.609778 ] ] ], [ [ [ 146.8147764, -38.6489 ], [ 146.8782156, -38.626471 ], [ 146.8797917, -38.615171 ], [ 146.865946399999984, -38.616373 ], [ 146.851412499999981, -38.612402 ], [ 146.8450254, -38.6140759 ], [ 146.8435533, -38.6174789 ], [ 146.8280906, -38.615939 ], [ 146.827062499999982, -38.617779 ], [ 146.8316284, -38.619152899999989 ], [ 146.8252805, -38.620726 ], [ 146.824480599999987, -38.612324 ], [ 146.819126600000033, -38.613183 ], [ 146.8031815, -38.620355 ], [ 146.8009826, -38.632978 ], [ 146.7955484, -38.630396 ], [ 146.7910636, -38.632879 ], [ 146.7943047, -38.645634 ], [ 146.819883399999981, -38.650622 ], [ 146.8229455, -38.650285 ], [ 146.823253699999981, -38.649433 ], [ 146.8147764, -38.6489 ] ] ], [ [ [ 146.857629299999985, -38.652024 ], [ 146.837780399999986, -38.6654219 ], [ 146.8336976, -38.677031899999989 ], [ 146.828509699999984, -38.679523 ], [ 146.833135699999985, -38.679441 ], [ 146.8789734, -38.638069 ], [ 146.872270499999985, -38.640793 ], [ 146.8639394, -38.638488 ], [ 146.847126399999979, -38.651504 ], [ 146.8355985, -38.654106 ], [ 146.8513826, -38.6559449 ], [ 146.8536416, -38.6532989 ], [ 146.857629299999985, -38.652024 ] ] ], [ [ [ 146.874067699999983, -38.631827 ], [ 146.875905499999988, -38.629983 ], [ 146.872205399999984, -38.632165 ], [ 146.8742624, -38.632918 ], [ 146.87673239999998, -38.632125 ], [ 146.877819599999981, -38.631151 ], [ 146.8786714, -38.628321 ], [ 146.874067699999983, -38.631827 ] ] ], [ [ [ 146.8527694, -38.636026 ], [ 146.8533093, -38.6357199 ], [ 146.8532175, -38.635567 ], [ 146.8527694, -38.636026 ] ] ], [ [ [ 147.3369906, -37.2755253 ], [ 146.8263277, -37.203749 ], [ 146.8236387, -37.191919 ], [ 146.7878757, -37.177622 ], [ 146.7709807, -37.150636 ], [ 146.7634477, -37.146008 ], [ 146.755415699999986, -37.149983 ], [ 146.751474699999989, -37.147425 ], [ 146.74546669999998, -37.149649 ], [ 146.7441537, -37.15632 ], [ 146.73351169999998, -37.155453 ], [ 146.7175727, -37.15876 ], [ 146.6845547, -37.145083 ], [ 146.6812567, -37.142851 ], [ 146.681389699999983, -37.136965 ], [ 146.66891769999998, -37.130146 ], [ 146.6648607, -37.123993 ], [ 146.6515327, -37.120034 ], [ 146.6385727, -37.128093 ], [ 146.647177699999986, -37.162955 ], [ 146.547107499999981, -37.3687404 ], [ 146.4358417, -37.6180309 ], [ 146.4436627, -37.6121089 ], [ 146.452293699999984, -37.6148999 ], [ 146.4608317, -37.628501899999982 ], [ 146.473005699999987, -37.6398359 ], [ 146.490736699999985, -37.644092899999983 ], [ 146.507566699999984, -37.6706959 ], [ 146.5128657, -37.671436899999989 ], [ 146.5160017, -37.6780249 ], [ 146.512090699999987, -37.681438 ], [ 146.513273699999985, -37.6847559 ], [ 146.5023407, -37.690813 ], [ 146.504753199999982, -37.6951301 ], [ 146.4733186, -37.994679 ], [ 146.4818037, -37.9918239 ], [ 146.482473699999986, -37.9883549 ], [ 146.491041699999982, -37.9837689 ], [ 146.4972497, -37.9888979 ], [ 146.5146866, -37.9835819 ], [ 146.5133917, -37.979518899999981 ], [ 146.519409599999989, -37.9755449 ], [ 146.524058599999989, -37.963658 ], [ 146.532186599999989, -37.9639 ], [ 146.535608599999989, -37.9695149 ], [ 146.5385576, -37.964938 ], [ 146.546990599999987, -37.967505 ], [ 146.5449327, -37.9753019 ], [ 146.5524476, -37.97662 ], [ 146.5513676, -37.971332 ], [ 146.5544557, -37.9714749 ], [ 146.5625667, -37.978659 ], [ 146.5639296, -37.9839809 ], [ 146.5712127, -37.983779 ], [ 146.5815787, -37.976083 ], [ 146.588393599999989, -37.9779489 ], [ 146.5907986, -37.974533 ], [ 146.5954356, -37.975402 ], [ 146.5985216, -37.980265 ], [ 146.5985436, -37.97402 ], [ 146.605754599999983, -37.974836 ], [ 146.6069516, -37.971576 ], [ 146.613195599999983, -37.973681 ], [ 146.6097567, -37.97641 ], [ 146.6116916, -37.979629 ], [ 146.617777599999982, -37.971564 ], [ 146.6272176, -37.971464 ], [ 146.624067599999989, -37.975307 ], [ 146.6382446, -37.9955249 ], [ 146.6454766, -37.9982259 ], [ 146.6555716, -37.9967707 ], [ 146.65285609999998, -38.0108139 ], [ 146.626543, -38.0350153 ], [ 146.6243536, -38.0492287 ], [ 146.663056499999982, -38.054212199999988 ], [ 146.662383399999982, -38.057511399999989 ], [ 146.6534804, -38.0611823 ], [ 146.6510561, -38.0733587 ], [ 146.6161586, -38.068699 ], [ 146.5936285, -38.1020477 ], [ 146.590550600000029, -38.114617 ], [ 146.5838872, -38.1163074 ], [ 146.5845096, -38.120487 ], [ 146.5778895, -38.1263455 ], [ 146.5844509, -38.1440221 ], [ 146.576785, -38.1432742 ], [ 146.577289, -38.145380100000011 ], [ 146.5719991, -38.1465862 ], [ 146.5712194, -38.153402099999987 ], [ 146.5795606, -38.1556979 ], [ 146.589171599999986, -38.154094 ], [ 146.593888599999985, -38.157693 ], [ 146.5966986, -38.155515 ], [ 146.600767599999983, -38.161963 ], [ 146.6052196, -38.158403 ], [ 146.6054016, -38.163114899999989 ], [ 146.6176466, -38.1576779 ], [ 146.624375599999979, -38.157819 ], [ 146.6250006, -38.153055 ], [ 146.6327356, -38.152803 ], [ 146.6382736, -38.149244 ], [ 146.6375276, -38.1465599 ], [ 146.6427596, -38.145774 ], [ 146.647923599999984, -38.147585 ], [ 146.6446886, -38.148041 ], [ 146.6464566, -38.151685 ], [ 146.6512376, -38.15287 ], [ 146.6648136, -38.150878 ], [ 146.6636236, -38.15311 ], [ 146.6675376, -38.152454 ], [ 146.6680816, -38.154954 ], [ 146.668582599999979, -38.151969 ], [ 146.6751176, -38.153849 ], [ 146.6873066, -38.14949 ], [ 146.68666060000001, -38.151477 ], [ 146.6894106, -38.150708 ], [ 146.6970456, -38.156607 ], [ 146.7020176, -38.149058 ], [ 146.7041616, -38.152901 ], [ 146.7121846, -38.155143 ], [ 146.7082556, -38.172149 ], [ 146.6798096, -38.202657 ], [ 146.6809376, -38.212417 ], [ 146.675503599999985, -38.217494 ], [ 146.6687216, -38.217092 ], [ 146.6647036, -38.222371 ], [ 146.655538600000028, -38.224351 ], [ 146.6569126, -38.240416 ], [ 146.651595600000036, -38.241159 ], [ 146.6323826, -38.258413 ], [ 146.6279836, -38.26893 ], [ 146.629596599999985, -38.272522 ], [ 146.6198096, -38.287319 ], [ 146.6226906, -38.288595 ], [ 146.621864599999981, -38.2929319 ], [ 146.5977306, -38.310528 ], [ 146.602296599999988, -38.334314899999988 ], [ 146.5982816, -38.341861 ], [ 146.5931416, -38.344136 ], [ 146.5942656, -38.350481 ], [ 146.5905381, -38.3544586 ], [ 146.578971, -38.4143549 ], [ 146.56571409999998, -38.4126359 ], [ 146.566278899999986, -38.4205114 ], [ 146.563015899999982, -38.422359600000014 ], [ 146.568593, -38.424825599999984 ], [ 146.565236299999981, -38.4292824 ], [ 146.5469771, -38.4314089 ], [ 146.5323388, -38.4297907 ], [ 146.526094299999983, -38.4320596 ], [ 146.5273154, -38.438515300000013 ], [ 146.4997894, -38.4419719 ], [ 146.49793, -38.4460035 ], [ 146.4915509, -38.4470485 ], [ 146.4891965, -38.4392663 ], [ 146.4810752, -38.4440593 ], [ 146.484690299999983, -38.4490823 ], [ 146.480746499999981, -38.4499804 ], [ 146.4853909, -38.45245950000001 ], [ 146.48278879999998, -38.455863699999981 ], [ 146.472642899999983, -38.4591375 ], [ 146.4591609, -38.4591463 ], [ 146.4566726, -38.4654662 ], [ 146.4481827, -38.463232299999987 ], [ 146.431203, -38.46941 ], [ 146.424071699999985, -38.4729448 ], [ 146.427646899999985, -38.4744782 ], [ 146.4239004, -38.4824929 ], [ 146.412231, -38.4868269 ], [ 146.4036075, -38.4852655 ], [ 146.393280899999979, -38.4949139 ], [ 146.3802939, -38.4975082 ], [ 146.3840189, -38.5039815 ], [ 146.3732995, -38.5075494 ], [ 146.36695229999998, -38.513437 ], [ 146.367574, -38.520434 ], [ 146.374838499999981, -38.5268462 ], [ 146.369757099999987, -38.5294856 ], [ 146.3705343, -38.5319316 ], [ 146.3443591, -38.5363259 ], [ 146.3260009, -38.529169599999989 ], [ 146.326758, -38.5338081 ], [ 146.3211442, -38.535163099999984 ], [ 146.3176345, -38.5428186 ], [ 146.3124494, -38.5438912 ], [ 146.314348599999988, -38.5486209 ], [ 146.3112286, -38.5512989 ], [ 146.3168196, -38.5568379 ], [ 146.3127016, -38.5618329 ], [ 146.3300686, -38.5638659 ], [ 146.3368566, -38.5707029 ], [ 146.3450056, -38.5702229 ], [ 146.3475766, -38.5747159 ], [ 146.3514246, -38.572346899999985 ], [ 146.3676266, -38.5765509 ], [ 146.3642166, -38.5793799 ], [ 146.37024169999998, -38.5820572 ], [ 146.368810699999983, -38.591849299999986 ], [ 146.375747599999983, -38.5926289 ], [ 146.378268599999984, -38.589757899999988 ], [ 146.394117599999987, -38.598444 ], [ 146.4050211, -38.5969452 ], [ 146.4100951, -38.5984771 ], [ 146.4092382, -38.6026151 ], [ 146.4276721, -38.604971 ], [ 146.428153399999985, -38.6025547 ], [ 146.4486564, -38.6020529 ], [ 146.449729599999984, -38.5967997 ], [ 146.463133699999986, -38.5984874 ], [ 146.461558599999989, -38.6073716 ], [ 146.4762371, -38.609308899999988 ], [ 146.4780601, -38.6139734 ], [ 146.492749299999986, -38.6158572 ], [ 146.493327199999982, -38.6133522 ], [ 146.525607799999989, -38.6192959 ], [ 146.5249679, -38.6226369 ], [ 146.52835589999998, -38.623052799999989 ], [ 146.5204219, -38.6635311 ], [ 146.5258628, -38.664163 ], [ 146.5214557, -38.688975499999977 ], [ 146.5331866, -38.686447 ], [ 146.5372434, -38.689366899999989 ], [ 146.541205599999984, -38.685362900000015 ], [ 146.539134499999989, -38.698188 ], [ 146.548204699999985, -38.703117 ], [ 146.553042399999981, -38.702309 ], [ 146.552905600000031, -38.689177 ], [ 146.5553644, -38.688644 ], [ 146.5559116, -38.694432 ], [ 146.5606204, -38.6947519 ], [ 146.5616406, -38.6957249 ], [ 146.5617087, -38.697401 ], [ 146.5624564, -38.6980349 ], [ 146.5667516, -38.691105899999975 ], [ 146.5610045, -38.6859669 ], [ 146.563130699999988, -38.683167 ], [ 146.5546527, -38.686641 ], [ 146.5467485, -38.686609 ], [ 146.5465156, -38.684507 ], [ 146.5546426, -38.683631 ], [ 146.5625406, -38.6782269 ], [ 146.572145399999982, -38.683293899999981 ], [ 146.5720105, -38.6776869 ], [ 146.575231699999989, -38.679114 ], [ 146.57682939999998, -38.69213 ], [ 146.577080699999982, -38.6823669 ], [ 146.5804287, -38.679449 ], [ 146.5848174, -38.686595 ], [ 146.5814086, -38.687873 ], [ 146.5797954, -38.696194 ], [ 146.5826985, -38.698462 ], [ 146.5872665, -38.6932489 ], [ 146.5821355, -38.6916829 ], [ 146.593675599999983, -38.684755 ], [ 146.5904435, -38.68374 ], [ 146.592877499999986, -38.682610899999979 ], [ 146.5859964, -38.6831129 ], [ 146.5875797, -38.6773969 ], [ 146.584425399999986, -38.677073899999989 ], [ 146.6022116, -38.676475 ], [ 146.596773399999989, -38.677954 ], [ 146.6006495, -38.679558 ], [ 146.6097366, -38.677844 ], [ 146.6075975, -38.675254 ], [ 146.6410347, -38.668889 ], [ 146.652800499999984, -38.6587239 ], [ 146.645939699999985, -38.6506979 ], [ 146.653125599999981, -38.642972 ], [ 146.6663715, -38.653253899999989 ], [ 146.6705446, -38.6621259 ], [ 146.66541239999998, -38.670144 ], [ 146.6575565, -38.6714779 ], [ 146.6791345, -38.670483 ], [ 146.6977134, -38.6753369 ], [ 146.6943485, -38.6727999 ], [ 146.6961114, -38.669982 ], [ 146.7042114, -38.6647449 ], [ 146.7112577, -38.6669789 ], [ 146.716393499999981, -38.6608859 ], [ 146.7129184, -38.6477639 ], [ 146.7223936, -38.648247 ], [ 146.7210537, -38.6533689 ], [ 146.7421795, -38.664912 ], [ 146.739206599999989, -38.662078 ], [ 146.749332399999986, -38.661116 ], [ 146.7535235, -38.6525699 ], [ 146.7579886, -38.650942 ], [ 146.766998700000016, -38.654201 ], [ 146.7765595, -38.654204 ], [ 146.7680157, -38.653327 ], [ 146.7697887, -38.6498249 ], [ 146.766541499999988, -38.650062 ], [ 146.7776946, -38.644871 ], [ 146.7859134, -38.646228 ], [ 146.7900775, -38.640686 ], [ 146.786555599999986, -38.632585 ], [ 146.794952699999982, -38.625383 ], [ 146.7902014, -38.625659899999988 ], [ 146.784712399999989, -38.622781 ], [ 146.795797599999986, -38.622994899999988 ], [ 146.7994444, -38.628643 ], [ 146.7981026, -38.6201959 ], [ 146.8253575, -38.60971 ], [ 146.8284114, -38.61307 ], [ 146.842043499999988, -38.61636 ], [ 146.8440167, -38.609132 ], [ 146.8473924, -38.60868 ], [ 146.8447367, -38.6066159 ], [ 146.843519499999985, -38.6050499 ], [ 146.8440106, -38.604822 ], [ 146.8726284, -38.608899 ], [ 146.882554699999986, -38.604594 ], [ 146.887364599999984, -38.6065349 ], [ 146.8841524, -38.61146 ], [ 146.8864293, -38.614385 ], [ 146.887623499999989, -38.609944 ], [ 146.89867940000002, -38.612204899999988 ], [ 146.901596499999982, -38.606176 ], [ 146.9255225, -38.594212 ], [ 146.9133426, -38.605181 ], [ 146.9019605, -38.607943 ], [ 146.9032306, -38.613832 ], [ 146.900046399999979, -38.617125 ], [ 146.887151499999987, -38.62014 ], [ 146.8819877, -38.629995 ], [ 146.8835396, -38.6344339 ], [ 146.931971500000031, -38.596003 ], [ 147.047049, -38.4920023 ], [ 147.175627, -38.3892871 ], [ 147.508365, -38.1279962 ], [ 147.6258288, -38.0474534 ], [ 147.7046667, -37.999163799999984 ], [ 147.705772599999989, -37.9963468 ], [ 147.6975567, -37.992974 ], [ 147.6994025, -37.9812651 ], [ 147.721919499999984, -37.9716811 ], [ 147.7201364, -37.9628231 ], [ 147.710695499999986, -37.954706 ], [ 147.691819399999986, -37.965953 ], [ 147.684333399999986, -37.965973 ], [ 147.6821554, -37.969296 ], [ 147.6609875, -37.976363 ], [ 147.6521045, -37.983011 ], [ 147.651191399999988, -37.995295 ], [ 147.622903500000035, -38.011759 ], [ 147.612903499999987, -38.011754 ], [ 147.6114955, -38.024954 ], [ 147.588508499999989, -38.037029 ], [ 147.57054549999998, -38.053671 ], [ 147.5516575, -38.052973 ], [ 147.533811499999985, -38.057963 ], [ 147.5252844, -38.05281 ], [ 147.5102215, -38.060419 ], [ 147.500331499999987, -38.073018 ], [ 147.4902955, -38.072792 ], [ 147.4864155, -38.068529 ], [ 147.454671499999989, -38.078652 ], [ 147.4488795, -38.074021 ], [ 147.4609515, -38.071562 ], [ 147.457219499999979, -38.064211 ], [ 147.45963949999998, -38.057896 ], [ 147.469239499999986, -38.054061 ], [ 147.4618695, -38.049754 ], [ 147.468458500000025, -38.0425 ], [ 147.46742949999998, -38.035595 ], [ 147.462180499999988, -38.031601 ], [ 147.467897500000021, -38.023989 ], [ 147.4635935, -38.012998 ], [ 147.4570315, -38.007714 ], [ 147.4378475, -38.009247 ], [ 147.4235645, -38.003916 ], [ 147.4090405, -38.003414 ], [ 147.406060599999989, -38.0009466 ], [ 147.4088873, -37.9914998 ], [ 147.406754299999989, -37.987856499999985 ], [ 147.4106806, -37.9857694 ], [ 147.408855599999981, -37.9813925 ], [ 147.4017165, -37.978548 ], [ 147.3884555, -37.983368 ], [ 147.3814405, -37.98004 ], [ 147.3821615, -37.975215 ], [ 147.3773405, -37.968986 ], [ 147.373137499999984, -37.970374 ], [ 147.375173499999988, -37.967184 ], [ 147.3714205, -37.962225 ], [ 147.3769015, -37.94827 ], [ 147.373768499999983, -37.946649 ], [ 147.3713845, -37.935829 ], [ 147.3649585, -37.931725 ], [ 147.3667145, -37.92523 ], [ 147.3623715, -37.923229 ], [ 147.3616015, -37.917789 ], [ 147.3128295, -37.9112503 ], [ 147.282981899999982, -37.9203604 ], [ 147.2742515, -37.920124 ], [ 147.2726825, -37.91621 ], [ 147.2786935, -37.913511 ], [ 147.2792345, -37.909573 ], [ 147.2860245, -37.907876 ], [ 147.2833005, -37.904631 ], [ 147.278499499999981, -37.905377 ], [ 147.2807875, -37.902537 ], [ 147.2864615, -37.90383 ], [ 147.2858445, -37.897093 ], [ 147.283293499999985, -37.899706 ], [ 147.2769955, -37.898721 ], [ 147.278216499999985, -37.89491 ], [ 147.2858635, -37.893085 ], [ 147.2798965, -37.88813 ], [ 147.28657149999998, -37.876859 ], [ 147.2771945, -37.876612 ], [ 147.274680499999988, -37.879849 ], [ 147.276033499999983, -37.873065 ], [ 147.2701605, -37.872789 ], [ 147.267894499999983, -37.868934 ], [ 147.2702257, -37.8648209 ], [ 147.2646823, -37.8614183 ], [ 147.2704532, -37.8563895 ], [ 147.2662427, -37.8526385 ], [ 147.2729891, -37.8421038 ], [ 147.2687353, -37.836657 ], [ 147.2698647, -37.833649500000014 ], [ 147.2752865, -37.833098599999985 ], [ 147.275160199999988, -37.8290362 ], [ 147.2707974, -37.8281834 ], [ 147.281319699999983, -37.7745932 ], [ 147.2334425, -37.769368 ], [ 147.2616793, -37.7560199 ], [ 147.2620676, -37.752229 ], [ 147.2570895, -37.753234 ], [ 147.2493816, -37.745799 ], [ 147.2447946, -37.748314 ], [ 147.235571599999986, -37.745822 ], [ 147.2310506, -37.74844 ], [ 147.2275225, -37.744554 ], [ 147.2119716, -37.745542 ], [ 147.2090566, -37.743485 ], [ 147.218320600000027, -37.741178 ], [ 147.2137386, -37.731368 ], [ 147.1984094, -37.7260543 ], [ 147.2034079, -37.7173243 ], [ 147.2220666, -37.632645 ], [ 147.213001600000013, -37.624951 ], [ 147.2031906, -37.627842 ], [ 147.1962446, -37.626343 ], [ 147.1890396, -37.615208 ], [ 147.1893916, -37.605846 ], [ 147.19340459999998, -37.603512 ], [ 147.1937336, -37.594508 ], [ 147.1995085, -37.5942963 ], [ 147.1994235, -37.5907803 ], [ 147.209051400000021, -37.5907612 ], [ 147.2081423, -37.580503199999988 ], [ 147.2162222, -37.5787361 ], [ 147.218663099999986, -37.574856 ], [ 147.240915, -37.5813308 ], [ 147.2492068, -37.5759127 ], [ 147.261903599999982, -37.5757505 ], [ 147.2654765, -37.568045399999981 ], [ 147.275106199999982, -37.5621173 ], [ 147.2795542, -37.5605102 ], [ 147.2853122, -37.5639412 ], [ 147.284942, -37.556278099999986 ], [ 147.2955289, -37.557227 ], [ 147.299391, -37.5627891 ], [ 147.30521779999998, -37.55564 ], [ 147.3090348, -37.5595019 ], [ 147.317838699999982, -37.5608649 ], [ 147.3218637, -37.5567908 ], [ 147.329254599999985, -37.5616738 ], [ 147.3383374, -37.5536166 ], [ 147.3475183, -37.552286500000015 ], [ 147.350221, -37.5373034 ], [ 147.399615499999982, -37.5431491 ], [ 147.402035499999982, -37.541138099999984 ], [ 147.39823149999998, -37.5386571 ], [ 147.4035465, -37.537354 ], [ 147.400280399999986, -37.530006 ], [ 147.4048564, -37.530949 ], [ 147.4059303, -37.5245369 ], [ 147.4030793, -37.5233269 ], [ 147.4055363, -37.5209849 ], [ 147.40088129999998, -37.521704899999989 ], [ 147.396832099999983, -37.5017488 ], [ 147.3925341, -37.504897799999988 ], [ 147.393635099999983, -37.4998388 ], [ 147.3892521, -37.4974108 ], [ 147.393704, -37.4955067 ], [ 147.3926509, -37.4840557 ], [ 147.389297900000031, -37.4817177 ], [ 147.393457899999987, -37.4821517 ], [ 147.393910799999986, -37.4780887 ], [ 147.399291799999986, -37.4768946 ], [ 147.3937257, -37.4716786 ], [ 147.3942176, -37.465324599999988 ], [ 147.3894737, -37.462629599999985 ], [ 147.39499859999998, -37.4635986 ], [ 147.3913556, -37.4590136 ], [ 147.3987965, -37.4582145 ], [ 147.3969635, -37.4552635 ], [ 147.405872499999987, -37.4550954 ], [ 147.3993295, -37.4526324 ], [ 147.3983264, -37.4494954 ], [ 147.404164399999985, -37.4486574 ], [ 147.404931299999987, -37.4457403 ], [ 147.399372299999982, -37.437558299999985 ], [ 147.402120199999985, -37.4317513 ], [ 147.408594199999982, -37.4324462 ], [ 147.411739, -37.423628099999988 ], [ 147.417209900000017, -37.4248771 ], [ 147.412471, -37.419590099999986 ], [ 147.407665, -37.419736199999988 ], [ 147.4062519, -37.4100771 ], [ 147.415821699999981, -37.4026409 ], [ 147.4177446, -37.3948198 ], [ 147.4378165, -37.3981146 ], [ 147.457390600000025, -37.286168 ], [ 147.4538636, -37.283648 ], [ 147.4603506, -37.276076 ], [ 147.4583686, -37.269893 ], [ 147.450196600000027, -37.266781 ], [ 147.4399946, -37.27387 ], [ 147.4284396, -37.267087 ], [ 147.429340599999989, -37.254858 ], [ 147.4254626, -37.252907 ], [ 147.4175286, -37.235291 ], [ 147.4234346, -37.227941 ], [ 147.4221016, -37.220766 ], [ 147.425513599999988, -37.220098 ], [ 147.4088516, -37.218887 ], [ 147.4023456, -37.213115 ], [ 147.3869966, -37.210244 ], [ 147.3369906, -37.2755253 ] ] ] ] } },
{ "type": "Feature", "properties": { "lga_code": "26890", "lga_name": "West Wimmera", "area_sqkm": 9108.6794 }, "geometry": { "type": "Polygon", "coordinates": [ [ [ 140.963109100000025, -35.7485211 ], [ 140.9731801, -37.3582237 ], [ 140.9922564, -37.37414 ], [ 141.003637, -37.3775907 ], [ 141.0237913, -37.3913569 ], [ 141.046414299999981, -37.401846700000021 ], [ 141.097264699999982, -37.4498682 ], [ 141.168244099999981, -37.4198669 ], [ 141.2638461, -37.4300766 ], [ 141.258716, -37.4265524 ], [ 141.2597093, -37.421006199999987 ], [ 141.2688263, -37.421783599999983 ], [ 141.270444199999986, -37.414070499999987 ], [ 141.2746875, -37.41221 ], [ 141.2710248, -37.4104153 ], [ 141.273952, -37.4069282 ], [ 141.27148889999998, -37.4029758 ], [ 141.2802858, -37.394083099999982 ], [ 141.2722344, -37.392243 ], [ 141.2741572, -37.3852903 ], [ 141.2661497, -37.3824675 ], [ 141.261562199999986, -37.3769208 ], [ 141.2507258, -37.3741133 ], [ 141.2484791, -37.369229400000016 ], [ 141.2208876, -37.364560700000013 ], [ 141.2180703, -37.3508677 ], [ 141.221010399999983, -37.3486919 ], [ 141.431537100000014, -37.3722886 ], [ 141.431512699999985, -37.2975224 ], [ 141.5314506, -37.2976296 ], [ 141.529833599999989, -37.2911236 ], [ 141.524815599999982, -37.290162599999988 ], [ 141.526189599999981, -37.2844826 ], [ 141.518352599999986, -37.280647599999988 ], [ 141.5235166, -37.274973599999988 ], [ 141.510879599999981, -37.2606576 ], [ 141.5061226, -37.2599516 ], [ 141.5048136, -37.2563176 ], [ 141.4988486, -37.2568036 ], [ 141.4895606, -37.2466716 ], [ 141.496987599999983, -37.2382856 ], [ 141.4950916, -37.2345216 ], [ 141.4925346, -37.237716600000013 ], [ 141.4897686, -37.2352406 ], [ 141.496152599999988, -37.226608599999985 ], [ 141.4910046, -37.2235116 ], [ 141.491740599999986, -37.2201496 ], [ 141.5002486, -37.2178006 ], [ 141.5082696, -37.209735599999988 ], [ 141.515866599999981, -37.2110856 ], [ 141.5289076, -37.2042496 ], [ 141.5444336, -37.2020956 ], [ 141.5673756, -37.1896706 ], [ 141.5761846, -37.1881086 ], [ 141.5863156, -37.1735896 ], [ 141.594073399999985, -37.1693985 ], [ 141.5972118, -37.161216199999984 ], [ 141.6091696, -37.1639436 ], [ 141.614839599999982, -37.1694376 ], [ 141.616572599999984, -37.1639336 ], [ 141.622616599999986, -37.1666636 ], [ 141.6317066, -37.1552676 ], [ 141.634109599999988, -37.1641746 ], [ 141.6396666, -37.1654236 ], [ 141.6401406, -37.1591516 ], [ 141.6675406, -37.1554366 ], [ 141.6723706, -37.1522566 ], [ 141.6684286, -37.1573726 ], [ 141.671497599999981, -37.1609506 ], [ 141.680231599999985, -37.161773599999982 ], [ 141.684049499999986, -37.1667896 ], [ 141.687168499999984, -37.1642766 ], [ 141.689431499999984, -37.1679616 ], [ 141.6924706, -37.164979599999981 ], [ 141.698570600000011, -37.174269599999988 ], [ 141.7028885, -37.174833599999985 ], [ 141.7005936, -37.1778246 ], [ 141.702577599999984, -37.181046599999988 ], [ 141.7061156, -37.180614599999984 ], [ 141.7056546, -37.1844236 ], [ 141.715183599999989, -37.1834196 ], [ 141.7174316, -37.1859596 ], [ 141.719061499999981, -37.1834596 ], [ 141.7247255, -37.1880056 ], [ 141.7313705, -37.1819716 ], [ 141.727603599999981, -37.1808976 ], [ 141.728985599999987, -37.1786916 ], [ 141.7433236, -37.1812056 ], [ 141.740424599999983, -37.1752516 ], [ 141.7468165, -37.1736286 ], [ 141.7468495, -37.1777886 ], [ 141.751286599999986, -37.1789376 ], [ 141.7527275, -37.1731856 ], [ 141.775974599999984, -37.179948599999982 ], [ 141.772205499999984, -37.176678599999988 ], [ 141.7738052, -37.1724188 ], [ 141.7770965, -37.1755806 ], [ 141.7719265, -37.1559626 ], [ 141.7652163, -37.1487652 ], [ 141.7733897, -37.1072852 ], [ 141.78083239999998, -37.028019699999987 ], [ 141.770621299999988, -37.0269907 ], [ 141.771794199999988, -37.0219077 ], [ 141.780936199999985, -37.0227966 ], [ 141.786284199999983, -36.9885425 ], [ 141.7910642, -36.9890135 ], [ 141.792315, -36.9802164 ], [ 141.780104699999981, -36.9770974 ], [ 141.7739234, -36.9720535 ], [ 141.779326199999986, -36.9671616 ], [ 141.657669299999981, -36.9556407 ], [ 141.668795599999982, -36.8836886 ], [ 141.6833982, -36.885047299999989 ], [ 141.6838994, -36.8816428 ], [ 141.7065868, -36.883832399999989 ], [ 141.7119315, -36.8507348 ], [ 141.702643599999988, -36.8498164 ], [ 141.703549899999985, -36.809471799999983 ], [ 141.7006446, -36.8091806 ], [ 141.7021138, -36.799497 ], [ 141.7177901, -36.801030399999988 ], [ 141.740839199999982, -36.652157 ], [ 141.8161303, -36.6597891 ], [ 141.821044699999987, -36.6281652 ], [ 141.8262368, -36.628684600000021 ], [ 141.83768139999998, -36.5542813 ], [ 141.7286942, -36.5444495 ], [ 141.7268353, -36.5576977 ], [ 141.6502214, -36.5473891 ], [ 141.4735574, -36.5310506 ], [ 141.4844606, -36.4655457 ], [ 141.477882599999987, -36.4648462 ], [ 141.4839485, -36.4276695 ], [ 141.4797465, -36.427264599999987 ], [ 141.484253699999982, -36.391452199999989 ], [ 141.48635729999998, -36.3782221 ], [ 141.4960235, -36.3792669 ], [ 141.4971812, -36.372150799999986 ], [ 141.379094499999979, -36.3596965 ], [ 141.4002774, -36.227766100000011 ], [ 141.4115447, -36.228867599999987 ], [ 141.412049699999983, -36.2214056 ], [ 141.4031128, -36.211741699999983 ], [ 141.4037552, -36.2062763 ], [ 141.2266138, -36.1876703 ], [ 141.2489458, -36.063510099999988 ], [ 141.254429499999986, -35.9968152 ], [ 141.336132, -35.9978619 ], [ 141.352664799999985, -36.0082466 ], [ 141.3793987, -36.0048137 ], [ 141.374018899999982, -35.943656800000014 ], [ 141.354056499999984, -35.9129474 ], [ 141.3354137, -35.9051166 ], [ 141.330465, -35.748525 ], [ 140.963109100000025, -35.7485211 ] ] ] } },
{ "type": "Feature", "properties": { "lga_code": "26980", "lga_name": "Whitehorse", "area_sqkm": 64.2801 }, "geometry": { "type": "Polygon", "coordinates": [ [ [ 145.0951169, -37.853336399999989 ], [ 145.195709699999981, -37.865163 ], [ 145.2010055, -37.8621124 ], [ 145.1998125, -37.859347899999989 ], [ 145.20756609999998, -37.8560482 ], [ 145.205863699999981, -37.8541813 ], [ 145.2133522, -37.841009199999988 ], [ 145.212908500000026, -37.8107932 ], [ 145.205431, -37.8055975 ], [ 145.190292299999982, -37.8055419 ], [ 145.185028, -37.8012075 ], [ 145.1838893, -37.8060962 ], [ 145.132825199999985, -37.7953263 ], [ 145.1241214, -37.7987465 ], [ 145.1067262, -37.792146 ], [ 145.0951169, -37.853336399999989 ] ] ] } },
{ "type": "Feature", "properties": { "lga_code": "27070", "lga_name": "Whittlesea", "area_sqkm": 489.6938 }, "geometry": { "type": "Polygon", "coordinates": [ [ [ 145.072899899999982, -37.4505429 ], [ 145.000773, -37.4423668 ], [ 144.9940408, -37.4811639 ], [ 144.986971499999981, -37.499873 ], [ 145.0072398, -37.5021731 ], [ 145.002053599999982, -37.5097204 ], [ 144.9971019, -37.508454799999981 ], [ 144.991933599999982, -37.5153768 ], [ 144.9758857, -37.5140704 ], [ 144.9728235, -37.5258449 ], [ 144.976308, -37.5300785 ], [ 144.97255819999998, -37.5352991 ], [ 144.968748299999987, -37.534730699999983 ], [ 144.9537929, -37.5450382 ], [ 144.953822, -37.5497743 ], [ 144.965542199999987, -37.5602243 ], [ 144.965289399999989, -37.5735314 ], [ 144.963270599999987, -37.579316700000014 ], [ 144.9565962, -37.5824961 ], [ 144.9588091, -37.5911306 ], [ 144.953010899999981, -37.5964063 ], [ 144.9523547, -37.6068086 ], [ 144.946466499999985, -37.6074125 ], [ 144.955979899999988, -37.616767 ], [ 144.9573349, -37.6208344 ], [ 144.952801, -37.623192199999984 ], [ 144.958749, -37.6276876 ], [ 144.958553500000022, -37.634407 ], [ 144.9689258, -37.6385449 ], [ 144.976283099999989, -37.6500699 ], [ 144.97697789999998, -37.6582218 ], [ 144.972225899999984, -37.659303799999989 ], [ 144.972168, -37.663101899999987 ], [ 144.975681899999984, -37.6653388 ], [ 144.9739438, -37.6712738 ], [ 144.9778088, -37.6765648 ], [ 144.972403, -37.6769649 ], [ 144.9720668, -37.6909859 ], [ 145.058225199999981, -37.6999694 ], [ 145.0682443, -37.6860499 ], [ 145.099647899999979, -37.6894548 ], [ 145.101907899999986, -37.6872176 ], [ 145.1020308, -37.6819386 ], [ 145.084372, -37.6802827 ], [ 145.083499, -37.6767807 ], [ 145.086596, -37.6775797 ], [ 145.0857059, -37.6742936 ], [ 145.089074899999986, -37.6742136 ], [ 145.0838999, -37.6691275 ], [ 145.0920179, -37.6673395 ], [ 145.0904438, -37.6632854 ], [ 145.0950608, -37.6618554 ], [ 145.096640799999989, -37.6647824 ], [ 145.10370469999998, -37.6612213 ], [ 145.1035047, -37.6570342 ], [ 145.1078047, -37.6582212 ], [ 145.1019316, -37.6546842 ], [ 145.1024696, -37.6527011 ], [ 145.1075726, -37.653495200000016 ], [ 145.1032875, -37.6503891 ], [ 145.107693499999982, -37.6487381 ], [ 145.1044195, -37.64691 ], [ 145.1046485, -37.640551 ], [ 145.1015605, -37.640321 ], [ 145.109664399999986, -37.6389559 ], [ 145.108901399999979, -37.6333109 ], [ 145.1114643, -37.6327838 ], [ 145.1087503, -37.6311998 ], [ 145.122439, -37.6267048 ], [ 145.122486899999984, -37.6225338 ], [ 145.1280099, -37.6229598 ], [ 145.128661699999981, -37.6191812 ], [ 145.1357697, -37.6199177 ], [ 145.1444428, -37.570285 ], [ 145.1649951, -37.5579931 ], [ 145.168892500000027, -37.5513115 ], [ 145.166937599999983, -37.5482191 ], [ 145.1799239, -37.536425699999988 ], [ 145.2055191, -37.5392027 ], [ 145.20679389999998, -37.5319056 ], [ 145.194013399999989, -37.5304504 ], [ 145.196746, -37.5237097 ], [ 145.2107427, -37.5252195 ], [ 145.2117466, -37.5193685 ], [ 145.2284272, -37.5213958 ], [ 145.226685799999984, -37.5159091 ], [ 145.2344295, -37.5172383 ], [ 145.23548, -37.5100846 ], [ 145.2263495, -37.508687599999988 ], [ 145.231195899999989, -37.5029488 ], [ 145.2357452, -37.5033029 ], [ 145.241041699999982, -37.4777096 ], [ 145.22097, -37.4716408 ], [ 145.200244199999986, -37.4440259 ], [ 145.1856692, -37.4439163 ], [ 145.188685199999981, -37.4366155 ], [ 145.1865057, -37.4221474 ], [ 145.1785164, -37.42359110000001 ], [ 145.1658961, -37.4131278 ], [ 145.161777299999983, -37.414943 ], [ 145.1545648, -37.4128671 ], [ 145.150327899999979, -37.4148992 ], [ 145.146241799999984, -37.4282668 ], [ 145.1413025, -37.4282368 ], [ 145.129764, -37.4189735 ], [ 145.1249755, -37.4102499 ], [ 145.115286, -37.4102002 ], [ 145.111075199999988, -37.4017372 ], [ 145.1050889, -37.405538899999989 ], [ 145.1076816, -37.4082911 ], [ 145.104654499999981, -37.412404699999989 ], [ 145.0792888, -37.426332 ], [ 145.080802299999988, -37.4398328 ], [ 145.06778, -37.438608099999982 ], [ 145.0678844, -37.4460499 ], [ 145.072899899999982, -37.4505429 ] ] ] } },
{ "type": "Feature", "properties": { "lga_code": "27170", "lga_name": "Wodonga", "area_sqkm": 433.0021 }, "geometry": { "type": "Polygon", "coordinates": [ [ [ 146.774837599999984, -36.127533199999988 ], [ 146.773958, -36.1402712 ], [ 146.78098989999998, -36.1411552 ], [ 146.7785192, -36.1549832 ], [ 146.7905072, -36.1651452 ], [ 146.781028599999985, -36.1781432 ], [ 146.7841105, -36.1785632 ], [ 146.785990400000031, -36.1888522 ], [ 146.7848452, -36.200108 ], [ 146.7968358, -36.2138653 ], [ 146.811341699999986, -36.218178300000012 ], [ 146.803686, -36.2353336 ], [ 146.8130769, -36.2354703 ], [ 146.820729799999981, -36.244036 ], [ 146.8193703, -36.2544485 ], [ 146.822301899999985, -36.2574094 ], [ 146.8375418, -36.2596145 ], [ 146.8382288, -36.255796499999981 ], [ 146.856144199999989, -36.2579304 ], [ 146.8570985, -36.2530643 ], [ 146.8693223, -36.2481121 ], [ 146.875365099999982, -36.242103 ], [ 146.8837529, -36.2407749 ], [ 146.8909217, -36.2327439 ], [ 146.9055665, -36.2351457 ], [ 146.909794399999981, -36.2276157 ], [ 146.9193692, -36.2221185 ], [ 146.9390242, -36.2377575 ], [ 146.947521599999988, -36.2290242 ], [ 146.950915399999985, -36.2302587 ], [ 146.960843200000028, -36.24469 ], [ 147.0012554, -36.228957199999989 ], [ 146.997860299999985, -36.2286905 ], [ 146.999231, -36.225105 ], [ 146.995814199999984, -36.2225035 ], [ 147.000513, -36.2153374 ], [ 146.997474, -36.210263499999982 ], [ 147.0021429, -36.2108774 ], [ 147.002814799999982, -36.207224399999987 ], [ 147.0210356, -36.2095882 ], [ 147.021394099999981, -36.2076132 ], [ 147.0242245, -36.2092731 ], [ 147.025255499999986, -36.2041411 ], [ 147.032607399999989, -36.2050981 ], [ 147.036836099999988, -36.184794 ], [ 147.073908599999982, -36.1895136 ], [ 147.068562499999985, -36.1797997 ], [ 147.050614599999989, -36.163229799999982 ], [ 147.0356065, -36.1345788 ], [ 147.035069099999987, -36.1149633 ], [ 147.0227822, -36.0998822 ], [ 147.019067399999983, -36.0991311 ], [ 147.0174022, -36.1059266 ], [ 147.013478599999985, -36.1047083 ], [ 147.01306839999998, -36.0948931 ], [ 147.016324, -36.089784699999989 ], [ 147.006400899999988, -36.0891016 ], [ 147.007449899999983, -36.083719 ], [ 146.999323799999985, -36.087265099999989 ], [ 146.9904525, -36.0861353 ], [ 146.9813043, -36.0948633 ], [ 146.972594599999979, -36.0821002 ], [ 146.966642899999982, -36.0836422 ], [ 146.9565475, -36.0780916 ], [ 146.9591469, -36.084535099999989 ], [ 146.955039, -36.088761799999986 ], [ 146.9586593, -36.0918823 ], [ 146.950842699999981, -36.0934753 ], [ 146.95204769999998, -36.099762 ], [ 146.948497299999985, -36.1030362 ], [ 146.9524334, -36.1109114 ], [ 146.9437106, -36.115977 ], [ 146.933962899999983, -36.1114702 ], [ 146.9280123, -36.1055406 ], [ 146.929864, -36.0989718 ], [ 146.926420899999982, -36.097151099999984 ], [ 146.9214723, -36.100848 ], [ 146.925009099999983, -36.1073986 ], [ 146.9180838, -36.1079132 ], [ 146.913265599999988, -36.112720599999982 ], [ 146.9056497, -36.1086076 ], [ 146.9124072, -36.1046226 ], [ 146.908676, -36.0994976 ], [ 146.903424, -36.0982244 ], [ 146.905449899999979, -36.0839889 ], [ 146.900868, -36.08307 ], [ 146.890081399999985, -36.0880981 ], [ 146.880562, -36.0875111 ], [ 146.872958, -36.0736684 ], [ 146.865118900000027, -36.0728708 ], [ 146.864654799999983, -36.0782299 ], [ 146.860472, -36.077412 ], [ 146.861234699999983, -36.0737725 ], [ 146.8574023, -36.075734600000011 ], [ 146.861173899999983, -36.0815821 ], [ 146.85716309999998, -36.0849054 ], [ 146.8515103, -36.0838377 ], [ 146.846686600000027, -36.086536599999988 ], [ 146.8367059, -36.0820603 ], [ 146.8341232, -36.0859567 ], [ 146.8250549, -36.0887186 ], [ 146.8212201, -36.084574 ], [ 146.8275506, -36.0775131 ], [ 146.8235822, -36.0750176 ], [ 146.8255476, -36.070834500000011 ], [ 146.822866299999987, -36.0697726 ], [ 146.816307199999983, -36.0743644 ], [ 146.814681899999982, -36.0703526 ], [ 146.818386, -36.0678211 ], [ 146.8131625, -36.0678741 ], [ 146.814738399999982, -36.0640931 ], [ 146.8062376, -36.0607985 ], [ 146.803942, -36.0551818 ], [ 146.800787899999989, -36.0583513 ], [ 146.7945758, -36.058532199999988 ], [ 146.7933703, -36.0612256 ], [ 146.798609699999986, -36.0624765 ], [ 146.796187, -36.0651256 ], [ 146.787014, -36.064348 ], [ 146.7878323, -36.0593294 ], [ 146.781344499999989, -36.060423299999989 ], [ 146.7834809, -36.0632316 ], [ 146.78047669999998, -36.0645225 ], [ 146.775691699999982, -36.059264399999989 ], [ 146.76827179999998, -36.058979899999983 ], [ 146.767161, -36.0556552 ], [ 146.7628244, -36.0595053 ], [ 146.7596177, -36.0572234 ], [ 146.762321499999985, -36.0516522 ], [ 146.75647619999998, -36.0518022 ], [ 146.7581333, -36.0562161 ], [ 146.7528164, -36.0554573 ], [ 146.7558573, -36.0584176 ], [ 146.7498569, -36.061264 ], [ 146.7472195, -36.0559975 ], [ 146.75277509999998, -36.041856599999988 ], [ 146.744965899999983, -36.0477246 ], [ 146.739847, -36.045088799999988 ], [ 146.735208699999987, -36.048084899999978 ], [ 146.730525199999988, -36.044616199999986 ], [ 146.73506949999998, -36.035991 ], [ 146.732363600000014, -36.0309676 ], [ 146.727587299999982, -36.0297414 ], [ 146.720031299999988, -36.0349939 ], [ 146.7209655, -36.039661 ], [ 146.7176088, -36.0432791 ], [ 146.711595499999987, -36.045955299999989 ], [ 146.7024673, -36.106328 ], [ 146.7065843, -36.1257318 ], [ 146.733846799999981, -36.1225269 ], [ 146.7679379, -36.129023 ], [ 146.774837599999984, -36.127533199999988 ] ] ] } },
{ "type": "Feature", "properties": { "lga_code": "27260", "lga_name": "Wyndham", "area_sqkm": 542.0943 }, "geometry": { "type": "Polygon", "coordinates": [ [ [ 144.826766099999986, -37.816886800000013 ], [ 144.5887689, -37.793117 ], [ 144.578192199999989, -37.7993861 ], [ 144.582360099999988, -37.8014381 ], [ 144.577418599999987, -37.8068971 ], [ 144.5775663, -37.804123499999989 ], [ 144.5675824, -37.7988804 ], [ 144.5488029, -37.7971283 ], [ 144.532689, -37.7872591 ], [ 144.477683899999988, -37.7809995 ], [ 144.466850099999988, -37.8390816 ], [ 144.448990899999984, -37.837048 ], [ 144.444067, -37.8640208 ], [ 144.448949, -37.8685581 ], [ 144.454712, -37.8676016 ], [ 144.469328700000034, -37.884184099999977 ], [ 144.472907099999986, -37.8827644 ], [ 144.47203159999998, -37.8878179 ], [ 144.480803, -37.8903159 ], [ 144.484778399999982, -37.9089691 ], [ 144.478117699999984, -37.9107793 ], [ 144.476947699999982, -37.922066199999989 ], [ 144.4826206, -37.9232564 ], [ 144.4750444, -37.9281003 ], [ 144.4771183, -37.93212 ], [ 144.474024499999985, -37.935668299999989 ], [ 144.4813577, -37.9441687 ], [ 144.4771518, -37.9452742 ], [ 144.4798921, -37.9499335 ], [ 144.4888522, -37.9608671 ], [ 144.496461499999981, -37.9642044 ], [ 144.4956918, -37.9743052 ], [ 144.507109899999989, -37.973803 ], [ 144.50865, -37.978327399999984 ], [ 144.5186976, -37.9809998 ], [ 144.5229578, -37.9797759 ], [ 144.5240746, -37.9733553 ], [ 144.5475534, -37.9718581 ], [ 144.554649399999988, -37.9847723 ], [ 144.5654396, -37.986727400000014 ], [ 144.5678297, -37.9845022 ], [ 144.573393100000033, -37.9943497 ], [ 144.572033799999986, -37.9978547 ], [ 144.580218, -38.002464 ], [ 144.5924944, -38.0045674 ], [ 144.6230798, -38.000123099999989 ], [ 144.6501834, -38.002005 ], [ 144.6883469, -37.9736228 ], [ 144.694201199999981, -37.9744825 ], [ 144.702374, -37.971146399999988 ], [ 144.7355921, -37.9431219 ], [ 144.74404389999998, -37.9392528 ], [ 144.7610344, -37.9373336 ], [ 144.773841899999979, -37.9291684 ], [ 144.792839599999979, -37.9273284 ], [ 144.7991755, -37.9231573 ], [ 144.797528299999982, -37.9066632 ], [ 144.8045086, -37.894337100000016 ], [ 144.7973522, -37.8996391 ], [ 144.781424499999986, -37.899466199999985 ], [ 144.7807775, -37.894128099999989 ], [ 144.772787599999987, -37.884948 ], [ 144.7633308, -37.8835749 ], [ 144.7623878, -37.8886551 ], [ 144.7517159, -37.8866501 ], [ 144.752391599999982, -37.8764505 ], [ 144.754805, -37.8695539 ], [ 144.7661966, -37.8647425 ], [ 144.7670354, -37.8577654 ], [ 144.7700323, -37.858259499999988 ], [ 144.770623199999989, -37.855377499999982 ], [ 144.7689412, -37.8511825 ], [ 144.8196375, -37.8276804 ], [ 144.8274204, -37.8228184 ], [ 144.826766099999986, -37.816886800000013 ] ] ] } },
{ "type": "Feature", "properties": { "lga_code": "27350", "lga_name": "Yarra", "area_sqkm": 19.5421 }, "geometry": { "type": "Polygon", "coordinates": [ [ [ 144.9987539, -37.7854628 ], [ 144.992119799999983, -37.7826188 ], [ 144.9885242, -37.776394 ], [ 144.9788911, -37.7752946 ], [ 144.9781169, -37.780195 ], [ 144.961478799999981, -37.7781824 ], [ 144.963592899999981, -37.784990899999976 ], [ 144.969523399999986, -37.7856066 ], [ 144.9683959, -37.792247 ], [ 144.9757215, -37.7930339 ], [ 144.973193899999984, -37.8079098 ], [ 144.991357, -37.8097181 ], [ 144.9879358, -37.8296089 ], [ 144.9909232, -37.832886900000013 ], [ 145.003681299999982, -37.834476 ], [ 145.0043763, -37.831215 ], [ 145.0095512, -37.8335309 ], [ 145.0129222, -37.8304909 ], [ 145.0246239, -37.8344859 ], [ 145.028351, -37.8310418 ], [ 145.021829, -37.8254129 ], [ 145.016252, -37.8246819 ], [ 145.0157447, -37.810614899999983 ], [ 145.0003379, -37.806964 ], [ 145.00015590000001, -37.804276 ], [ 145.007697799999988, -37.803451900000013 ], [ 144.9992768, -37.7972099 ], [ 145.0092737, -37.7963168 ], [ 145.00681179999998, -37.8008059 ], [ 145.0129107, -37.7992238 ], [ 145.0199876, -37.8035269 ], [ 145.0208666, -37.7983978 ], [ 145.013859599999989, -37.7935927 ], [ 145.019604499999986, -37.7922887 ], [ 145.0131836, -37.785647499999982 ], [ 145.040432399999986, -37.7897545 ], [ 145.0452502, -37.78405750000001 ], [ 145.0403694, -37.7853045 ], [ 145.0359772, -37.77887040000001 ], [ 145.0123355, -37.7841775 ], [ 145.0018168, -37.783053900000013 ], [ 144.9987539, -37.7854628 ] ] ] } },
{ "type": "Feature", "properties": { "lga_code": "27450", "lga_name": "Yarra Ranges", "area_sqkm": 2468.2052 }, "geometry": { "type": "Polygon", "coordinates": [ [ [ 145.2931868, -37.964855 ], [ 145.382675799999987, -37.9749474 ], [ 145.3842156, -37.9706542 ], [ 145.387966, -37.9712591 ], [ 145.3882061, -37.9576384 ], [ 145.3822791, -37.9559275 ], [ 145.3851548, -37.9516105 ], [ 145.382173599999987, -37.941159099999986 ], [ 145.3856714, -37.9360394 ], [ 145.3840798, -37.9295923 ], [ 145.389808599999981, -37.9242732 ], [ 145.3989434, -37.9213111 ], [ 145.400764399999986, -37.9262911 ], [ 145.415992099999983, -37.9282708 ], [ 145.4170503, -37.9228875 ], [ 145.419689, -37.926364599999985 ], [ 145.428506699999986, -37.9134787 ], [ 145.4387156, -37.9145644 ], [ 145.443732499999982, -37.9064606 ], [ 145.4594501, -37.9053414 ], [ 145.467065, -37.9119204 ], [ 145.470517799999982, -37.9011213 ], [ 145.4815975, -37.8984131 ], [ 145.5077133, -37.8998238 ], [ 145.5224062, -37.8870681 ], [ 145.5256329, -37.8873356 ], [ 145.5289296, -37.8758473 ], [ 145.5267724, -37.8636094 ], [ 145.519139599999988, -37.857741 ], [ 145.541085899999985, -37.871602 ], [ 145.553323399999982, -37.873578599999988 ], [ 145.5553898, -37.8788354 ], [ 145.562295, -37.8819226 ], [ 145.5690485, -37.8979796 ], [ 145.5705055, -37.8959263 ], [ 145.5752388, -37.8993292 ], [ 145.589943299999987, -37.896263399999981 ], [ 145.604331799999983, -37.8980044 ], [ 145.6037378, -37.9011 ], [ 145.6279307, -37.9040149 ], [ 145.625884899999988, -37.91754 ], [ 145.6526115, -37.9164222 ], [ 145.6505755, -37.9126797 ], [ 145.657961299999982, -37.9079768 ], [ 145.6707064, -37.907128799999981 ], [ 145.670541899999989, -37.8942966 ], [ 145.6796722, -37.893536499999989 ], [ 145.686318199999988, -37.8888058 ], [ 145.686859199999986, -37.880801800000015 ], [ 145.6938936, -37.8859945 ], [ 145.7215472, -37.8852257 ], [ 145.7292304, -37.9028588 ], [ 145.7379013, -37.9019927 ], [ 145.7482813, -37.9075177 ], [ 145.7650228, -37.8985669 ], [ 145.762878799999982, -37.894978900000012 ], [ 145.7695038, -37.8808899 ], [ 145.7783698, -37.8768889 ], [ 145.7928808, -37.877689900000014 ], [ 145.7981988, -37.8732789 ], [ 145.80421579999998, -37.8735169 ], [ 145.803255799999988, -37.8606739 ], [ 145.810707799999989, -37.8644509 ], [ 145.817620799999986, -37.857737899999989 ], [ 145.8157148, -37.854200899999988 ], [ 145.8114118, -37.855596899999981 ], [ 145.80426079999998, -37.850994899999989 ], [ 145.811429799999985, -37.8395409 ], [ 145.808447799999982, -37.8296819 ], [ 145.8045478, -37.8295979 ], [ 145.803482799999983, -37.8258929 ], [ 145.793731799999989, -37.8261989 ], [ 145.7949558, -37.8150959 ], [ 145.8041638, -37.8140009 ], [ 145.8091038, -37.8076429 ], [ 145.828552799999983, -37.812312899999988 ], [ 145.8384288, -37.8043239 ], [ 145.8391638, -37.798609899999981 ], [ 145.8447118, -37.7976129 ], [ 145.85709079999998, -37.8008179 ], [ 145.8784704, -37.8183739 ], [ 145.8927498, -37.8254359 ], [ 145.905472799999984, -37.8163699 ], [ 145.9147088, -37.8260559 ], [ 145.9263858, -37.8296329 ], [ 145.926758799999988, -37.8226259 ], [ 145.931632799999988, -37.8199619 ], [ 145.922628799999984, -37.8084169 ], [ 145.929011799999984, -37.7983609 ], [ 145.9180648, -37.7859929 ], [ 145.917472799999985, -37.7775099 ], [ 145.923708799999986, -37.7715939 ], [ 145.9367768, -37.7715659 ], [ 145.9364098, -37.7651779 ], [ 145.9436198, -37.7582189 ], [ 145.963582799999983, -37.765946899999989 ], [ 145.9701818, -37.7648239 ], [ 145.990284799999984, -37.7687749 ], [ 145.9995208, -37.765433899999984 ], [ 146.0034818, -37.768514900000014 ], [ 146.012551799999983, -37.7687619 ], [ 146.021454799999987, -37.7748279 ], [ 146.0386388, -37.7744419 ], [ 146.0677737, -37.7689669 ], [ 146.07469279999998, -37.7630749 ], [ 146.0843467, -37.7610829 ], [ 146.089100799999983, -37.753777899999989 ], [ 146.103036800000012, -37.7630789 ], [ 146.1086113, -37.7742265 ], [ 146.1171062, -37.7777044 ], [ 146.1213297, -37.7881789 ], [ 146.133766700000024, -37.7880129 ], [ 146.1422757, -37.7718689 ], [ 146.156881699999985, -37.7650479 ], [ 146.163229699999988, -37.7473359 ], [ 146.153088699999984, -37.7180649 ], [ 146.143745699999982, -37.7097299 ], [ 146.1383078, -37.7098929 ], [ 146.1395008, -37.7061759 ], [ 146.1355538, -37.702064899999989 ], [ 146.142673699999989, -37.6914159 ], [ 146.1403737, -37.6820379 ], [ 146.1323248, -37.6768879 ], [ 146.1339578, -37.6644119 ], [ 146.1297548, -37.6480599 ], [ 146.130952799999989, -37.6438959 ], [ 146.141300799999982, -37.6370009 ], [ 146.1393367, -37.6325359 ], [ 146.1441658, -37.6274159 ], [ 146.1510017, -37.6253209 ], [ 146.1585488, -37.6302799 ], [ 146.1592987, -37.6223969 ], [ 146.1648308, -37.622982899999982 ], [ 146.1588247, -37.600758899999988 ], [ 146.161304699999988, -37.5962479 ], [ 146.171987699999988, -37.5994719 ], [ 146.1698338, -37.5940629 ], [ 146.1732558, -37.5886889 ], [ 146.186407799999984, -37.5800529 ], [ 146.188006799999982, -37.5855709 ], [ 146.191928800000028, -37.5875169 ], [ 146.190708699999988, -37.5717854 ], [ 146.1844806, -37.5609713 ], [ 146.1863855, -37.5545693 ], [ 146.18280249999998, -37.5489982 ], [ 146.1867614, -37.544131199999981 ], [ 146.187102399999986, -37.5359031 ], [ 145.8896973, -37.5322447 ], [ 145.8806185, -37.525077 ], [ 145.8638209, -37.5321565 ], [ 145.8472104, -37.527984300000014 ], [ 145.8406502, -37.532045199999985 ], [ 145.834402399999988, -37.5317958 ], [ 145.826326099999989, -37.5281233 ], [ 145.8242414, -37.533181 ], [ 145.81991309999998, -37.5346071 ], [ 145.822071699999981, -37.539951599999988 ], [ 145.816251199999982, -37.5563114 ], [ 145.809044, -37.5600381 ], [ 145.809189799999984, -37.5643782 ], [ 145.79085, -37.5620067 ], [ 145.766090199999979, -37.5736127 ], [ 145.7553604, -37.5747515 ], [ 145.7450954, -37.5718958 ], [ 145.7386946, -37.566378699999987 ], [ 145.730578399999985, -37.5820939 ], [ 145.7373475, -37.5939786 ], [ 145.675858399999981, -37.6241823 ], [ 145.659295899999989, -37.6177799 ], [ 145.654100400000033, -37.6021654 ], [ 145.6406807, -37.589225100000014 ], [ 145.632626, -37.5875512 ], [ 145.6149255, -37.571031600000012 ], [ 145.6024803, -37.576040399999989 ], [ 145.5998736, -37.5660642 ], [ 145.587713799999989, -37.5668509 ], [ 145.5780298, -37.572041 ], [ 145.5732152, -37.5863009 ], [ 145.562603199999984, -37.593231199999984 ], [ 145.5476505, -37.5745794 ], [ 145.5402025, -37.5716481 ], [ 145.5375209, -37.562626099999989 ], [ 145.531480499999986, -37.5568535 ], [ 145.5280316, -37.5566815 ], [ 145.525360799999987, -37.563689599999989 ], [ 145.5079829, -37.5558926 ], [ 145.502545, -37.5558757 ], [ 145.508762, -37.5636337 ], [ 145.4968173, -37.563577699999989 ], [ 145.4968271, -37.5601917 ], [ 145.481996399999986, -37.5601178 ], [ 145.482009299999987, -37.554665800000016 ], [ 145.474194399999988, -37.5546419 ], [ 145.473448499999989, -37.5581289 ], [ 145.4699205, -37.5576589 ], [ 145.46775839999998, -37.5498089 ], [ 145.437818, -37.5458642 ], [ 145.4405365, -37.5334211 ], [ 145.432693500000028, -37.5308012 ], [ 145.426003799999989, -37.5349874 ], [ 145.4185258, -37.531485599999989 ], [ 145.418230699999981, -37.526383599999988 ], [ 145.403459, -37.5271188 ], [ 145.4024052, -37.5363269 ], [ 145.3939064, -37.5408801 ], [ 145.3895344, -37.5397251 ], [ 145.3864735, -37.543382199999989 ], [ 145.3758283, -37.540528 ], [ 145.3664177, -37.5451128 ], [ 145.354975699999983, -37.6006911 ], [ 145.3562609, -37.6138422 ], [ 145.3525789, -37.6153932 ], [ 145.3578359, -37.618660499999983 ], [ 145.3584459, -37.6274739 ], [ 145.353889700000025, -37.643897099999982 ], [ 145.347800899999982, -37.6486622 ], [ 145.345792099999983, -37.6557243 ], [ 145.3355278, -37.6623508 ], [ 145.3303717, -37.6719206 ], [ 145.335604499999988, -37.6820774 ], [ 145.331036899999987, -37.6921487 ], [ 145.3265829, -37.688955699999987 ], [ 145.3170601, -37.6919898 ], [ 145.318986, -37.6967278 ], [ 145.314923099999987, -37.6996089 ], [ 145.322051099999982, -37.7074529 ], [ 145.3141702, -37.706631 ], [ 145.311257399999988, -37.7161041 ], [ 145.3026955, -37.7166971 ], [ 145.2994755, -37.7128121 ], [ 145.2935975, -37.7122211 ], [ 145.292551, -37.7272642 ], [ 145.2835201, -37.7325234 ], [ 145.2816714, -37.742567099999981 ], [ 145.289718199999982, -37.7526675 ], [ 145.289578399999982, -37.7628058 ], [ 145.296438599999988, -37.7634401 ], [ 145.2959062, -37.766387 ], [ 145.300347099999982, -37.767381199999981 ], [ 145.297345799999988, -37.7703698 ], [ 145.3078855, -37.7775429 ], [ 145.3052716, -37.784339300000013 ], [ 145.3091382, -37.7954078 ], [ 145.3042934, -37.8215248 ], [ 145.3168135, -37.818145599999987 ], [ 145.317764399999987, -37.8449427 ], [ 145.332834599999984, -37.8474217 ], [ 145.3321292, -37.8510085 ], [ 145.347625199999982, -37.8593967 ], [ 145.343468299999984, -37.8623155 ], [ 145.3366256, -37.8561729 ], [ 145.3341738, -37.8579661 ], [ 145.335992399999981, -37.8631226 ], [ 145.3331934, -37.8615546 ], [ 145.3242175, -37.8670526 ], [ 145.316455599999983, -37.8626978 ], [ 145.3021488, -37.8642031 ], [ 145.308501799999988, -37.871052899999988 ], [ 145.304540799999984, -37.8879717 ], [ 145.32424709999998, -37.899446 ], [ 145.313879400000019, -37.9016221 ], [ 145.309469400000012, -37.8994692 ], [ 145.3092585, -37.9039623 ], [ 145.3050165, -37.9057003 ], [ 145.294526499999989, -37.9003323 ], [ 145.2927257, -37.9072123 ], [ 145.298689699999983, -37.911680200000013 ], [ 145.303872899999988, -37.9334154 ], [ 145.299883199999982, -37.9314491 ], [ 145.2931868, -37.964855 ] ] ] } },
{ "type": "Feature", "properties": { "lga_code": "27630", "lga_name": "Yarriambiack", "area_sqkm": 7325.797 }, "geometry": { "type": "Polygon", "coordinates": [ [ [ 142.2390036, -35.9978748 ], [ 142.1684531, -35.9978537 ], [ 142.168466300000034, -36.0182998 ], [ 142.1726453, -36.0186958 ], [ 142.172613499999983, -36.0338039 ], [ 142.1684845, -36.033797 ], [ 142.167972599999985, -36.040473 ], [ 142.1686354, -36.3658486 ], [ 142.16538749999998, -36.3662686 ], [ 142.165889199999981, -36.4326542 ], [ 142.198057899999981, -36.4375547 ], [ 142.2435525, -36.440060599999988 ], [ 142.3432675, -36.4402947 ], [ 142.3505145, -36.4494347 ], [ 142.40481250000002, -36.449471699999989 ], [ 142.3963244, -36.4582553 ], [ 142.4019044, -36.4663963 ], [ 142.3979205, -36.4719114 ], [ 142.3983696, -36.480154399999989 ], [ 142.4024166, -36.4817384 ], [ 142.3992906, -36.4879135 ], [ 142.4043686, -36.4946415 ], [ 142.394443599999988, -36.5060308 ], [ 142.3964216, -36.510410799999988 ], [ 142.3917998, -36.521626 ], [ 142.3942628, -36.527274 ], [ 142.398067800000035, -36.528108 ], [ 142.396476899999982, -36.5381481 ], [ 142.390582, -36.546768199999981 ], [ 142.382056299999988, -36.5738196 ], [ 142.3880242, -36.578287599999989 ], [ 142.386065299999984, -36.587096699999982 ], [ 142.389026299999983, -36.5898836 ], [ 142.3862854, -36.5988208 ], [ 142.3783396, -36.6035909 ], [ 142.378651599999984, -36.607336 ], [ 142.3718788, -36.6132641 ], [ 142.3698523, -36.6460284 ], [ 142.3825563, -36.6572214 ], [ 142.3856983, -36.6658264 ], [ 142.382311499999986, -36.6729695 ], [ 142.386926499999987, -36.6768904 ], [ 142.3963373, -36.6784613 ], [ 142.3958274, -36.6835274 ], [ 142.4023544, -36.689819299999989 ], [ 142.3989135, -36.6930944 ], [ 142.4001366, -36.6993554 ], [ 142.408159499999982, -36.700815399999989 ], [ 142.4104015, -36.7062894 ], [ 142.423830399999986, -36.7116123 ], [ 142.4400004, -36.7266482 ], [ 142.4537334, -36.7293091 ], [ 142.4626323, -36.734843 ], [ 142.469321399999984, -36.748697099999987 ], [ 142.475354399999986, -36.752912099999989 ], [ 142.4753455, -36.7586121 ], [ 142.4695935, -36.7614854 ], [ 142.73155, -36.7613546 ], [ 142.711928199999988, -36.7357622 ], [ 142.7141034, -36.7210185 ], [ 142.763869, -36.656719099999982 ], [ 142.794669199999987, -36.6394981 ], [ 142.80646059999998, -36.6149715 ], [ 142.804491399999989, -36.613288499999989 ], [ 142.8164078, -36.5942415 ], [ 142.8163768, -36.5723153 ], [ 142.7829386, -36.5720549 ], [ 142.7651937, -36.56153 ], [ 142.731701, -36.5508112 ], [ 142.7319087, -36.497724 ], [ 142.7894331, -36.4959013 ], [ 142.789382, -36.4732592 ], [ 142.79861, -36.4732561 ], [ 142.7986565, -36.4595487 ], [ 142.8167408, -36.459558199999989 ], [ 142.816752600000029, -36.437479599999982 ], [ 142.798619299999984, -36.4375415 ], [ 142.7987106, -36.408078499999988 ], [ 142.731824500000016, -36.4052237 ], [ 142.7318822, -36.3973261 ], [ 142.742957, -36.3930562 ], [ 142.7349614, -36.3760183 ], [ 142.7315578, -36.3757171 ], [ 142.731640299999981, -36.298569199999989 ], [ 142.7192435, -36.3071984 ], [ 142.721865399999984, -36.2911213 ], [ 142.7255963, -36.291519199999989 ], [ 142.727247399999982, -36.281376699999981 ], [ 142.7401322, -36.2827518 ], [ 142.7431042, -36.2645771 ], [ 142.7221018, -36.2622859 ], [ 142.7221113, -36.2394253 ], [ 142.7280475, -36.2394268 ], [ 142.7251676, -36.2096796 ], [ 142.7321896, -36.2097085 ], [ 142.7321048, -36.183117299999978 ], [ 142.735355799999979, -36.1834961 ], [ 142.7365193, -36.1653918 ], [ 142.7457997, -36.1637251 ], [ 142.747548599999988, -36.1538527 ], [ 142.742214, -36.1532312 ], [ 142.7431727, -36.1477822 ], [ 142.7278543, -36.1477791 ], [ 142.731779599999982, -36.1033517 ], [ 142.6808981, -36.0999021 ], [ 142.680867, -36.0963161 ], [ 142.6315758, -36.1252728 ], [ 142.6315328, -36.1204477 ], [ 142.6042491, -36.120447 ], [ 142.604420799999986, -35.9978197 ], [ 142.6008549, -35.997904 ], [ 142.6010502, -35.9348655 ], [ 142.5975732, -35.932017 ], [ 142.6010833, -35.9321805 ], [ 142.6011335, -35.736405099999985 ], [ 142.7217636, -35.735979399999977 ], [ 142.722473799999989, -35.4752713 ], [ 142.5432965, -35.4757685 ], [ 142.5437516, -35.3870002 ], [ 142.5353275, -35.3866154 ], [ 142.5358539, -35.3029006 ], [ 142.4116952, -35.303840199999989 ], [ 142.4033072, -35.3029302 ], [ 142.403354, -35.2953808 ], [ 142.3741627, -35.296986 ], [ 142.3638293, -35.2921376 ], [ 142.3143916, -35.2973595 ], [ 142.30124189999998, -35.2935723 ], [ 142.2913199, -35.295490900000011 ], [ 142.2894248, -35.2908506 ], [ 142.2572701, -35.2998235 ], [ 142.2449145, -35.3074476 ], [ 142.2439353, -35.3109442 ], [ 142.2224206, -35.3109349 ], [ 142.2007303, -35.3150526 ], [ 142.1951024, -35.3131409 ], [ 142.1889514, -35.3225672 ], [ 142.1812639, -35.3222361 ], [ 142.183739299999985, -35.3294758 ], [ 142.1812903, -35.331843699999986 ], [ 142.1990663, -35.3537258 ], [ 142.179090699999989, -35.3539946 ], [ 142.1741806, -35.3623943 ], [ 142.1821539, -35.3669355 ], [ 142.1736463, -35.3758619 ], [ 142.206838299999987, -35.4500758 ], [ 142.168513499999989, -35.449850699999978 ], [ 142.1668568, -35.4784303 ], [ 142.151520399999981, -35.4765532 ], [ 142.142219399999988, -35.4801316 ], [ 142.131366899999989, -35.4782921 ], [ 142.124704, -35.4722031 ], [ 142.100643099999985, -35.4663574 ], [ 142.09133989999998, -35.4693381 ], [ 142.0814342, -35.4645769 ], [ 141.9974832, -35.4634893 ], [ 141.9974977, -35.6395563 ], [ 141.994934799999982, -35.643861399999984 ], [ 141.9974393, -35.710741299999988 ], [ 141.992228700000027, -35.710737400000014 ], [ 141.9988711, -35.7161347 ], [ 142.008012899999983, -35.7337476 ], [ 142.0101689, -35.7552194 ], [ 141.9957469, -35.8242634 ], [ 141.997117299999985, -35.867432 ], [ 142.2390399, -35.8683105 ], [ 142.2390036, -35.9978748 ] ] ] } },
{ "type": "Feature", "properties": { "lga_code": "29399", "lga_name": "Unincorporated Vic", "area_sqkm": 283.1903 }, "geometry": { "type": "MultiPolygon", "coordinates": [ [ [ [ 146.29402810000002, -39.1560544 ], [ 146.294937299999987, -39.1589875 ], [ 146.296068099999985, -39.1564552 ], [ 146.29402810000002, -39.1560544 ] ] ], [ [ [ 146.2984889, -39.1551446 ], [ 146.299347899999987, -39.1553365 ], [ 146.299203899999981, -39.1544288 ], [ 146.2984889, -39.1551446 ] ] ], [ [ [ 146.2314178, -39.0884639 ], [ 146.2366869, -39.0978401 ], [ 146.241447699999981, -39.088835 ], [ 146.233981699999987, -39.0835869 ], [ 146.2311157, -39.0852179 ], [ 146.223207600000023, -39.0708678 ], [ 146.221061599999985, -39.072668799999988 ], [ 146.224894799999987, -39.0851599 ], [ 146.2314178, -39.0884639 ] ] ], [ [ [ 146.2417874, -39.0169174 ], [ 146.2364116, -39.0223245 ], [ 146.2425246, -39.0245765 ], [ 146.2383137, -39.028454599999989 ], [ 146.2414397, -39.0296345 ], [ 146.246243599999985, -39.024343499999986 ], [ 146.2417874, -39.0169174 ] ] ], [ [ [ 146.2239927, -38.9666852 ], [ 146.224412799999982, -38.9721442 ], [ 146.233828599999981, -38.9677971 ], [ 146.2239927, -38.9666852 ] ] ], [ [ [ 146.513220499999989, -38.913123399999982 ], [ 146.5112605, -38.9089264 ], [ 146.5062226, -38.9142036 ], [ 146.513220499999989, -38.913123399999982 ] ] ], [ [ [ 146.3709326, -38.8411242 ], [ 146.3684917, -38.8441643 ], [ 146.3706556, -38.8437722 ], [ 146.3709326, -38.8411242 ] ] ], [ [ [ 146.3943219, -38.8070257 ], [ 146.3927979, -38.8066567 ], [ 146.3927469, -38.807462699999988 ], [ 146.3943219, -38.8070257 ] ] ], [ [ [ 146.2317482, -37.8482625 ], [ 146.2326885, -37.852335699999983 ], [ 146.2369587, -37.8561787 ], [ 146.2415562, -37.850542099999984 ], [ 146.2792657, -37.8417626 ], [ 146.278313699999984, -37.8330962 ], [ 146.2511681, -37.835549099999987 ], [ 146.24424639999998, -37.8389516 ], [ 146.236249599999979, -37.854991499999983 ], [ 146.2317482, -37.8482625 ] ] ], [ [ [ 149.904588499999988, -37.5589294 ], [ 149.910179699999986, -37.569298499999988 ], [ 149.9184745, -37.568392499999987 ], [ 149.918088399999988, -37.561198399999988 ], [ 149.9049063, -37.5482873 ], [ 149.9087154, -37.5553523 ], [ 149.904588499999988, -37.5589294 ] ] ], [ [ [ 146.3018277, -39.1539399 ], [ 146.302886799999982, -39.1539129 ], [ 146.3022437, -39.1531861 ], [ 146.3018277, -39.1539399 ] ] ], [ [ [ 146.3562035, -39.1389202 ], [ 146.3595445, -39.140819199999989 ], [ 146.3683184, -39.1391111 ], [ 146.3603154, -39.1374442 ], [ 146.3562035, -39.1389202 ] ] ], [ [ [ 146.2344503, -39.114393299999989 ], [ 146.2371263, -39.1177493 ], [ 146.2385572, -39.1118532 ], [ 146.237066199999987, -39.1118282 ], [ 146.2344503, -39.114393299999989 ] ] ], [ [ [ 146.2375511, -39.1093472 ], [ 146.241357099999988, -39.1080152 ], [ 146.236634, -39.100953099999984 ], [ 146.2355201, -39.1049052 ], [ 146.2375511, -39.1093472 ] ] ], [ [ [ 146.2769361, -38.7710375 ], [ 146.2786341, -38.7727375 ], [ 146.2796691, -38.7714905 ], [ 146.2769361, -38.7710375 ] ] ], [ [ [ 141.9987674, -38.4254715 ], [ 142.014177, -38.4122931 ], [ 142.0004352, -38.4131753 ], [ 141.993487300000027, -38.4173584 ], [ 141.9987674, -38.4254715 ] ] ], [ [ [ 145.2128538, -38.3286948 ], [ 145.208065799999986, -38.328018799999988 ], [ 145.208658, -38.3330418 ], [ 145.20970269999998, -38.3324539 ], [ 145.2128538, -38.3286948 ] ] ], [ [ [ 146.241448099999985, -39.1138333 ], [ 146.2432852, -39.1176193 ], [ 146.2439172, -39.1158793 ], [ 146.241448099999985, -39.1138333 ] ] ], [ [ [ 146.3120778, -39.1347523 ], [ 146.3257969, -39.1471934 ], [ 146.329140699999982, -39.1392664 ], [ 146.3120778, -39.1347523 ] ] ], [ [ [ 145.347929, -38.4216799 ], [ 145.3482717, -38.4214719 ], [ 145.3479077, -38.4214879 ], [ 145.347929, -38.4216799 ] ] ], [ [ [ 147.1376726, -36.984643 ], [ 147.1456331, -36.9890093 ], [ 147.1397494, -37.003948699999981 ], [ 147.1465719, -37.008864899999985 ], [ 147.1526058, -37.0120239 ], [ 147.162345099999982, -37.0056612 ], [ 147.16616209999998, -37.0101967 ], [ 147.1799351, -37.009587199999984 ], [ 147.189907, -37.0134026 ], [ 147.197251199999982, -37.0225131 ], [ 147.193019199999981, -37.006195 ], [ 147.1880041, -36.996537 ], [ 147.1832454, -36.9952435 ], [ 147.1844026, -36.991018900000014 ], [ 147.1893696, -36.9908833 ], [ 147.1914573, -36.987893100000015 ], [ 147.187344599999989, -36.9835194 ], [ 147.17738989999998, -36.981822 ], [ 147.176186, -36.9871797 ], [ 147.1670897, -36.9908584 ], [ 147.161842299999989, -36.9720415 ], [ 147.150089399999985, -36.9580546 ], [ 147.1343142, -36.958508 ], [ 147.1326159, -36.964328 ], [ 147.121005599999989, -36.9721963 ], [ 147.097098, -37.0020604 ], [ 147.080825399999981, -37.0017687 ], [ 147.0643105, -36.9962529 ], [ 147.0612932, -36.9977603 ], [ 147.0617602, -37.0034871 ], [ 147.0739977, -37.013340899999989 ], [ 147.073577699999987, -37.017351300000023 ], [ 147.1046226, -37.002675300000014 ], [ 147.122676499999983, -36.9997586 ], [ 147.126557599999984, -36.9945612 ], [ 147.133194299999985, -36.9966842 ], [ 147.133192, -36.9890534 ], [ 147.1376726, -36.984643 ] ] ], [ [ [ 146.310354099999984, -39.157508899999982 ], [ 146.3154299, -39.1566112 ], [ 146.3089333, -39.149961 ], [ 146.3066365, -39.1524773 ], [ 146.310354099999984, -39.157508899999982 ] ] ], [ [ [ 146.3043835, -39.151655599999984 ], [ 146.305617499999983, -39.1516486 ], [ 146.304492400000015, -39.151164699999981 ], [ 146.3043835, -39.151655599999984 ] ] ], [ [ [ 147.283794699999987, -36.878698799999981 ], [ 147.2925091, -36.8713757 ], [ 147.2897901, -36.8641754 ], [ 147.277654499999983, -36.8589994 ], [ 147.273844900000029, -36.846362299999988 ], [ 147.267679099999981, -36.840968 ], [ 147.258381499999984, -36.8364078 ], [ 147.257238199999989, -36.841890199999987 ], [ 147.2452159, -36.8435445 ], [ 147.2483861, -36.8489444 ], [ 147.2409839, -36.8591223 ], [ 147.2418645, -36.8640595 ], [ 147.247759699999989, -36.8661214 ], [ 147.239450399999981, -36.868114399999989 ], [ 147.24023889999998, -36.8714717 ], [ 147.236689499999983, -36.868379099999984 ], [ 147.234967499999982, -36.8715496 ], [ 147.244972499999989, -36.8833818 ], [ 147.2623748, -36.8832048 ], [ 147.2717015, -36.8773469 ], [ 147.283794699999987, -36.878698799999981 ] ] ], [ [ [ 145.369516299999987, -38.4114144 ], [ 145.3685126, -38.4190818 ], [ 145.372109, -38.4175997 ], [ 145.369516299999987, -38.4114144 ] ] ], [ [ [ 146.417866799999985, -37.1390519 ], [ 146.414105799999987, -37.1465259 ], [ 146.4320438, -37.1648819 ], [ 146.4791064, -37.161926 ], [ 146.48031469999998, -37.1507719 ], [ 146.48619979999998, -37.1510549 ], [ 146.4902338, -37.1457599 ], [ 146.5012227, -37.1513779 ], [ 146.503759799999983, -37.1488239 ], [ 146.5144537, -37.1501099 ], [ 146.51346479999998, -37.1447249 ], [ 146.5084248, -37.143382 ], [ 146.51062779999998, -37.141548 ], [ 146.5067618, -37.1391679 ], [ 146.5100678, -37.1379879 ], [ 146.50863769999998, -37.134307899999989 ], [ 146.5169497, -37.1361079 ], [ 146.512695799999989, -37.1311479 ], [ 146.5220328, -37.131653 ], [ 146.518662700000021, -37.1244899 ], [ 146.5400098, -37.123554899999988 ], [ 146.540762699999988, -37.1171569 ], [ 146.530771499999986, -37.114726 ], [ 146.5394465, -37.1098499 ], [ 146.5373214, -37.1062179 ], [ 146.542743299999984, -37.106266 ], [ 146.547997899999984, -37.1012088 ], [ 146.5430187, -37.0976099 ], [ 146.5400401, -37.100381 ], [ 146.5361251, -37.0991049 ], [ 146.5325013, -37.1021893 ], [ 146.5338193, -37.1053839 ], [ 146.528667300000023, -37.1076793 ], [ 146.5238478, -37.1035809 ], [ 146.5216107, -37.1065769 ], [ 146.5099868, -37.1064819 ], [ 146.515859799999987, -37.1153099 ], [ 146.5138967, -37.119533 ], [ 146.508341699999988, -37.114911 ], [ 146.5022947, -37.1171059 ], [ 146.5018648, -37.1122519 ], [ 146.4926867, -37.109099 ], [ 146.490643799999987, -37.102154899999981 ], [ 146.4820158, -37.1058559 ], [ 146.4657948, -37.099675899999987 ], [ 146.465586699999989, -37.1106199 ], [ 146.458765799999981, -37.1130469 ], [ 146.4439248, -37.1047189 ], [ 146.4412798, -37.1072979 ], [ 146.432398799999987, -37.1073859 ], [ 146.426234699999981, -37.10058990000001 ], [ 146.4207508, -37.1026649 ], [ 146.419970799999987, -37.1064639 ], [ 146.3980258, -37.106358899999989 ], [ 146.3955288, -37.1108569 ], [ 146.4159798, -37.1141889 ], [ 146.4232878, -37.1203139 ], [ 146.4270718, -37.120043899999985 ], [ 146.4279728, -37.1162449 ], [ 146.4396298, -37.1193719 ], [ 146.4337098, -37.131274899999987 ], [ 146.434617799999984, -37.136449899999988 ], [ 146.417866799999985, -37.1390519 ] ] ], [ [ [ 145.8472104, -37.527984300000014 ], [ 145.8638209, -37.5321565 ], [ 145.879671299999984, -37.5251916 ], [ 145.8832802, -37.5269383 ], [ 145.877237799999989, -37.514256899999985 ], [ 145.879074799999984, -37.5112139 ], [ 145.8853248, -37.5129749 ], [ 145.88409679999998, -37.5062639 ], [ 145.8798888, -37.5048889 ], [ 145.877710799999988, -37.499164899999982 ], [ 145.881605800000017, -37.4921509 ], [ 145.872888800000027, -37.4936819 ], [ 145.8762068, -37.5078199 ], [ 145.8706798, -37.5134209 ], [ 145.873264799999987, -37.52496189999998 ], [ 145.868977799999982, -37.527429899999987 ], [ 145.8624898, -37.5181299 ], [ 145.858191799999986, -37.5171129 ], [ 145.8531008, -37.521186899999989 ], [ 145.847935799999988, -37.516416899999989 ], [ 145.847304799999989, -37.5237989 ], [ 145.836872, -37.5318944 ], [ 145.8472104, -37.527984300000014 ] ] ], [ [ [ 145.273748, -38.3622137 ], [ 145.277282099999979, -38.3789018 ], [ 145.2711517, -38.3830084 ], [ 145.276149799999985, -38.3856299 ], [ 145.2766619, -38.3917242 ], [ 145.271400199999988, -38.4013638 ], [ 145.2656438, -38.4028021 ], [ 145.2706096, -38.4043973 ], [ 145.269936799999982, -38.4088846 ], [ 145.281341199999986, -38.404359 ], [ 145.2753983, -38.3948753 ], [ 145.2827049, -38.3972723 ], [ 145.2871394, -38.3956372 ], [ 145.311062099999987, -38.4018971 ], [ 145.3197687, -38.4128406 ], [ 145.3247648, -38.4109839 ], [ 145.32933749999998, -38.4146743 ], [ 145.337187299999982, -38.4123679 ], [ 145.352557499999989, -38.4200354 ], [ 145.3614686, -38.4065076 ], [ 145.371094199999987, -38.4037554 ], [ 145.379005899999981, -38.409933 ], [ 145.379961399999985, -38.4070904 ], [ 145.3859493, -38.4067079 ], [ 145.384386899999981, -38.3997733 ], [ 145.3929286, -38.3943875 ], [ 145.390373, -38.3851158 ], [ 145.406092699999988, -38.3727498 ], [ 145.4145117, -38.370089899999975 ], [ 145.447953899999987, -38.370304899999987 ], [ 145.4590026, -38.3660839 ], [ 145.476257799999985, -38.3664418 ], [ 145.5034159, -38.3532799 ], [ 145.4900389, -38.3391448 ], [ 145.472557699999982, -38.3322989 ], [ 145.4595469, -38.3115719 ], [ 145.4523758, -38.3068428 ], [ 145.425558599999988, -38.3082139 ], [ 145.410866, -38.3044799 ], [ 145.3805518, -38.3135629 ], [ 145.3519988, -38.3112479 ], [ 145.3383858, -38.304413799999985 ], [ 145.330365699999987, -38.2923538 ], [ 145.2981327, -38.2819429 ], [ 145.289384, -38.2846519 ], [ 145.2888299, -38.292868899999981 ], [ 145.2915267, -38.2938309 ], [ 145.2872888, -38.2961578 ], [ 145.2864868, -38.302828 ], [ 145.2900098, -38.3028499 ], [ 145.285986899999983, -38.305618 ], [ 145.2916659, -38.307902 ], [ 145.2945918, -38.3058519 ], [ 145.2963608, -38.305695899999989 ], [ 145.2965859, -38.307817 ], [ 145.2975568, -38.3081789 ], [ 145.297591899999986, -38.3093269 ], [ 145.2953609, -38.311182 ], [ 145.2957068, -38.3057739 ], [ 145.292199899999986, -38.308149 ], [ 145.2882969, -38.308079 ], [ 145.287234899999987, -38.309609 ], [ 145.273748, -38.3622137 ] ] ] ] } }
]
}
